Lemmas sem equivalentes no dicionario do NT
Gerado em: 2026-08-17T21:24:37.937Z
Dicionario: src/_data/nt_greek-pt_dict.json
Origem: src/interlinear/nt
Total de lemmas unicos: 1381

lemma: ἅ
normalizado: ἅ
ocorrencias: 6
referencias: AP 1:19, AP 21:12, AP 5:6, CL 2:17, CL 2:22, HB 2:13

lemma: Ἀββαδών
normalizado: αββαδων
ocorrencias: 1
referencias: AP 9:11

lemma: ἀγάγωσιν
normalizado: αγαγωσιν
ocorrencias: 1
referencias: MC 13:11

lemma: ἀγαλλιώμεθα
normalizado: αγαλλιωμεθα
ocorrencias: 1
referencias: AP 19:7

lemma: ἀγαπητῇ
normalizado: αγαπητη
ocorrencias: 1
referencias: FM 1:2

lemma: ἀγαπητήν
normalizado: αγαπητην
ocorrencias: 1
referencias: RM 16:12

lemma: ἀγγείοις
normalizado: αγγειοις
ocorrencias: 1
referencias: MT 25:4

lemma: Ἁγίασον
normalizado: αγιασον
ocorrencias: 1
referencias: JO 17:17

lemma: ἀγνοείτω
normalizado: αγνοειτω
ocorrencias: 1
referencias: 1CO 14:38

lemma: ἀγομένους
normalizado: αγομενους
ocorrencias: 1
referencias: LC 21:12

lemma: ἀγοράσατε
normalizado: αγορασατε
ocorrencias: 1
referencias: MT 25:9

lemma: ἀγοράσει
normalizado: αγορασει
ocorrencias: 1
referencias: LC 22:36

lemma: ἀγοράσομεν
normalizado: αγορασομεν
ocorrencias: 1
referencias: JO 6:5

lemma: ἀγριέλαιος
normalizado: αγριελαιος
ocorrencias: 1
referencias: RM 11:17

lemma: ἀγριελαίου
normalizado: αγριελαιου
ocorrencias: 1
referencias: RM 11:24

lemma: ἀδιάλειπτος
normalizado: αδιαλειπτος
ocorrencias: 1
referencias: RM 9:2

lemma: ἀδιαφθορίαν
normalizado: αδιαφθοριαν
ocorrencias: 1
referencias: TT 2:7

lemma: ἀδικήσωσιν
normalizado: αδικησωσιν
ocorrencias: 1
referencias: AP 9:4

lemma: ἀδυνάτων
normalizado: αδυνατων
ocorrencias: 1
referencias: RM 15:1

lemma: ἀθά
normalizado: αθα
ocorrencias: 1
referencias: 1CO 16:22

lemma: Ἀθέτησις
normalizado: αθετησις
ocorrencias: 1
referencias: HB 7:18

lemma: αἵματα
normalizado: αιματα
ocorrencias: 1
referencias: AP 18:24

lemma: Αἱρετικὸν
normalizado: αιρετικον
ocorrencias: 1
referencias: TT 3:10

lemma: αἰτῆσθε
normalizado: αιτησθε
ocorrencias: 1
referencias: MC 11:24

lemma: αἰτήσομαι
normalizado: αιτησομαι
ocorrencias: 1
referencias: MC 6:24

lemma: αἰχμαλωτεύοντες
normalizado: αιχμαλωτευοντες
ocorrencias: 1
referencias: 2TM 3:6

lemma: ἀκάκων
normalizado: ακακων
ocorrencias: 1
referencias: RM 16:18

lemma: ἄκαρποι
normalizado: ακαρποι
ocorrencias: 1
referencias: TT 3:14

lemma: ἀκατάσχετον
normalizado: ακατασχετον
ocorrencias: 1
referencias: TG 3:8

lemma: Ἀκελδαμά
normalizado: ακελδαμα
ocorrencias: 1
referencias: AT 1:19

lemma: ἀκεραίους
normalizado: ακεραιους
ocorrencias: 1
referencias: RM 16:19

lemma: ἀκήκοα
normalizado: ακηκοα
ocorrencias: 1
referencias: AT 9:13

lemma: ἀκηκόασιν
normalizado: ακηκοασιν
ocorrencias: 1
referencias: RM 15:21

lemma: ἀκολουθήσωσιν
normalizado: ακολουθησωσιν
ocorrencias: 1
referencias: JO 10:5

lemma: ἀκούσω
normalizado: ακουσω
ocorrencias: 1
referencias: FP 1:27

lemma: ἀλαλήτοις
normalizado: αλαλητοις
ocorrencias: 1
referencias: RM 8:26

lemma: ἀλείψαντες
normalizado: αλειψαντες
ocorrencias: 1
referencias: TG 5:14

lemma: ἀλλοτριοεπίσκοπος
normalizado: αλλοτριοεπισκοπος
ocorrencias: 2
referencias: 1PE 4:15

lemma: ἀλλότριον
normalizado: αλλοτριον
ocorrencias: 2
referencias: RM 14:4, RM 15:20

lemma: Ἁμαρτήσομεν
normalizado: αμαρτησομεν
ocorrencias: 1
referencias: RM 6:15

lemma: ἁμαρτωλὸν
normalizado: αμαρτωλον
ocorrencias: 1
referencias: TG 5:20

lemma: ἀμάχους
normalizado: αμαχους
ocorrencias: 1
referencias: TT 3:2

lemma: ἀμέθυσος
normalizado: αμεθυσος
ocorrencias: 1
referencias: AP 21:20

lemma: ἀμελήσω
normalizado: αμελησω
ocorrencias: 1
referencias: 2PE 1:12

lemma: Ἀμεταμέλητα
normalizado: αμεταμελητα
ocorrencias: 1
referencias: RM 11:29

lemma: ἀμησάντων
normalizado: αμησαντων
ocorrencias: 1
referencias: TG 5:4

lemma: Ἀμπλίαν
normalizado: αμπλιαν
ocorrencias: 1
referencias: RM 16:8

lemma: ἀμώμητα
normalizado: αμωμητα
ocorrencias: 1
referencias: FP 2:15

lemma: ἀναβήσεται
normalizado: αναβησεται
ocorrencias: 1
referencias: RM 10:6

lemma: ἀναβλέψαι
normalizado: αναβλεψαι
ocorrencias: 1
referencias: MC 8:25

lemma: ἀναβοήσας
normalizado: αναβοησας
ocorrencias: 1
referencias: MC 15:8

lemma: ἀνάγγειλον
normalizado: αναγγειλον
ocorrencias: 1
referencias: MC 5:19

lemma: ἀναγγελῶ
normalizado: αναγγελω
ocorrencias: 1
referencias: JO 16:25

lemma: ἀναγινώσκεται
normalizado: αναγινωσκεται
ocorrencias: 1
referencias: 2CO 3:15

lemma: ἀναγκαίας
normalizado: αναγκαιας
ocorrencias: 1
referencias: TT 3:14

lemma: Ἀναγνόντες
normalizado: αναγνοντες
ocorrencias: 1
referencias: AT 15:31

lemma: ἀνακαινώσει
normalizado: ανακαινωσει
ocorrencias: 1
referencias: RM 12:2

lemma: ἀνακαινώσεως
normalizado: ανακαινωσεως
ocorrencias: 1
referencias: TT 3:5

lemma: ἀνακείμενον
normalizado: ανακειμενον
ocorrencias: 1
referencias: MC 5:40

lemma: ἀνάκειται
normalizado: ανακειται
ocorrencias: 1
referencias: LC 7:37

lemma: ἀνακεφαλαιοῦται
normalizado: ανακεφαλαιουται
ocorrencias: 1
referencias: RM 13:9

lemma: ἀνακύψας
normalizado: ανακυψας
ocorrencias: 1
referencias: JO 8:7

lemma: Ἀνακύψας
normalizado: ανακυψας
ocorrencias: 1
referencias: JO 8:10

lemma: ἀναληφθεὶς
normalizado: αναληφθεις
ocorrencias: 1
referencias: AT 1:11

lemma: ἀναλήψεως
normalizado: αναληψεως
ocorrencias: 1
referencias: LC 9:51

lemma: ἀναλογίαν
normalizado: αναλογιαν
ocorrencias: 1
referencias: RM 12:6

lemma: Ἀναλογίσασθε
normalizado: αναλογισασθε
ocorrencias: 1
referencias: HB 12:3

lemma: ἀναλώσει
normalizado: αναλωσει
ocorrencias: 1
referencias: 2TS 2:8

lemma: ἀναπαύσωνται
normalizado: αναπαυσωνται
ocorrencias: 2
referencias: AP 14:13, AP 6:11

lemma: ἀναπεσὼν
normalizado: αναπεσων
ocorrencias: 1
referencias: JO 13:12

lemma: ἀναπήρους
normalizado: αναπηρους
ocorrencias: 2
referencias: LC 14:13, LC 14:21

lemma: ἀναπληρώσατε
normalizado: αναπληρωσατε
ocorrencias: 1
referencias: GL 6:2

lemma: ἀναστήσειν
normalizado: αναστησειν
ocorrencias: 1
referencias: AT 2:30

lemma: Ἀναφανέντες
normalizado: αναφανεντες
ocorrencias: 1
referencias: AT 21:3

lemma: ἀνάψαντες
normalizado: αναψαντες
ocorrencias: 1
referencias: AT 28:2

lemma: Ἀνδρόνικον
normalizado: ανδρονικον
ocorrencias: 1
referencias: RM 16:7

lemma: ἀνεβάλετο
normalizado: ανεβαλετο
ocorrencias: 1
referencias: AT 24:22

lemma: ἀνείλετε
normalizado: ανειλετε
ocorrencias: 1
referencias: AT 2:23

lemma: ἀνείλετο
normalizado: ανειλετο
ocorrencias: 1
referencias: AT 7:21

lemma: ἀνεῖλον
normalizado: ανειλον
ocorrencias: 1
referencias: AT 10:39

lemma: ἀνεκλίθη
normalizado: ανεκλιθη
ocorrencias: 1
referencias: LC 7:36

lemma: ἀνέκλιναν
normalizado: ανεκλιναν
ocorrencias: 1
referencias: LC 9:15

lemma: ἀνελήφθη
normalizado: ανεληφθη
ocorrencias: 5
referencias: 1TM 3:16, AT 10:16, AT 1:2, AT 1:22, MC 16:19

lemma: ἀνεξερεύνητα
normalizado: ανεξερευνητα
ocorrencias: 1
referencias: RM 11:33

lemma: ἀνεξιχνίαστοι
normalizado: ανεξιχνιαστοι
ocorrencias: 1
referencias: RM 11:33

lemma: ἀνέπεσον
normalizado: ανεπεσον
ocorrencias: 1
referencias: MC 6:40

lemma: Ἀνέπεσον
normalizado: ανεπεσον
ocorrencias: 1
referencias: JO 6:10

lemma: ἀνεπίληπτοι
normalizado: ανεπιληπτοι
ocorrencias: 1
referencias: 1TM 5:7

lemma: ἀνεπίληπτον
normalizado: ανεπιληπτον
ocorrencias: 2
referencias: 1TM 3:2, 1TM 6:14

lemma: ἀνέστρεψεν
normalizado: ανεστρεψεν
ocorrencias: 1
referencias: JO 2:15

lemma: ἀνευρόντες
normalizado: ανευροντες
ocorrencias: 1
referencias: AT 21:4

lemma: ἀνεῳγμένη
normalizado: ανεωγμενη
ocorrencias: 1
referencias: AP 4:1

lemma: ἀνεῳγμένην
normalizado: ανεωγμενην
ocorrencias: 1
referencias: AP 3:8

lemma: ἀνεῳγμένους
normalizado: ανεωγμενους
ocorrencias: 1
referencias: AT 7:56

lemma: ἀνήκοντα
normalizado: ανηκοντα
ocorrencias: 1
referencias: EF 5:4

lemma: Ἀνῆλθεν
normalizado: ανηλθεν
ocorrencias: 1
referencias: JO 6:3

lemma: ἀνθέστηκεν
normalizado: ανθεστηκεν
ocorrencias: 3
referencias: 2TM 4:15, RM 13:2, RM 9:19

lemma: ἀνθεστηκότες
normalizado: ανθεστηκοτες
ocorrencias: 1
referencias: RM 13:2

lemma: ἄνθρακας
normalizado: ανθρακας
ocorrencias: 1
referencias: RM 12:20

lemma: ἀνθυπατεύοντος
normalizado: ανθυπατευοντος
ocorrencias: 1
referencias: AT 18:12

lemma: ἀνιστάμενος
normalizado: ανισταμενος
ocorrencias: 1
referencias: RM 15:12

lemma: ἀνοιχθῶσιν
normalizado: ανοιχθωσιν
ocorrencias: 1
referencias: MT 20:33

lemma: ἀνταποκρινόμενος
normalizado: ανταποκρινομενος
ocorrencias: 1
referencias: RM 9:20

lemma: ἀντικρὺ
normalizado: αντικρυ
ocorrencias: 1
referencias: AT 20:15

lemma: ἀντιλέγοντα
normalizado: αντιλεγοντα
ocorrencias: 1
referencias: RM 10:21

lemma: ἀντιλήψεις
normalizado: αντιληψεις
ocorrencias: 1
referencias: 1CO 12:28

lemma: ἀντιπέραν
normalizado: αντιπεραν
ocorrencias: 1
referencias: LC 8:26

lemma: ἀντιτασσόμενος
normalizado: αντιτασσομενος
ocorrencias: 1
referencias: RM 13:2

lemma: Ἀντιτασσομένων
normalizado: αντιτασσομενων
ocorrencias: 1
referencias: AT 18:6

lemma: ἀνώγεον
normalizado: ανωγεον
ocorrencias: 2
referencias: LC 22:12, MC 14:15

lemma: ἀνωφελεῖς
normalizado: ανωφελεις
ocorrencias: 1
referencias: TT 3:9

lemma: ἀπαγάγετε
normalizado: απαγαγετε
ocorrencias: 1
referencias: MC 14:44

lemma: ἀπαγγέλλουσα
normalizado: απαγγελλουσα
ocorrencias: 1
referencias: JO 20:18

lemma: ἀπαντῆσαι
normalizado: απαντησαι
ocorrencias: 2
referencias: AT 16:16, LC 14:31

lemma: ἀπαρνήσωμαι
normalizado: απαρνησωμαι
ocorrencias: 2
referencias: MC 14:31, MT 26:35

lemma: ἅπασιν
normalizado: απασιν
ocorrencias: 1
referencias: LC 3:16

lemma: ἀπατηθεῖσα
normalizado: απατηθεισα
ocorrencias: 1
referencias: 1TM 2:14

lemma: ἀπάτωρ
normalizado: απατωρ
ocorrencias: 1
referencias: HB 7:3

lemma: ἀπεδέχθησαν
normalizado: απεδεχθησαν
ocorrencias: 1
referencias: AT 15:4

lemma: ἀπέδοτο
normalizado: απεδοτο
ocorrencias: 1
referencias: HB 12:16

lemma: ἀπειθείᾳ
normalizado: απειθεια
ocorrencias: 1
referencias: RM 11:30

lemma: ἀπειθοῦντα
normalizado: απειθουντα
ocorrencias: 1
referencias: RM 10:21

lemma: ἀπειλῇ
normalizado: απειλη
ocorrencias: 1
referencias: AT 4:17

lemma: ἀπειλησόμεθα
normalizado: απειλησομεθα
ocorrencias: 1
referencias: AT 4:17

lemma: ἀπεκδέχεται
normalizado: απεκδεχεται
ocorrencias: 1
referencias: RM 8:19

lemma: ἀπεκδεχόμενοι
normalizado: απεκδεχομενοι
ocorrencias: 1
referencias: RM 8:23

lemma: ἀπέκρυψεν
normalizado: απεκρυψεν
ocorrencias: 1
referencias: MT 25:18

lemma: ἀπέλειχον
normalizado: απελειχον
ocorrencias: 1
referencias: LC 16:21

lemma: ἀπελεύσομαι
normalizado: απελευσομαι
ocorrencias: 1
referencias: RM 15:28

lemma: ἀπελεύσονται
normalizado: απελευσονται
ocorrencias: 1
referencias: MT 25:46

lemma: Ἀπελλῆν
normalizado: απελλην
ocorrencias: 1
referencias: RM 16:10

lemma: ἀπέπεσον
normalizado: απεπεσον
ocorrencias: 1
referencias: AT 9:18

lemma: ἀπέπλυναν
normalizado: απεπλυναν
ocorrencias: 1
referencias: LC 5:2

lemma: Ἀπερχομένων
normalizado: απερχομενων
ocorrencias: 1
referencias: MT 25:10

lemma: Ἀπεστάλκαμεν
normalizado: απεσταλκαμεν
ocorrencias: 1
referencias: AT 15:27

lemma: Ἀπεστάλκασιν
normalizado: απεσταλκασιν
ocorrencias: 1
referencias: AT 16:36

lemma: ἀπέσταλμαι
normalizado: απεσταλμαι
ocorrencias: 1
referencias: LC 4:43

lemma: ἀπεστερημένος
normalizado: απεστερημενος
ocorrencias: 1
referencias: TG 5:4

lemma: ἀπέστρεψεν
normalizado: απεστρεψεν
ocorrencias: 1
referencias: MT 27:3

lemma: ἀπετάξατο
normalizado: απεταξατο
ocorrencias: 1
referencias: AT 18:21

lemma: Ἀπέχω
normalizado: απεχω
ocorrencias: 1
referencias: FP 4:18

lemma: ἀπήντησεν
normalizado: απηντησεν
ocorrencias: 2
referencias: MC 5:2, MT 28:9

lemma: ἀπίδω
normalizado: απιδω
ocorrencias: 1
referencias: FP 2:23

lemma: ἀποβάλλειν
normalizado: αποβαλλειν
ocorrencias: 1
referencias: AP 3:2

lemma: ἀποδημῶν
normalizado: αποδημων
ocorrencias: 1
referencias: MT 25:14

lemma: ἀποδιδοὺς
normalizado: αποδιδους
ocorrencias: 1
referencias: AP 22:2

lemma: ἀποδῴη
normalizado: αποδωη
ocorrencias: 1
referencias: 2TM 4:14

lemma: ἀποθανόντες
normalizado: αποθανοντες
ocorrencias: 1
referencias: RM 7:6

lemma: ἀποθανοῦνται
normalizado: αποθανουνται
ocorrencias: 1
referencias: MT 26:52

lemma: ἀποθνῄσκωμεν
normalizado: αποθνησκωμεν
ocorrencias: 2
referencias: RM 14:8

lemma: ἀποθώμεθα
normalizado: αποθωμεθα
ocorrencias: 1
referencias: RM 13:12

lemma: ἀποκαθιστᾷ
normalizado: αποκαθιστα
ocorrencias: 1
referencias: MC 9:12

lemma: ἀποκαραδοκία
normalizado: αποκαραδοκια
ocorrencias: 1
referencias: RM 8:19

lemma: Ἀποκριθὲν
normalizado: αποκριθεν
ocorrencias: 1
referencias: AT 19:15

lemma: ἀποκριθήσεται
normalizado: αποκριθησεται
ocorrencias: 1
referencias: MT 25:45

lemma: ἀποκριθήσονται
normalizado: αποκριθησονται
ocorrencias: 2
referencias: MT 25:37, MT 25:44

lemma: ἀποκτένεσθαι
normalizado: αποκτενεσθαι
ocorrencias: 1
referencias: AP 6:11

lemma: ἀποκτένοντες
normalizado: αποκτενοντες
ocorrencias: 1
referencias: MC 12:5

lemma: ἀποκτένουσα
normalizado: αποκτενουσα
ocorrencias: 2
referencias: LC 13:34, MT 23:37

lemma: ἀπολαβεῖν
normalizado: απολαβειν
ocorrencias: 1
referencias: LC 6:34

lemma: ἀπολαμβάνειν
normalizado: απολαμβανειν
ocorrencias: 1
referencias: 3JO 1:8

lemma: ἀπολέσωμεν
normalizado: απολεσωμεν
ocorrencias: 1
referencias: 2JO 1:8

lemma: ἀπόλλυε
normalizado: απολλυε
ocorrencias: 1
referencias: RM 14:15

lemma: ἀπολύσητε
normalizado: απολυσητε
ocorrencias: 1
referencias: LC 22:68

lemma: ἀπορρίψαντας
normalizado: απορριψαντας
ocorrencias: 1
referencias: AT 27:43

lemma: ἀποσταλῶσιν
normalizado: αποσταλωσιν
ocorrencias: 1
referencias: RM 10:15

lemma: ἀποστρέψει
normalizado: αποστρεψει
ocorrencias: 1
referencias: RM 11:26

lemma: Ἀποστυγοῦντες
normalizado: αποστυγουντες
ocorrencias: 1
referencias: RM 12:9

lemma: Ἀποσυναγώγους
normalizado: αποσυναγωγους
ocorrencias: 1
referencias: JO 16:2

lemma: ἀποτινάξατε
normalizado: αποτιναξατε
ocorrencias: 1
referencias: LC 9:5

lemma: ἀποτολμᾷ
normalizado: αποτολμα
ocorrencias: 1
referencias: RM 10:20

lemma: ἀποτομίαν
normalizado: αποτομιαν
ocorrencias: 2
referencias: RM 11:22

lemma: ἀποφυγόντας
normalizado: αποφυγοντας
ocorrencias: 1
referencias: 2PE 2:18

lemma: ἀπροσωπολήπτως
normalizado: απροσωποληπτως
ocorrencias: 1
referencias: 1PE 1:17

lemma: ἄργυρος
normalizado: αργυρος
ocorrencias: 1
referencias: TG 5:3

lemma: ἀρέσαι
normalizado: αρεσαι
ocorrencias: 1
referencias: RM 8:8

lemma: ἀρεσάσης
normalizado: αρεσασης
ocorrencias: 1
referencias: MC 6:22

lemma: ἀρέσει
normalizado: αρεσει
ocorrencias: 3
referencias: 1CO 7:32, 1CO 7:33, 1CO 7:34

lemma: ἀρεσκέτω
normalizado: αρεσκετω
ocorrencias: 1
referencias: RM 15:2

lemma: ἀρετῆς
normalizado: αρετης
ocorrencias: 1
referencias: 2PE 1:3

lemma: Ἀριστοβούλου
normalizado: αριστοβουλου
ocorrencias: 1
referencias: RM 16:10

lemma: ἀρκέσῃ
normalizado: αρκεση
ocorrencias: 1
referencias: MT 25:9

lemma: Ἁρμαγεδών
normalizado: αρμαγεδων
ocorrencias: 1
referencias: AP 16:16

lemma: ἀρνούμεθα
normalizado: αρνουμεθα
ocorrencias: 1
referencias: 2TM 2:12

lemma: ἀρξάμενον
normalizado: αρξαμενον
ocorrencias: 2
referencias: AT 10:37, LC 24:47

lemma: ἄρρενα
normalizado: αρρενα
ocorrencias: 2
referencias: AP 12:13, AP 12:5

lemma: ἄρρενες
normalizado: αρρενες
ocorrencias: 1
referencias: RM 1:27

lemma: Ἀρτεμᾶν
normalizado: αρτεμαν
ocorrencias: 1
referencias: TT 3:12

lemma: ἀρτέμονα
normalizado: αρτεμονα
ocorrencias: 1
referencias: AT 27:40

lemma: ἀρχαῖον
normalizado: αρχαιον
ocorrencias: 1
referencias: AP 20:2

lemma: ἀσεβεῖν
normalizado: ασεβειν
ocorrencias: 1
referencias: 2PE 2:6

lemma: ἀσθενήματα
normalizado: ασθενηματα
ocorrencias: 1
referencias: RM 15:1

lemma: ἀσθενοῦσιν
normalizado: ασθενουσιν
ocorrencias: 1
referencias: 1CO 8:9

lemma: Ἀσπάζομαι
normalizado: ασπαζομαι
ocorrencias: 1
referencias: RM 16:22

lemma: ἀσπόνδους
normalizado: ασπονδους
ocorrencias: 1
referencias: RM 1:31

lemma: Ἀσσάρωνα
normalizado: ασσαρωνα
ocorrencias: 1
referencias: AT 9:35

lemma: ἀστραπτούσαις
normalizado: αστραπτουσαις
ocorrencias: 1
referencias: LC 24:4

lemma: Ἀσύγκριτον
normalizado: ασυγκριτον
ocorrencias: 1
referencias: RM 16:14

lemma: ἀσυνέτῳ
normalizado: ασυνετω
ocorrencias: 1
referencias: RM 10:19

lemma: αὐξάνοντα
normalizado: αυξανοντα
ocorrencias: 1
referencias: MC 4:8

lemma: αὐξήσαι
normalizado: αυξησαι
ocorrencias: 1
referencias: 2CO 9:10

lemma: αὐτοκατάκριτος
normalizado: αυτοκατακριτος
ocorrencias: 1
referencias: TT 3:11

lemma: αὐτοφόρῳ
normalizado: αυτοφορω
ocorrencias: 1
referencias: JO 8:4

lemma: ἀφ
normalizado: αφ
ocorrencias: 40
referencias: 1CO 14:36, 1PE 4:17, 1TS 2:17, 1TS 2:6, 1TS 3:6, 2CO 10:7, 2CO 2:3, 2CO 3:5, AP 16:18, AT 15:7, AT 1:11, AT 1:22, AT 20:18, AT 24:11, CL 1:6, CL 1:9, EF 4:31, GL 3:2, HB 11:12, HB 11:15, HB 5:8, HB 7:13, JO 11:51, JO 15:4, JO 16:13, JO 16:22, JO 5:19, JO 7:18, LC 12:57, LC 21:30, LC 24:21, LC 7:45, LC 8:2, LC 8:35, LC 8:38, MC 16:9, MT 21:43, TG 4:7, TG 5:4

lemma: Ἀφ
normalizado: αφ
ocorrencias: 4
referencias: 1TS 1:8, 2PE 3:4, JO 18:34, LC 13:25

lemma: ἀφέλοι
normalizado: αφελοι
ocorrencias: 1
referencias: AP 22:19

lemma: ἀφέλωμαι
normalizado: αφελωμαι
ocorrencias: 1
referencias: RM 11:27

lemma: ἀφῆκας
normalizado: αφηκας
ocorrencias: 1
referencias: AP 2:4

lemma: ἀφίκετο
normalizado: αφικετο
ocorrencias: 1
referencias: RM 16:19

lemma: Ἀφίστασο
normalizado: αφιστασο
ocorrencias: 1
referencias: 1TM 6:5

lemma: ἀφοριεῖ
normalizado: αφοριει
ocorrencias: 1
referencias: MT 25:32

lemma: ἀφορίζει
normalizado: αφοριζει
ocorrencias: 1
referencias: MT 25:32

lemma: ἀφορῶντες
normalizado: αφορωντες
ocorrencias: 1
referencias: HB 12:2

lemma: Ἄφρον
normalizado: αφρον
ocorrencias: 2
referencias: 1CO 15:36, LC 12:20

lemma: ἀχρεῖον
normalizado: αχρειον
ocorrencias: 1
referencias: MT 25:30

lemma: Ἁψάντων
normalizado: αψαντων
ocorrencias: 1
referencias: LC 22:55

lemma: Βάαλ
normalizado: βααλ
ocorrencias: 1
referencias: RM 11:4

lemma: βαθέος
normalizado: βαθεος
ocorrencias: 1
referencias: LC 24:1

lemma: βαλάντια
normalizado: βαλαντια
ocorrencias: 1
referencias: LC 12:33

lemma: βαλάντιον
normalizado: βαλαντιον
ocorrencias: 2
referencias: LC 10:4, LC 22:36

lemma: βαλαντίου
normalizado: βαλαντιου
ocorrencias: 1
referencias: LC 22:35

lemma: βαπτίσματι
normalizado: βαπτισματι
ocorrencias: 1
referencias: CL 2:12

lemma: βαπτισμῶν
normalizado: βαπτισμων
ocorrencias: 1
referencias: HB 6:2

lemma: Βαρϊησοῦς
normalizado: βαριησους
ocorrencias: 1
referencias: AT 13:6

lemma: Βαρσαβᾶν
normalizado: βαρσαβαν
ocorrencias: 1
referencias: AT 1:23

lemma: βασανισθῶσιν
normalizado: βασανισθωσιν
ocorrencias: 1
referencias: AP 9:5

lemma: βαστάζεις
normalizado: βασταζεις
ocorrencias: 1
referencias: RM 11:18

lemma: βαστάσασιν
normalizado: βαστασασιν
ocorrencias: 1
referencias: MT 20:12

lemma: βεβαιῶσαι
normalizado: βεβαιωσαι
ocorrencias: 1
referencias: RM 15:8

lemma: βέβληκεν
normalizado: βεβληκεν
ocorrencias: 1
referencias: MC 12:43

lemma: Βηθεσδά
normalizado: βηθεσδα
ocorrencias: 1
referencias: JO 5:2

lemma: Βηθσφαγὴ
normalizado: βηθσφαγη
ocorrencias: 3
referencias: LC 19:29, MC 11:1, MT 21:1

lemma: βήματι
normalizado: βηματι
ocorrencias: 1
referencias: RM 14:10

lemma: βιβλιδάριον
normalizado: βιβλιδαριον
ocorrencias: 2
referencias: AP 10:8, AP 10:9

lemma: βλαστάνῃ
normalizado: βλαστανη
ocorrencias: 1
referencias: MC 4:27

lemma: βλασφημείσθω
normalizado: βλασφημεισθω
ocorrencias: 1
referencias: RM 14:16

lemma: βλασφημούμενοι
normalizado: βλασφημουμενοι
ocorrencias: 1
referencias: 1CO 4:13

lemma: βλεπομένη
normalizado: βλεπομενη
ocorrencias: 1
referencias: RM 8:24

lemma: βοαὶ
normalizado: βοαι
ocorrencias: 1
referencias: TG 5:4

lemma: Βοανεργές
normalizado: βοανεργες
ocorrencias: 1
referencias: MC 3:17

lemma: βοσκομένων
normalizado: βοσκομενων
ocorrencias: 1
referencias: LC 8:32

lemma: βουλεύεται
normalizado: βουλευεται
ocorrencias: 1
referencias: LC 14:31

lemma: βουλευόμενος
normalizado: βουλευομενος
ocorrencias: 1
referencias: 2CO 1:17

lemma: Βουληθεὶς
normalizado: βουληθεις
ocorrencias: 1
referencias: TG 1:18

lemma: βουλήματι
normalizado: βουληματι
ocorrencias: 1
referencias: RM 9:19

lemma: βρέξαι
normalizado: βρεξαι
ocorrencias: 1
referencias: TG 5:17

lemma: βρώματί
normalizado: βρωματι
ocorrencias: 1
referencias: RM 14:15

lemma: βρώματος
normalizado: βρωματος
ocorrencias: 1
referencias: RM 14:20

lemma: γαμηθῇ
normalizado: γαμηθη
ocorrencias: 1
referencias: MC 10:12

lemma: γεγενημένα
normalizado: γεγενημενα
ocorrencias: 1
referencias: 2PE 2:12

lemma: γεγενῆσθαι
normalizado: γεγενησθαι
ocorrencias: 1
referencias: RM 15:8

lemma: γεγένησθε
normalizado: γεγενησθε
ocorrencias: 2
referencias: 1TS 2:8, AT 7:52

lemma: γεγραμμένη
normalizado: γεγραμμενη
ocorrencias: 1
referencias: LC 23:38

lemma: Γεθσημανῆ
normalizado: γεθσημανη
ocorrencias: 2
referencias: MC 14:32, MT 26:36

lemma: γεμίσαι
normalizado: γεμισαι
ocorrencias: 1
referencias: LC 15:16

lemma: γενεαλογίας
normalizado: γενεαλογιας
ocorrencias: 1
referencias: TT 3:9

lemma: γεννηθέντων
normalizado: γεννηθεντων
ocorrencias: 1
referencias: RM 9:11

lemma: γεννήματος
normalizado: γεννηματος
ocorrencias: 1
referencias: MT 26:29

lemma: γήμῃς
normalizado: γημης
ocorrencias: 1
referencias: 1CO 7:28

lemma: γίνονται
normalizado: γινονται
ocorrencias: 1
referencias: MC 6:2

lemma: γινώσκομαι
normalizado: γινωσκομαι
ocorrencias: 1
referencias: JO 10:14

lemma: γινώσκουσιν
normalizado: γινωσκουσιν
ocorrencias: 1
referencias: RM 7:1

lemma: γνωριοῦσιν
normalizado: γνωριουσιν
ocorrencias: 1
referencias: CL 4:9

lemma: γνωρίσῃ
normalizado: γνωριση
ocorrencias: 1
referencias: RM 9:23

lemma: Γνωστὰ
normalizado: γνωστα
ocorrencias: 1
referencias: AT 15:18

lemma: γράφει
normalizado: γραφει
ocorrencias: 1
referencias: RM 10:5

lemma: γράψαντες
normalizado: γραψαντες
ocorrencias: 1
referencias: AT 15:23

lemma: γυμνητεύομεν
normalizado: γυμνητευομεν
ocorrencias: 1
referencias: 1CO 4:11

lemma: γυμνότης
normalizado: γυμνοτης
ocorrencias: 1
referencias: RM 8:35

lemma: δαίμονος
normalizado: δαιμονος
ocorrencias: 1
referencias: LC 8:29

lemma: δαιμόνων
normalizado: δαιμονων
ocorrencias: 1
referencias: AP 18:2

lemma: δανείζετε
normalizado: δανειζετε
ocorrencias: 1
referencias: LC 6:35

lemma: δανείζητε
normalizado: δανειζητε
ocorrencias: 1
referencias: LC 6:34

lemma: δανείζουσιν
normalizado: δανειζουσιν
ocorrencias: 1
referencias: LC 6:34

lemma: δανειστῇ
normalizado: δανειστη
ocorrencias: 1
referencias: LC 7:41

lemma: δεδωκότι
normalizado: δεδωκοτι
ocorrencias: 1
referencias: AP 13:4

lemma: δεκαδύο
normalizado: δεκαδυο
ocorrencias: 2
referencias: AT 19:7, AT 24:11

lemma: δευτεροπρώτῳ
normalizado: δευτεροπρωτω
ocorrencias: 1
referencias: LC 6:1

lemma: δήπου
normalizado: δηπου
ocorrencias: 1
referencias: HB 2:16

lemma: διαβεβαιοῦσθαι
normalizado: διαβεβαιουσθαι
ocorrencias: 1
referencias: TT 3:8

lemma: διαγγελῇ
normalizado: διαγγελη
ocorrencias: 1
referencias: RM 9:17

lemma: διάγοντες
normalizado: διαγοντες
ocorrencias: 1
referencias: TT 3:3

lemma: διάκονον
normalizado: διακονον
ocorrencias: 3
referencias: 1TS 3:2, RM 15:8, RM 16:1

lemma: διακρινόμενοι
normalizado: διακρινομενοι
ocorrencias: 1
referencias: JD 1:22

lemma: διακρινόμενον
normalizado: διακρινομενον
ocorrencias: 1
referencias: AT 11:12

lemma: Διαμερισθήσεται
normalizado: διαμερισθησεται
ocorrencias: 1
referencias: LC 12:53

lemma: διανοίγων
normalizado: διανοιγων
ocorrencias: 1
referencias: AT 17:3

lemma: διαπορεῖσθαι
normalizado: διαπορεισθαι
ocorrencias: 1
referencias: LC 24:4

lemma: διαπορευόμενος
normalizado: διαπορευομενος
ocorrencias: 1
referencias: RM 15:24

lemma: διαρπάσῃ
normalizado: διαρπαση
ocorrencias: 1
referencias: MC 3:27

lemma: διασκορπισθήσεται
normalizado: διασκορπισθησεται
ocorrencias: 2
referencias: MC 14:27, MT 26:31

lemma: διασώσωσιν
normalizado: διασωσωσιν
ocorrencias: 1
referencias: AT 23:24

lemma: διαταγῇ
normalizado: διαταγη
ocorrencias: 1
referencias: RM 13:2

lemma: διαταξάμενός
normalizado: διαταξαμενος
ocorrencias: 1
referencias: AT 24:23

lemma: Διατρίψας
normalizado: διατριψας
ocorrencias: 1
referencias: AT 25:6

lemma: διάφορα
normalizado: διαφορα
ocorrencias: 1
referencias: RM 12:6

lemma: διεγείρουσιν
normalizado: διεγειρουσιν
ocorrencias: 1
referencias: MC 4:38

lemma: διεδίδοτο
normalizado: διεδιδοτο
ocorrencias: 1
referencias: AT 4:35

lemma: διελέχθη
normalizado: διελεχθη
ocorrencias: 1
referencias: AT 18:19

lemma: διεμαρτύρετο
normalizado: διεμαρτυρετο
ocorrencias: 1
referencias: AT 2:40

lemma: διεξελθοῦσα
normalizado: διεξελθουσα
ocorrencias: 1
referencias: AT 28:3

lemma: διεπραγματεύσατο
normalizado: διεπραγματευσατο
ocorrencias: 1
referencias: LC 19:15

lemma: διερμηνεύει
normalizado: διερμηνευει
ocorrencias: 1
referencias: 1CO 14:5

lemma: διερρήγνυτο
normalizado: διερρηγνυτο
ocorrencias: 1
referencias: LC 5:6

lemma: διεσκόρπισα
normalizado: διεσκορπισα
ocorrencias: 1
referencias: MT 25:26

lemma: διεσκόρπισας
normalizado: διεσκορπισας
ocorrencias: 1
referencias: MT 25:24

lemma: διεφθάρη
normalizado: διεφθαρη
ocorrencias: 1
referencias: AP 8:9

lemma: διέφθειρεν
normalizado: διεφθειρεν
ocorrencias: 1
referencias: AP 19:2

lemma: διηγείρετο
normalizado: διηγειρετο
ocorrencias: 1
referencias: JO 6:18

lemma: διηκονήσαμέν
normalizado: διηκονησαμεν
ocorrencias: 1
referencias: MT 25:44

lemma: διηρμήνευεν
normalizado: διηρμηνευεν
ocorrencias: 1
referencias: LC 24:27

lemma: δικαιοῦν
normalizado: δικαιουν
ocorrencias: 1
referencias: LC 10:29

lemma: Διοδεύσαντες
normalizado: διοδευσαντες
ocorrencias: 1
referencias: AT 17:1

lemma: διορυγῆναι
normalizado: διορυγηναι
ocorrencias: 2
referencias: LC 12:39, MT 24:43

lemma: διχοστασίας
normalizado: διχοστασιας
ocorrencias: 1
referencias: RM 16:17

lemma: διψήσῃ
normalizado: διψηση
ocorrencias: 2
referencias: JO 4:14, JO 6:35

lemma: διψῶντα
normalizado: διψωντα
ocorrencias: 2
referencias: MT 25:37, MT 25:44

lemma: διώκοντα
normalizado: διωκοντα
ocorrencias: 1
referencias: RM 9:30

lemma: διώκοντας
normalizado: διωκοντας
ocorrencias: 1
referencias: RM 12:14

lemma: διώκοντες
normalizado: διωκοντες
ocorrencias: 1
referencias: RM 12:13

lemma: διώκωμεν
normalizado: διωκωμεν
ocorrencias: 1
referencias: RM 14:19

lemma: δοκιμάζει
normalizado: δοκιμαζει
ocorrencias: 1
referencias: RM 14:22

lemma: δοξάζητε
normalizado: δοξαζητε
ocorrencias: 1
referencias: RM 15:6

lemma: δοξάζω
normalizado: δοξαζω
ocorrencias: 2
referencias: JO 8:54, RM 11:13

lemma: δοξάσαι
normalizado: δοξασαι
ocorrencias: 1
referencias: RM 15:9

lemma: δουλεύουσιν
normalizado: δουλευουσιν
ocorrencias: 1
referencias: RM 16:18

lemma: δουλεύσει
normalizado: δουλευσει
ocorrencias: 1
referencias: RM 9:12

lemma: δουλεύσωσιν
normalizado: δουλευσωσιν
ocorrencias: 1
referencias: AT 7:7

lemma: δυσεντερίᾳ
normalizado: δυσεντερια
ocorrencias: 1
referencias: AT 28:8

lemma: δώσωσιν
normalizado: δωσωσιν
ocorrencias: 1
referencias: AP 13:16

lemma: ἐάσατε
normalizado: εασατε
ocorrencias: 1
referencias: AT 5:38

lemma: ἑαυταῖς
normalizado: εαυταις
ocorrencias: 1
referencias: MT 25:9

lemma: ἐβαπτίσαντο
normalizado: εβαπτισαντο
ocorrencias: 1
referencias: 1CO 10:2

lemma: Ἔβλεπον
normalizado: εβλεπον
ocorrencias: 1
referencias: JO 13:22

lemma: ἐβουλεύσατο
normalizado: εβουλευσατο
ocorrencias: 1
referencias: AT 15:37

lemma: ἐβόων
normalizado: εβοων
ocorrencias: 1
referencias: AT 21:34

lemma: ἐγγεγραμμένη
normalizado: εγγεγραμμενη
ocorrencias: 2
referencias: 2CO 3:2, 2CO 3:3

lemma: ἐγγύτερον
normalizado: εγγυτερον
ocorrencias: 1
referencias: RM 13:11

lemma: ἐγείρου
normalizado: εγειρου
ocorrencias: 1
referencias: LC 8:54

lemma: ἐγκαθέτους
normalizado: εγκαθετους
ocorrencias: 1
referencias: LC 20:20

lemma: Ἐγκαίνια
normalizado: εγκαινια
ocorrencias: 1
referencias: JO 10:22

lemma: ἐγκαλέσει
normalizado: εγκαλεσει
ocorrencias: 1
referencias: RM 8:33

lemma: ἐγκαταλείπω
normalizado: εγκαταλειπω
ocorrencias: 1
referencias: HB 13:5

lemma: ἐγκαταλείψεις
normalizado: εγκαταλειψεις
ocorrencias: 1
referencias: AT 2:27

lemma: ἐγκατοικῶν
normalizado: εγκατοικων
ocorrencias: 1
referencias: 2PE 2:8

lemma: ἐγκεκαίνισται
normalizado: εγκεκαινισται
ocorrencias: 1
referencias: HB 9:18

lemma: ἐγκεντρίσαι
normalizado: εγκεντρισαι
ocorrencias: 1
referencias: RM 11:23

lemma: ἐγκεντρισθήσονται
normalizado: εγκεντρισθησονται
ocorrencias: 2
referencias: RM 11:23, RM 11:24

lemma: ἐγκεντρισθῶ
normalizado: εγκεντρισθω
ocorrencias: 1
referencias: RM 11:19

lemma: ἐγκοπήν
normalizado: εγκοπην
ocorrencias: 1
referencias: 1CO 9:12

lemma: ἐγκόπτω
normalizado: εγκοπτω
ocorrencias: 1
referencias: AT 24:4

lemma: ἐγκρῖναι
normalizado: εγκριναι
ocorrencias: 1
referencias: 2CO 10:12

lemma: ἐγχρίσῃ
normalizado: εγχριση
ocorrencias: 1
referencias: AP 3:18

lemma: Ἐδάκρυσεν
normalizado: εδακρυσεν
ocorrencias: 1
referencias: JO 11:35

lemma: Ἐδέετο
normalizado: εδεετο
ocorrencias: 1
referencias: LC 8:38

lemma: ἐδεσμεῖτο
normalizado: εδεσμειτο
ocorrencias: 1
referencias: LC 8:29

lemma: ἐδικαίωσεν
normalizado: εδικαιωσεν
ocorrencias: 2
referencias: RM 8:30

lemma: ἐδίψησα
normalizado: εδιψησα
ocorrencias: 2
referencias: MT 25:35, MT 25:42

lemma: ἐδύναντο
normalizado: εδυναντο
ocorrencias: 1
referencias: MC 4:33

lemma: ἔζων
normalizado: εζων
ocorrencias: 1
referencias: RM 7:9

lemma: ἐθανατώθητε
normalizado: εθανατωθητε
ocorrencias: 1
referencias: RM 7:4

lemma: ἐθελοθρησκείᾳ
normalizado: εθελοθρησκεια
ocorrencias: 1
referencias: CL 2:23

lemma: ἐθήλασαν
normalizado: εθηλασαν
ocorrencias: 1
referencias: LC 23:29

lemma: Ἐθησαυρίσατε
normalizado: εθησαυρισατε
ocorrencias: 1
referencias: TG 5:3

lemma: ἐθρέψαμεν
normalizado: εθρεψαμεν
ocorrencias: 1
referencias: MT 25:37

lemma: ἐθρέψατε
normalizado: εθρεψατε
ocorrencias: 1
referencias: TG 5:5

lemma: εἴγε
normalizado: ειγε
ocorrencias: 4
referencias: 2CO 5:3, CL 1:23, EF 3:2, EF 4:21

lemma: Εἴγε
normalizado: ειγε
ocorrencias: 1
referencias: GL 3:4

lemma: εἰδωλολατρεία
normalizado: ειδωλολατρεια
ocorrencias: 2
referencias: CL 3:5, GL 5:20

lemma: εἰδωλολατρείαις
normalizado: ειδωλολατρειαις
ocorrencias: 1
referencias: 1PE 4:3

lemma: εἰδωλολατρείας
normalizado: ειδωλολατρειας
ocorrencias: 1
referencias: 1CO 10:14

lemma: εἵλετο
normalizado: ειλετο
ocorrencias: 1
referencias: 2TS 2:13

lemma: εἰληφώς
normalizado: ειληφως
ocorrencias: 1
referencias: AT 16:24

lemma: εἰληφὼς
normalizado: ειληφως
ocorrencias: 1
referencias: MT 25:24

lemma: εἰργάζετο
normalizado: ειργαζετο
ocorrencias: 1
referencias: AT 18:3

lemma: εἰργάσατο
normalizado: ειργασατο
ocorrencias: 3
referencias: MC 14:6, MT 25:16, MT 26:10

lemma: εἰρηνεύοντες
normalizado: ειρηνευοντες
ocorrencias: 1
referencias: RM 12:18

lemma: εἴς
normalizado: εἴς
ocorrencias: 1
referencias: LC 17:12

lemma: εἰσεληλύθασιν
normalizado: εισεληλυθασιν
ocorrencias: 1
referencias: TG 5:4

lemma: εἰσελθέτω
normalizado: εισελθετω
ocorrencias: 1
referencias: MC 13:15

lemma: εἰσεπήδησαν
normalizado: εισεπηδησαν
ocorrencias: 1
referencias: AT 14:14

lemma: Εἰσερχόμεθα
normalizado: εισερχομεθα
ocorrencias: 1
referencias: HB 4:3

lemma: εἰσήλθετε
normalizado: εισηλθετε
ocorrencias: 1
referencias: LC 11:52

lemma: ἐκάθευδον
normalizado: εκαθευδον
ocorrencias: 1
referencias: MT 25:5

lemma: ἔκαμψαν
normalizado: εκαμψαν
ocorrencias: 1
referencias: RM 11:4

lemma: ἑκατοντάρχους
normalizado: εκατονταρχους
ocorrencias: 1
referencias: AT 21:32

lemma: ἐκγαμίζονται
normalizado: εκγαμιζονται
ocorrencias: 2
referencias: LC 20:35, MT 22:30

lemma: ἐκγαμίζοντες
normalizado: εκγαμιζοντες
ocorrencias: 1
referencias: MT 24:38

lemma: ἐκγαμίζων
normalizado: εκγαμιζων
ocorrencias: 2
referencias: 1CO 7:38

lemma: ἐκγαμίσκονται
normalizado: εκγαμισκονται
ocorrencias: 1
referencias: LC 20:34

lemma: ἐκδέχεται
normalizado: εκδεχεται
ocorrencias: 1
referencias: TG 5:7

lemma: ἐκδικοῦντες
normalizado: εκδικουντες
ocorrencias: 1
referencias: RM 12:19

lemma: ἐκδιώξουσιν
normalizado: εκδιωξουσιν
ocorrencias: 1
referencias: LC 11:49

lemma: ἐκέρδησα
normalizado: εκερδησα
ocorrencias: 2
referencias: MT 25:20, MT 25:22

lemma: ἐκέρδησεν
normalizado: εκερδησεν
ocorrencias: 1
referencias: MT 25:17

lemma: ἐκεφαλαίωσαν
normalizado: εκεφαλαιωσαν
ocorrencias: 1
referencias: MC 12:4

lemma: ἐκκακεῖν
normalizado: εκκακειν
ocorrencias: 2
referencias: EF 3:13, LC 18:1

lemma: ἐκκακήσητε
normalizado: εκκακησητε
ocorrencias: 1
referencias: 2TS 3:13

lemma: ἐκκακοῦμεν
normalizado: εκκακουμεν
ocorrencias: 2
referencias: 2CO 4:1, 2CO 4:16

lemma: ἐκκακῶμεν
normalizado: εκκακωμεν
ocorrencias: 1
referencias: GL 6:9

lemma: ἐκκλίνατε
normalizado: εκκλινατε
ocorrencias: 1
referencias: RM 16:17

lemma: ἐκκοπήσῃ
normalizado: εκκοπηση
ocorrencias: 1
referencias: RM 11:22

lemma: ἐκλίπητε
normalizado: εκλιπητε
ocorrencias: 1
referencias: LC 16:9

lemma: ἐκλογὴ
normalizado: εκλογη
ocorrencias: 1
referencias: RM 11:7

lemma: ἐκοινώνησαν
normalizado: εκοινωνησαν
ocorrencias: 1
referencias: RM 15:27

lemma: ἐκομισάμην
normalizado: εκομισαμην
ocorrencias: 1
referencias: MT 25:27

lemma: ἐκοπίασας
normalizado: εκοπιασας
ocorrencias: 1
referencias: AP 2:3

lemma: ἐκοπίασεν
normalizado: εκοπιασεν
ocorrencias: 2
referencias: RM 16:12, RM 16:6

lemma: ἐκόσμησαν
normalizado: εκοσμησαν
ocorrencias: 1
referencias: MT 25:7

lemma: ἑκοῦσα
normalizado: εκουσα
ocorrencias: 1
referencias: RM 8:20

lemma: ἐκπέπτωκεν
normalizado: εκπεπτωκεν
ocorrencias: 1
referencias: RM 9:6

lemma: ἐκπερισσοῦ
normalizado: εκπερισσου
ocorrencias: 5
referencias: 1TS 3:10, 1TS 5:13, EF 3:20, MC 14:31, MC 6:51

lemma: ἐκπίπτει
normalizado: εκπιπτει
ocorrencias: 1
referencias: 1CO 13:8

lemma: ἐκπίπτοντες
normalizado: εκπιπτοντες
ocorrencias: 1
referencias: MC 13:25

lemma: ἔκραξα
normalizado: εκραξα
ocorrencias: 1
referencias: AT 24:21

lemma: ἔκρυψα
normalizado: εκρυψα
ocorrencias: 1
referencias: MT 25:25

lemma: Ἐκτεθέντα
normalizado: εκτεθεντα
ocorrencias: 1
referencias: AT 7:21

lemma: ἐκτενὴς
normalizado: εκτενης
ocorrencias: 1
referencias: AT 12:5

lemma: ἐκτρέφωσιν
normalizado: εκτρεφωσιν
ocorrencias: 1
referencias: AP 12:6

lemma: ἐκφέρουσα
normalizado: εκφερουσα
ocorrencias: 1
referencias: HB 6:8

lemma: ἐκχέατε
normalizado: εκχεατε
ocorrencias: 1
referencias: AP 16:1

lemma: ἐκχυνόμενον
normalizado: εκχυνομενον
ocorrencias: 5
referencias: LC 11:50, LC 22:20, MC 14:24, MT 23:35, MT 26:28

lemma: ἐκωλύσαμεν
normalizado: εκωλυσαμεν
ocorrencias: 2
referencias: LC 9:49, MC 9:38

lemma: ἐλαίᾳ
normalizado: ελαια
ocorrencias: 1
referencias: RM 11:24

lemma: ἐλάσσονι
normalizado: ελασσονι
ocorrencias: 1
referencias: RM 9:12

lemma: ἔλεγχον
normalizado: ελεγχον
ocorrencias: 1
referencias: 2TM 3:16

lemma: ἐλεεῖτε
normalizado: ελεειτε
ocorrencias: 1
referencias: JD 1:22

lemma: ἐλεηθῶσιν
normalizado: ελεηθωσιν
ocorrencias: 1
referencias: RM 11:31

lemma: ἐλεήσῃ
normalizado: ελεηση
ocorrencias: 1
referencias: RM 11:32

lemma: Ἐλεήσω
normalizado: ελεησω
ocorrencias: 1
referencias: RM 9:15

lemma: ἐλεοῦντος
normalizado: ελεουντος
ocorrencias: 1
referencias: RM 9:16

lemma: ἐλευθερωθήσεται
normalizado: ελευθερωθησεται
ocorrencias: 1
referencias: RM 8:21

lemma: ἐλεῶ
normalizado: ελεω
ocorrencias: 1
referencias: RM 9:15

lemma: ἐλεῶν
normalizado: ελεων
ocorrencias: 1
referencias: RM 12:8

lemma: ἐλιθάσθησαν
normalizado: ελιθασθησαν
ocorrencias: 1
referencias: HB 11:37

lemma: Ἐλισσαίου
normalizado: ελισσαιου
ocorrencias: 1
referencias: LC 4:27

lemma: ἐλλόγει
normalizado: ελλογει
ocorrencias: 1
referencias: FM 1:18

lemma: Ἐλμωδάμ
normalizado: ελμωδαμ
ocorrencias: 1
referencias: LC 3:28

lemma: ἐλογίζοντο
normalizado: ελογιζοντο
ocorrencias: 1
referencias: MC 11:31

lemma: ἐλογίσθημεν
normalizado: ελογισθημεν
ocorrencias: 1
referencias: RM 8:36

lemma: ἐλπίζομεν
normalizado: ελπιζομεν
ocorrencias: 1
referencias: RM 8:25

lemma: ἐμαθήτευσεν
normalizado: εμαθητευσεν
ocorrencias: 1
referencias: MT 27:57

lemma: ἐμβάντος
normalizado: εμβαντος
ocorrencias: 1
referencias: MC 5:18

lemma: ἔμελλες
normalizado: εμελλες
ocorrencias: 1
referencias: AP 3:2

lemma: ἐμέμψαντο
normalizado: εμεμψαντο
ocorrencias: 1
referencias: MC 7:2

lemma: ἐμίσησα
normalizado: εμισησα
ocorrencias: 1
referencias: RM 9:13

lemma: Ἐμμὸρ
normalizado: εμμορ
ocorrencias: 1
referencias: AT 7:16

lemma: ἐμπεσεῖται
normalizado: εμπεσειται
ocorrencias: 1
referencias: LC 14:5

lemma: ἐμπλησθῶ
normalizado: εμπλησθω
ocorrencias: 1
referencias: RM 15:24

lemma: ἐμπορευσώμεθα
normalizado: εμπορευσωμεθα
ocorrencias: 1
referencias: TG 4:13

lemma: ἐμφανὴς
normalizado: εμφανης
ocorrencias: 1
referencias: RM 10:20

lemma: ἐνδείξασθαι
normalizado: ενδειξασθαι
ocorrencias: 1
referencias: RM 9:22

lemma: ἐνδείξασθε
normalizado: ενδειξασθε
ocorrencias: 1
referencias: 2CO 8:24

lemma: ἐνδείξωμαι
normalizado: ενδειξωμαι
ocorrencias: 1
referencias: RM 9:17

lemma: ἐνδόμησις
normalizado: ενδομησις
ocorrencias: 1
referencias: AP 21:18

lemma: ἐνδύουσιν
normalizado: ενδυουσιν
ocorrencias: 1
referencias: MC 15:17

lemma: ἐνδυσώμεθα
normalizado: ενδυσωμεθα
ocorrencias: 1
referencias: RM 13:12

lemma: ἐνέγκαντες
normalizado: ενεγκαντες
ocorrencias: 1
referencias: LC 15:23

lemma: ἔνεδρον
normalizado: ενεδρον
ocorrencias: 1
referencias: AT 23:16

lemma: ἐνεδυναμώθησαν
normalizado: ενεδυναμωθησαν
ocorrencias: 1
referencias: HB 11:34

lemma: ἐνεκεντρίσθης
normalizado: ενεκεντρισθης
ocorrencias: 2
referencias: RM 11:17, RM 11:24

lemma: ἐνεκοπτόμην
normalizado: ενεκοπτομην
ocorrencias: 1
referencias: RM 15:22

lemma: ἐνεχθῆναι
normalizado: ενεχθηναι
ocorrencias: 1
referencias: MC 6:27

lemma: ἐνηργεῖτο
normalizado: ενηργειτο
ocorrencias: 1
referencias: RM 7:5

lemma: ἔννυχον
normalizado: εννυχον
ocorrencias: 1
referencias: MC 1:35

lemma: ἐνοικοῦν
normalizado: ενοικουν
ocorrencias: 1
referencias: RM 8:11

lemma: ἐντυγχάνει
normalizado: εντυγχανει
ocorrencias: 3
referencias: RM 11:2, RM 8:27, RM 8:34

lemma: ἐνύπνια
normalizado: ενυπνια
ocorrencias: 1
referencias: AT 2:17

lemma: ἐνύσταξαν
normalizado: ενυσταξαν
ocorrencias: 1
referencias: MT 25:5

lemma: ἑξακόσια
normalizado: εξακοσια
ocorrencias: 1
referencias: AP 13:18

lemma: Ἐξανέστησαν
normalizado: εξανεστησαν
ocorrencias: 1
referencias: AT 15:5

lemma: ἐξαπατῶσιν
normalizado: εξαπατωσιν
ocorrencias: 1
referencias: RM 16:18

lemma: ἐξαρεῖτε
normalizado: εξαρειτε
ocorrencias: 1
referencias: 1CO 5:13

lemma: ἐξαρθῇ
normalizado: εξαρθη
ocorrencias: 1
referencias: 1CO 5:2

lemma: ἐξεγαμίζοντο
normalizado: εξεγαμιζοντο
ocorrencias: 1
referencias: LC 17:27

lemma: ἐξέδοτο
normalizado: εξεδοτο
ocorrencias: 3
referencias: LC 20:9, MC 12:1, MT 21:33

lemma: ἐξεθαμβήθη
normalizado: εξεθαμβηθη
ocorrencias: 1
referencias: MC 9:15

lemma: ἐξείλετο
normalizado: εξειλετο
ocorrencias: 1
referencias: AT 7:10

lemma: ἐξείλετό
normalizado: εξειλετο
ocorrencias: 1
referencias: AT 12:11

lemma: ἐξειλόμην
normalizado: εξειλομην
ocorrencias: 1
referencias: AT 23:27

lemma: ἐξεκλάσθησαν
normalizado: εξεκλασθησαν
ocorrencias: 2
referencias: RM 11:17, RM 11:20

lemma: Ἐξεκλάσθησαν
normalizado: εξεκλασθησαν
ocorrencias: 1
referencias: RM 11:19

lemma: ἐξεκόπης
normalizado: εξεκοπης
ocorrencias: 1
referencias: RM 11:24

lemma: ἐξελήλυθα
normalizado: εξεληλυθα
ocorrencias: 1
referencias: MC 1:38

lemma: ἐξεληλύθατε
normalizado: εξεληλυθατε
ocorrencias: 4
referencias: LC 22:52, LC 7:24, LC 7:25, LC 7:26

lemma: Ἐξέλθετε
normalizado: εξελθετε
ocorrencias: 1
referencias: 2CO 6:17

lemma: ἐξέπεσον
normalizado: εξεπεσον
ocorrencias: 1
referencias: AT 12:7

lemma: ἐξεπέτασα
normalizado: εξεπετασα
ocorrencias: 1
referencias: RM 10:21

lemma: ἐξέρχεσθαι
normalizado: εξερχεσθαι
ocorrencias: 1
referencias: AT 19:12

lemma: ἐξέστραπται
normalizado: εξεστραπται
ocorrencias: 1
referencias: TT 3:11

lemma: ἐξεχεῖτο
normalizado: εξεχειτο
ocorrencias: 1
referencias: AT 22:20

lemma: ἐξήγειρά
normalizado: εξηγειρα
ocorrencias: 1
referencias: RM 9:17

lemma: ἐξηρεύνησαν
normalizado: εξηρευνησαν
ocorrencias: 1
referencias: 1PE 1:10

lemma: ἐξιστῶν
normalizado: εξιστων
ocorrencias: 1
referencias: AT 8:9

lemma: ἐξολοθρευθήσεται
normalizado: εξολοθρευθησεται
ocorrencias: 1
referencias: AT 3:23

lemma: Ἐξομολογεῖσθε
normalizado: εξομολογεισθε
ocorrencias: 1
referencias: TG 5:16

lemma: ἐξομολογήσεται
normalizado: εξομολογησεται
ocorrencias: 1
referencias: RM 14:11

lemma: ἐξομολογήσομαί
normalizado: εξομολογησομαι
ocorrencias: 1
referencias: RM 15:9

lemma: ἐξουδενωθῇ
normalizado: εξουδενωθη
ocorrencias: 1
referencias: MC 9:12

lemma: ἐξουθενεῖς
normalizado: εξουθενεις
ocorrencias: 1
referencias: RM 14:10

lemma: ἐξουθενείτω
normalizado: εξουθενειτω
ocorrencias: 1
referencias: RM 14:3

lemma: ἐπαινέσατε
normalizado: επαινεσατε
ocorrencias: 1
referencias: RM 15:11

lemma: Ἐπαίνετον
normalizado: επαινετον
ocorrencias: 1
referencias: RM 16:5

lemma: ἐπαναμιμνῄσκων
normalizado: επαναμιμνησκων
ocorrencias: 1
referencias: RM 15:15

lemma: ἐπαναπαύσεται
normalizado: επαναπαυσεται
ocorrencias: 1
referencias: LC 10:6

lemma: ἐπαρχίᾳ
normalizado: επαρχια
ocorrencias: 1
referencias: AT 25:1

lemma: ἐπαρχίας
normalizado: επαρχιας
ocorrencias: 1
referencias: AT 23:34

lemma: ἐπέβημεν
normalizado: επεβημεν
ocorrencias: 1
referencias: AT 21:6

lemma: ἐπεγνωκόσιν
normalizado: επεγνωκοσιν
ocorrencias: 1
referencias: 1TM 4:3

lemma: ἐπέδειξεν
normalizado: επεδειξεν
ocorrencias: 1
referencias: LC 24:40

lemma: Ἐπείνασα
normalizado: επεινασα
ocorrencias: 2
referencias: MT 25:35, MT 25:42

lemma: ἐπείπερ
normalizado: επειπερ
ocorrencias: 1
referencias: RM 3:30

lemma: ἐπειρᾶτο
normalizado: επειρατο
ocorrencias: 1
referencias: AT 9:26

lemma: ἐπέπεσον
normalizado: επεπεσον
ocorrencias: 1
referencias: RM 15:3

lemma: ἐπερχομέναις
normalizado: επερχομεναις
ocorrencias: 1
referencias: TG 5:1

lemma: ἐπερωτᾷς
normalizado: επερωτας
ocorrencias: 1
referencias: JO 18:21

lemma: Ἐπερώτησον
normalizado: επερωτησον
ocorrencias: 1
referencias: JO 18:21

lemma: ἐπεσκέψασθέ
normalizado: επεσκεψασθε
ocorrencias: 2
referencias: MT 25:36, MT 25:43

lemma: ἐπετίθουν
normalizado: επετιθουν
ocorrencias: 1
referencias: AT 8:17

lemma: ἐπέφερον
normalizado: επεφερον
ocorrencias: 1
referencias: AT 25:18

lemma: Ἐπῆλθον
normalizado: επηλθον
ocorrencias: 1
referencias: AT 14:19

lemma: ἐπιβοῶντες
normalizado: επιβοωντες
ocorrencias: 1
referencias: AT 25:24

lemma: ἐπιδώσω
normalizado: επιδωσω
ocorrencias: 1
referencias: JO 13:26

lemma: ἐπιεικεῖς
normalizado: επιεικεις
ocorrencias: 1
referencias: TT 3:2

lemma: ἐπιθήσαι
normalizado: επιθησαι
ocorrencias: 1
referencias: AP 22:18

lemma: Ἐπιθυμεῖτε
normalizado: επιθυμειτε
ocorrencias: 1
referencias: TG 4:2

lemma: ἐπιθυμήσεις
normalizado: επιθυμησεις
ocorrencias: 2
referencias: RM 13:9, RM 7:7

lemma: ἐπικαλέσονται
normalizado: επικαλεσονται
ocorrencias: 1
referencias: RM 10:14

lemma: ἐπικατάρατοί
normalizado: επικαταρατοι
ocorrencias: 1
referencias: JO 7:49

lemma: ἐπιμείνῃς
normalizado: επιμεινης
ocorrencias: 1
referencias: RM 11:22

lemma: ἐπιμείνωσιν
normalizado: επιμεινωσιν
ocorrencias: 1
referencias: RM 11:23

lemma: Ἐπιμένομεν
normalizado: επιμενομεν
ocorrencias: 1
referencias: RM 6:1

lemma: Ἐπιμενόντων
normalizado: επιμενοντων
ocorrencias: 1
referencias: AT 21:10

lemma: Ἐπιπεσὼν
normalizado: επιπεσων
ocorrencias: 1
referencias: JO 13:25

lemma: ἐπιποθίαν
normalizado: επιποθιαν
ocorrencias: 1
referencias: RM 15:23

lemma: ἐπιρράπτει
normalizado: επιρραπτει
ocorrencias: 1
referencias: MC 2:21

lemma: ἐπιρρίψαντες
normalizado: επιρριψαντες
ocorrencias: 2
referencias: 1PE 5:7, LC 19:35

lemma: ἐπίσημοι
normalizado: επισημοι
ocorrencias: 1
referencias: RM 16:7

lemma: ἐπιστραφῶσιν
normalizado: επιστραφωσιν
ocorrencias: 1
referencias: JO 12:40

lemma: ἐπισύστασιν
normalizado: επισυστασιν
ocorrencias: 1
referencias: AT 24:12

lemma: ἐπισύστασίς
normalizado: επισυστασις
ocorrencias: 1
referencias: 2CO 11:28

lemma: ἐπιτεθῇ
normalizado: επιτεθη
ocorrencias: 1
referencias: MC 4:21

lemma: ἐπιτελέσας
normalizado: επιτελεσας
ocorrencias: 1
referencias: RM 15:28

lemma: ἐπιτελῶ
normalizado: επιτελω
ocorrencias: 1
referencias: LC 13:32

lemma: ἐπιτέτραπται
normalizado: επιτετραπται
ocorrencias: 1
referencias: 1CO 14:34

lemma: ἐπιφέρειν
normalizado: επιφερειν
ocorrencias: 1
referencias: FP 1:16

lemma: ἐπιφέρεσθαι
normalizado: επιφερεσθαι
ocorrencias: 1
referencias: AT 19:12

lemma: ἐπληθύνοντο
normalizado: επληθυνοντο
ocorrencias: 1
referencias: AT 9:31

lemma: ἐποιήσαντο
normalizado: εποιησαντο
ocorrencias: 1
referencias: AT 8:2

lemma: ἐποικοδομηθέντες
normalizado: εποικοδομηθεντες
ocorrencias: 1
referencias: EF 2:20

lemma: ἐποικοδομῆσαι
normalizado: εποικοδομησαι
ocorrencias: 1
referencias: AT 20:32

lemma: ἐποτίσαμεν
normalizado: εποτισαμεν
ocorrencias: 1
referencias: MT 25:37

lemma: ἐποτίσατέ
normalizado: εποτισατε
ocorrencias: 2
referencias: MT 25:35, MT 25:42

lemma: ἔπταισαν
normalizado: επταισαν
ocorrencias: 1
referencias: RM 11:11

lemma: ἑπτακισχιλίους
normalizado: επτακισχιλιους
ocorrencias: 1
referencias: RM 11:4

lemma: ἐπώκειλαν
normalizado: επωκειλαν
ocorrencias: 1
referencias: AT 27:41

lemma: ἐπωρώθησαν
normalizado: επωρωθησαν
ocorrencias: 1
referencias: RM 11:7

lemma: ἐρευνᾷ
normalizado: ερευνα
ocorrencias: 1
referencias: 1CO 2:10

lemma: Ἐρευνᾶτε
normalizado: ερευνατε
ocorrencias: 1
referencias: JO 5:39

lemma: Ἐρεύνησον
normalizado: ερευνησον
ocorrencias: 1
referencias: JO 7:52

lemma: ἐρευνῶν
normalizado: ερευνων
ocorrencias: 2
referencias: AP 2:23, RM 8:27

lemma: ἐρευνῶντες
normalizado: ερευνωντες
ocorrencias: 1
referencias: 1PE 1:11

lemma: ἔριδι
normalizado: εριδι
ocorrencias: 1
referencias: RM 13:13

lemma: ἐρίφια
normalizado: εριφια
ocorrencias: 1
referencias: MT 25:33

lemma: ἐρίφων
normalizado: εριφων
ocorrencias: 1
referencias: MT 25:32

lemma: Ἑρμᾶν
normalizado: ερμαν
ocorrencias: 1
referencias: RM 16:14

lemma: ἑρμηνευόμενον
normalizado: ερμηνευομενον
ocorrencias: 1
referencias: JO 1:38

lemma: ἐρράντισεν
normalizado: ερραντισεν
ocorrencias: 2
referencias: HB 9:19, HB 9:21

lemma: ἐρραντισμένοι
normalizado: ερραντισμενοι
ocorrencias: 1
referencias: HB 10:22

lemma: ἐρράπισαν
normalizado: ερραπισαν
ocorrencias: 1
referencias: MT 26:67

lemma: ἐρρήθη
normalizado: ερρηθη
ocorrencias: 2
referencias: RM 9:12, RM 9:26

lemma: ἐρρήθησαν
normalizado: ερρηθησαν
ocorrencias: 1
referencias: GL 3:16

lemma: ἐρρίψαμεν
normalizado: ερριψαμεν
ocorrencias: 1
referencias: AT 27:19

lemma: Ἔρρωσο
normalizado: ερρωσο
ocorrencias: 1
referencias: AT 23:30

lemma: ἔσβεσαν
normalizado: εσβεσαν
ocorrencias: 1
referencias: HB 11:34

lemma: ἐσθήσεσιν
normalizado: εσθησεσιν
ocorrencias: 1
referencias: LC 24:4

lemma: ἐσθίοντα
normalizado: εσθιοντα
ocorrencias: 3
referencias: MC 2:16, RM 14:3

lemma: ἐσθίοντας
normalizado: εσθιοντας
ocorrencias: 1
referencias: MC 7:2

lemma: ἐσθίοντι
normalizado: εσθιοντι
ocorrencias: 1
referencias: RM 14:20

lemma: Ἐσίγησεν
normalizado: εσιγησεν
ocorrencias: 1
referencias: AT 15:12

lemma: ἐσκοτισμένοι
normalizado: εσκοτισμενοι
ocorrencias: 1
referencias: EF 4:18

lemma: ἐσπάραξεν
normalizado: εσπαραξεν
ocorrencias: 1
referencias: MC 9:20

lemma: ἐσπαταλήσατε
normalizado: εσπαταλησατε
ocorrencias: 1
referencias: TG 5:5

lemma: ἐστάθην
normalizado: εσταθην
ocorrencias: 1
referencias: AP 13:1

lemma: ἐστήριξεν
normalizado: εστηριξεν
ocorrencias: 1
referencias: LC 9:51

lemma: ἑστῶσαι
normalizado: εστωσαι
ocorrencias: 1
referencias: AP 11:4

lemma: ἐσφραγισμέναι
normalizado: εσφραγισμεναι
ocorrencias: 2
referencias: AP 7:5, AP 7:8

lemma: ἐσώθημεν
normalizado: εσωθημεν
ocorrencias: 1
referencias: RM 8:24

lemma: ἐτεθνήκει
normalizado: ετεθνηκει
ocorrencias: 1
referencias: JO 11:21

lemma: ἐτελείωσα
normalizado: ετελειωσα
ocorrencias: 1
referencias: JO 17:4

lemma: ἑτοιμάσομεν
normalizado: ετοιμασομεν
ocorrencias: 1
referencias: LC 22:9

lemma: ἑτοιμάσομέν
normalizado: ετοιμασομεν
ocorrencias: 1
referencias: MT 26:17

lemma: ἑτοίμους
normalizado: ετοιμους
ocorrencias: 1
referencias: TT 3:1

lemma: Ἐτρυφήσατε
normalizado: ετρυφησατε
ocorrencias: 1
referencias: TG 5:5

lemma: εὐαγγελιζομένων
normalizado: ευαγγελιζομενων
ocorrencias: 2
referencias: RM 10:15

lemma: εὐάρεστος
normalizado: ευαρεστος
ocorrencias: 1
referencias: RM 14:18

lemma: Εὐδόκησαν
normalizado: ευδοκησαν
ocorrencias: 2
referencias: RM 15:26, RM 15:27

lemma: εὐηγγελίσαντο
normalizado: ευηγγελισαντο
ocorrencias: 1
referencias: AT 8:25

lemma: εὐηρεστηκέναι
normalizado: ευηρεστηκεναι
ocorrencias: 1
referencias: HB 11:5

lemma: Εὐθυμεῖ
normalizado: ευθυμει
ocorrencias: 1
referencias: TG 5:13

lemma: εὐθυμότερον
normalizado: ευθυμοτερον
ocorrencias: 1
referencias: AT 24:10

lemma: εὐλόγει
normalizado: ευλογει
ocorrencias: 1
referencias: MC 10:16

lemma: εὐλογημένοι
normalizado: ευλογημενοι
ocorrencias: 1
referencias: MT 25:34

lemma: εὐλογήσῃς
normalizado: ευλογησης
ocorrencias: 1
referencias: 1CO 14:16

lemma: εὔνοιαν
normalizado: ευνοιαν
ocorrencias: 1
referencias: 1CO 7:3

lemma: Εὐοδίαν
normalizado: ευοδιαν
ocorrencias: 1
referencias: FP 4:2

lemma: εὐπρόσεδρον
normalizado: ευπροσεδρον
ocorrencias: 1
referencias: 1CO 7:35

lemma: Εὑρέθην
normalizado: ευρεθην
ocorrencias: 1
referencias: RM 10:20

lemma: εὕρῃς
normalizado: ευρης
ocorrencias: 1
referencias: AP 18:14

lemma: εὑρίσκετο
normalizado: ευρισκετο
ocorrencias: 1
referencias: HB 11:5

lemma: Εὐροκλύδων
normalizado: ευροκλυδων
ocorrencias: 1
referencias: AT 27:14

lemma: εὐφράνθη
normalizado: ευφρανθη
ocorrencias: 1
referencias: AT 2:26

lemma: εὐφρανθήσονται
normalizado: ευφρανθησονται
ocorrencias: 1
referencias: AP 11:10

lemma: Εὐφράνθητε
normalizado: ευφρανθητε
ocorrencias: 1
referencias: RM 15:10

lemma: εὐχαριστεῖ
normalizado: ευχαριστει
ocorrencias: 2
referencias: RM 14:6

lemma: εὐχαρίστησαν
normalizado: ευχαριστησαν
ocorrencias: 1
referencias: RM 1:21

lemma: εὔχεσθε
normalizado: ευχεσθε
ocorrencias: 1
referencias: TG 5:16

lemma: εὐχὴ
normalizado: ευχη
ocorrencias: 1
referencias: TG 5:15

lemma: Εὐχόμην
normalizado: ευχομην
ocorrencias: 1
referencias: RM 9:3

lemma: ἐφαλλόμενος
normalizado: εφαλλομενος
ocorrencias: 1
referencias: AT 19:16

lemma: Ἐφανέρωσά
normalizado: εφανερωσα
ocorrencias: 1
referencias: JO 17:6

lemma: ἑώρων
normalizado: εωρων
ocorrencias: 1
referencias: JO 6:2

lemma: ζέοντες
normalizado: ζεοντες
ocorrencias: 1
referencias: RM 12:11

lemma: ζήλωσον
normalizado: ζηλωσον
ocorrencias: 1
referencias: AP 3:19

lemma: Ζηνᾶν
normalizado: ζηναν
ocorrencias: 1
referencias: TT 3:13

lemma: ζήσεσθε
normalizado: ζησεσθε
ocorrencias: 2
referencias: JO 14:19, RM 8:13

lemma: ζησόμεθα
normalizado: ζησομεθα
ocorrencias: 1
referencias: 2CO 13:4

lemma: ζήσονται
normalizado: ζησονται
ocorrencias: 1
referencias: JO 5:25

lemma: ζῆτε
normalizado: ζητε
ocorrencias: 1
referencias: RM 8:13

lemma: ζήτημά
normalizado: ζητημα
ocorrencias: 1
referencias: AT 18:15

lemma: ζῳοποιήσει
normalizado: ζωοποιησει
ocorrencias: 1
referencias: RM 8:11

lemma: Ἦ
normalizado: ἦ
ocorrencias: 1
referencias: HB 6:14

lemma: ἠγαλλιᾶτο
normalizado: ηγαλλιατο
ocorrencias: 1
referencias: AT 16:34

lemma: ἠγαπηκόσιν
normalizado: ηγαπηκοσιν
ocorrencias: 1
referencias: 2TM 4:8

lemma: ἠγαπήσαμεν
normalizado: ηγαπησαμεν
ocorrencias: 1
referencias: 1JO 4:10

lemma: ἡγιασμένη
normalizado: ηγιασμενη
ocorrencias: 1
referencias: RM 15:16

lemma: ἠθῶν
normalizado: ηθων
ocorrencias: 1
referencias: AT 26:3

lemma: ἧκον
normalizado: ηκον
ocorrencias: 1
referencias: AT 28:23

lemma: ἥκουσιν
normalizado: ηκουσιν
ocorrencias: 1
referencias: MC 8:3

lemma: Ἠλάττωσας
normalizado: ηλαττωσας
ocorrencias: 1
referencias: HB 2:7

lemma: ἠλεήθητε
normalizado: ηλεηθητε
ocorrencias: 1
referencias: RM 11:30

lemma: ἤλθετε
normalizado: ηλθετε
ocorrencias: 1
referencias: MT 25:36

lemma: ἡλκωμένος
normalizado: ηλκωμενος
ocorrencias: 1
referencias: LC 16:20

lemma: ἥλλετο
normalizado: ηλλετο
ocorrencias: 1
referencias: AT 14:10

lemma: ἡμετέραν
normalizado: ημετεραν
ocorrencias: 1
referencias: RM 15:4

lemma: ἡμέτεροι
normalizado: ημετεροι
ocorrencias: 1
referencias: TT 3:14

lemma: ἡμίση
normalizado: ημιση
ocorrencias: 1
referencias: LC 19:8

lemma: ἠνείχεσθε
normalizado: ηνειχεσθε
ocorrencias: 1
referencias: 2CO 11:4

lemma: ἠνεσχόμην
normalizado: ηνεσχομην
ocorrencias: 1
referencias: AT 18:14

lemma: ἠνεῴχθη
normalizado: ηνεωχθη
ocorrencias: 1
referencias: AP 20:12

lemma: ἥξωσιν
normalizado: ηξωσιν
ocorrencias: 1
referencias: AP 3:9

lemma: ἠπείθησαν
normalizado: ηπειθησαν
ocorrencias: 1
referencias: RM 11:31

lemma: ἠπειθήσατε
normalizado: ηπειθησατε
ocorrencias: 1
referencias: RM 11:30

lemma: ἤπιοι
normalizado: ηπιοι
ocorrencias: 1
referencias: 1TS 2:7

lemma: ἥπτοντο
normalizado: ηπτοντο
ocorrencias: 1
referencias: MC 6:56

lemma: Ἡρῳδίωνα
normalizado: ηρωδιωνα
ocorrencias: 1
referencias: RM 16:11

lemma: ἦς
normalizado: ἦς
ocorrencias: 5
referencias: AP 3:15, JO 11:21, JO 11:32, MT 25:21, MT 25:23

lemma: ᾖς
normalizado: ᾖς
ocorrencias: 1
referencias: RM 2:25

lemma: ἠσθένησα
normalizado: ησθενησα
ocorrencias: 1
referencias: MT 25:36

lemma: ἠσθενήσαμεν
normalizado: ησθενησαμεν
ocorrencias: 1
referencias: 2CO 11:21

lemma: ἠτιμωμένον
normalizado: ητιμωμενον
ocorrencias: 1
referencias: MC 12:4

lemma: ἡτοίμασα
normalizado: ητοιμασα
ocorrencias: 1
referencias: MT 22:4

lemma: ἡττήθητε
normalizado: ηττηθητε
ocorrencias: 1
referencias: 2CO 12:13

lemma: ἧττον
normalizado: ηττον
ocorrencias: 2
referencias: 1CO 11:17, 2CO 12:15

lemma: ἤχθημεν
normalizado: ηχθημεν
ocorrencias: 1
referencias: AT 28:11

lemma: ἠχούσης
normalizado: ηχουσης
ocorrencias: 1
referencias: LC 21:25

lemma: ἠχρειώθησαν
normalizado: ηχρειωθησαν
ocorrencias: 1
referencias: RM 3:12

lemma: θανατούμεθα
normalizado: θανατουμεθα
ocorrencias: 1
referencias: RM 8:36

lemma: θανατοῦτε
normalizado: θανατουτε
ocorrencias: 1
referencias: RM 8:13

lemma: Θαυμάζω
normalizado: θαυμαζω
ocorrencias: 1
referencias: GL 1:6

lemma: θαυμάσονται
normalizado: θαυμασονται
ocorrencias: 1
referencias: AP 17:8

lemma: θέλωσιν
normalizado: θελωσιν
ocorrencias: 1
referencias: AT 26:5

lemma: θεομαχῶμεν
normalizado: θεομαχωμεν
ocorrencias: 1
referencias: AT 23:9

lemma: θερίζω
normalizado: θεριζω
ocorrencias: 1
referencias: MT 25:26

lemma: θερισάντων
normalizado: θερισαντων
ocorrencias: 1
referencias: TG 5:4

lemma: θεωρήσωσιν
normalizado: θεωρησωσιν
ocorrencias: 1
referencias: JO 7:3

lemma: θεωροῦντι
normalizado: θεωρουντι
ocorrencias: 1
referencias: AT 17:16

lemma: θήραν
normalizado: θηραν
ocorrencias: 1
referencias: RM 11:9

lemma: θνητὰ
normalizado: θνητα
ocorrencias: 1
referencias: RM 8:11

lemma: θύει
normalizado: θυει
ocorrencias: 2
referencias: 1CO 10:20

lemma: θυσιαστήριά
normalizado: θυσιαστηρια
ocorrencias: 1
referencias: RM 11:3

lemma: Ἰάειρος
normalizado: ιαειρος
ocorrencias: 2
referencias: LC 8:41, MC 5:22

lemma: ἰαθέντος
normalizado: ιαθεντος
ocorrencias: 1
referencias: AT 3:11

lemma: Ἰαννά
normalizado: ιαννα
ocorrencias: 1
referencias: LC 3:24

lemma: Ἰαρέδ
normalizado: ιαρεδ
ocorrencias: 1
referencias: LC 3:37

lemma: ἰάσωμαι
normalizado: ιασωμαι
ocorrencias: 1
referencias: JO 12:40

lemma: ἰδέα
normalizado: ιδεα
ocorrencias: 1
referencias: MT 28:3

lemma: Ἱεραπόλει
normalizado: ιεραπολει
ocorrencias: 1
referencias: CL 4:13

lemma: ἱερουργοῦντα
normalizado: ιερουργουντα
ocorrencias: 1
referencias: RM 15:16

lemma: ἱλαρότητι
normalizado: ιλαροτητι
ocorrencias: 1
referencias: RM 12:8

lemma: Ἰλλυρικοῦ
normalizado: ιλλυρικου
ocorrencias: 1
referencias: RM 15:19

lemma: Ἰουλίαν
normalizado: ιουλιαν
ocorrencias: 1
referencias: RM 16:15

lemma: Ἰουνίαν
normalizado: ιουνιαν
ocorrencias: 1
referencias: RM 16:7

lemma: ἴσασιν
normalizado: ισασιν
ocorrencias: 1
referencias: AT 26:4

lemma: Ἰσαχάρ
normalizado: ισαχαρ
ocorrencias: 1
referencias: AP 7:7

lemma: Ἰσκαριώτῃ
normalizado: ισκαριωτη
ocorrencias: 1
referencias: JO 13:26

lemma: ἱστῶμεν
normalizado: ιστωμεν
ocorrencias: 1
referencias: RM 3:31

lemma: Ἰὼβ
normalizado: ιωβ
ocorrencias: 1
referencias: TG 5:11

lemma: Ἰωνάν
normalizado: ιωναν
ocorrencias: 1
referencias: LC 3:30

lemma: Ἰωρείμ
normalizado: ιωρειμ
ocorrencias: 1
referencias: LC 3:29

lemma: Ἰωσή
normalizado: ιωση
ocorrencias: 1
referencias: LC 3:29

lemma: Ἰωσῆ
normalizado: ιωση
ocorrencias: 4
referencias: MC 15:40, MC 15:47, MC 6:3, MT 27:56

lemma: καθαρίζον
normalizado: καθαριζον
ocorrencias: 1
referencias: MC 7:19

lemma: καθίσει
normalizado: καθισει
ocorrencias: 1
referencias: MT 25:31

lemma: καθίσεσθε
normalizado: καθισεσθε
ocorrencias: 2
referencias: LC 22:30, MT 19:28

lemma: καθιστῶντες
normalizado: καθιστωντες
ocorrencias: 1
referencias: AT 17:15

lemma: Καϊνάν
normalizado: καιναν
ocorrencias: 2
referencias: LC 3:36, LC 3:37

lemma: καιομένην
normalizado: καιομενην
ocorrencias: 1
referencias: AP 19:20

lemma: καίτοιγε
normalizado: καιτοιγε
ocorrencias: 1
referencias: JO 4:2

lemma: Καίτοιγε
normalizado: καιτοιγε
ocorrencias: 1
referencias: AT 14:17

lemma: Κακοπαθεῖ
normalizado: κακοπαθει
ocorrencias: 1
referencias: TG 5:13

lemma: κακοπαθείας
normalizado: κακοπαθειας
ocorrencias: 1
referencias: TG 5:10

lemma: Καλέσω
normalizado: καλεσω
ocorrencias: 1
referencias: RM 9:25

lemma: καλλιέλαιον
normalizado: καλλιελαιον
ocorrencias: 1
referencias: RM 11:24

lemma: καλύψει
normalizado: καλυψει
ocorrencias: 3
referencias: 1PE 4:8, TG 5:20

lemma: κάμνοντα
normalizado: καμνοντα
ocorrencias: 1
referencias: TG 5:15

lemma: κάμψει
normalizado: καμψει
ocorrencias: 1
referencias: RM 14:11

lemma: Κανανίτην
normalizado: κανανιτην
ocorrencias: 1
referencias: MC 3:18

lemma: καρποφορῆσαι
normalizado: καρποφορησαι
ocorrencias: 1
referencias: RM 7:5

lemma: καρποφορήσωμεν
normalizado: καρποφορησωμεν
ocorrencias: 1
referencias: RM 7:4

lemma: κατάβα
normalizado: καταβα
ocorrencias: 1
referencias: MC 15:30

lemma: καταβαινέτω
normalizado: καταβαινετω
ocorrencias: 1
referencias: MT 24:17

lemma: καταβαίνῃ
normalizado: καταβαινη
ocorrencias: 1
referencias: AP 13:13

lemma: καταγαγεῖν
normalizado: καταγαγειν
ocorrencias: 1
referencias: RM 10:6

lemma: καταδουλώσωνται
normalizado: καταδουλωσωνται
ocorrencias: 1
referencias: GL 2:4

lemma: καταισχυνθήσεται
normalizado: καταισχυνθησεται
ocorrencias: 2
referencias: RM 10:11, RM 9:33

lemma: κατακαυχᾶσαι
normalizado: κατακαυχασαι
ocorrencias: 1
referencias: RM 11:18

lemma: κατακαυχῶ
normalizado: κατακαυχω
ocorrencias: 1
referencias: RM 11:18

lemma: κατακέκριται
normalizado: κατακεκριται
ocorrencias: 1
referencias: RM 14:23

lemma: κατακολουθήσασα
normalizado: κατακολουθησασα
ocorrencias: 1
referencias: AT 16:17

lemma: κατακρίνων
normalizado: κατακρινων
ocorrencias: 1
referencias: RM 8:34

lemma: κατακυριεύσαν
normalizado: κατακυριευσαν
ocorrencias: 1
referencias: AT 19:16

lemma: καταλαβόμενος
normalizado: καταλαβομενος
ocorrencias: 1
referencias: AT 25:25

lemma: κατάλειμμα
normalizado: καταλειμμα
ocorrencias: 1
referencias: RM 9:27

lemma: καταληφθεῖσαν
normalizado: καταληφθεισαν
ocorrencias: 1
referencias: JO 8:3

lemma: καταλλαγὴ
normalizado: καταλλαγη
ocorrencias: 1
referencias: RM 11:15

lemma: κατάλυε
normalizado: καταλυε
ocorrencias: 1
referencias: RM 14:20

lemma: καταμόνας
normalizado: καταμονας
ocorrencias: 2
referencias: LC 9:18, MC 4:10

lemma: κατανύξεως
normalizado: κατανυξεως
ocorrencias: 1
referencias: RM 11:8

lemma: καταξιωθῆτε
normalizado: καταξιωθητε
ocorrencias: 1
referencias: LC 21:36

lemma: καταπίῃ
normalizado: καταπιη
ocorrencias: 1
referencias: 1PE 5:8

lemma: καταρᾶσθε
normalizado: καταρασθε
ocorrencias: 1
referencias: RM 12:14

lemma: καταστήσω
normalizado: καταστησω
ocorrencias: 2
referencias: MT 25:21, MT 25:23

lemma: καταστήσωμεν
normalizado: καταστησωμεν
ocorrencias: 1
referencias: AT 6:3

lemma: καταφθαρήσονται
normalizado: καταφθαρησονται
ocorrencias: 1
referencias: 2PE 2:12

lemma: κατεδίωξαν
normalizado: κατεδιωξαν
ocorrencias: 1
referencias: MC 1:36

lemma: κατέθηκεν
normalizado: κατεθηκεν
ocorrencias: 1
referencias: MC 15:46

lemma: κατειχόμεθα
normalizado: κατειχομεθα
ocorrencias: 1
referencias: RM 7:6

lemma: κατέλειπεν
normalizado: κατελειπεν
ocorrencias: 1
referencias: LC 10:40

lemma: κατελήφθη
normalizado: κατεληφθη
ocorrencias: 1
referencias: JO 8:4

lemma: κατελήφθην
normalizado: κατεληφθην
ocorrencias: 1
referencias: FP 3:12

lemma: κατεργάζεσθαι
normalizado: κατεργαζεσθαι
ocorrencias: 1
referencias: RM 7:18

lemma: κατεργαζομένη
normalizado: κατεργαζομενη
ocorrencias: 1
referencias: RM 7:13

lemma: κατεργάσασθαι
normalizado: κατεργασασθαι
ocorrencias: 1
referencias: 1PE 4:3

lemma: κατέσκαψαν
normalizado: κατεσκαψαν
ocorrencias: 1
referencias: RM 11:3

lemma: κατηγορῆσαι
normalizado: κατηγορησαι
ocorrencias: 1
referencias: AT 28:19

lemma: κατήγορος
normalizado: κατηγορος
ocorrencias: 1
referencias: AP 12:10

lemma: κατηραμένοι
normalizado: κατηραμενοι
ocorrencias: 1
referencias: MT 25:41

lemma: κατηργήθημεν
normalizado: κατηργηθημεν
ocorrencias: 1
referencias: RM 7:6

lemma: κατηρτισμένα
normalizado: κατηρτισμενα
ocorrencias: 1
referencias: RM 9:22

lemma: κατίωται
normalizado: κατιωται
ocorrencias: 1
referencias: TG 5:3

lemma: κατοικήσαντι
normalizado: κατοικησαντι
ocorrencias: 1
referencias: MT 23:21

lemma: κατορθωμάτων
normalizado: κατορθωματων
ocorrencias: 1
referencias: AT 24:2

lemma: καυθήσωμαι
normalizado: καυθησωμαι
ocorrencias: 1
referencias: 1CO 13:3

lemma: Κεγχρεαῖς
normalizado: κεγχρεαις
ocorrencias: 2
referencias: AT 18:18, RM 16:1

lemma: κείροντος
normalizado: κειροντος
ocorrencias: 1
referencias: AT 8:32

lemma: κεκαθαρμένους
normalizado: κεκαθαρμενους
ocorrencias: 1
referencias: HB 10:2

lemma: κεκαυτηριασμένων
normalizado: κεκαυτηριασμενων
ocorrencias: 1
referencias: 1TM 4:2

lemma: κεκράξονται
normalizado: κεκραξονται
ocorrencias: 1
referencias: LC 19:40

lemma: κενώσῃ
normalizado: κενωση
ocorrencias: 1
referencias: 1CO 9:15

lemma: κεραμεὺς
normalizado: κεραμευς
ocorrencias: 1
referencias: RM 9:21

lemma: κερδήσωμεν
normalizado: κερδησωμεν
ocorrencias: 1
referencias: TG 4:13

lemma: Κεφάλαιον
normalizado: κεφαλαιον
ocorrencias: 1
referencias: HB 8:1

lemma: κηρίου
normalizado: κηριου
ocorrencias: 1
referencias: LC 24:42

lemma: κηρύξουσιν
normalizado: κηρυξουσιν
ocorrencias: 1
referencias: RM 10:15

lemma: κηρύσσοντος
normalizado: κηρυσσοντος
ocorrencias: 1
referencias: RM 10:14

lemma: κινάμωμον
normalizado: κιναμωμον
ocorrencias: 1
referencias: AP 18:13

lemma: κλάδοι
normalizado: κλαδοι
ocorrencias: 2
referencias: RM 11:16, RM 11:19

lemma: κλάδων
normalizado: κλαδων
ocorrencias: 3
referencias: RM 11:17, RM 11:18, RM 11:21

lemma: κλαίειν
normalizado: κλαιειν
ocorrencias: 1
referencias: RM 12:15

lemma: κλαιόντων
normalizado: κλαιοντων
ocorrencias: 1
referencias: RM 12:15

lemma: Κλαύδην
normalizado: κλαυδην
ocorrencias: 1
referencias: AT 27:16

lemma: Κληθέντος
normalizado: κληθεντος
ocorrencias: 1
referencias: AT 24:2

lemma: κληρονομήσατε
normalizado: κληρονομησατε
ocorrencias: 1
referencias: MT 25:34

lemma: κληρονομήσῃ
normalizado: κληρονομηση
ocorrencias: 1
referencias: GL 4:30

lemma: κλῆσις
normalizado: κλησις
ocorrencias: 1
referencias: RM 11:29

lemma: κλώμενον
normalizado: κλωμενον
ocorrencias: 1
referencias: 1CO 11:24

lemma: κοινωνοῦντες
normalizado: κοινωνουντες
ocorrencias: 1
referencias: RM 12:13

lemma: κοίταις
normalizado: κοιταις
ocorrencias: 1
referencias: RM 13:13

lemma: κολάσονται
normalizado: κολασονται
ocorrencias: 1
referencias: AT 4:21

lemma: Κολασσαῖς
normalizado: κολασσαις
ocorrencias: 1
referencias: CL 1:2

lemma: κολλύριον
normalizado: κολλυριον
ocorrencias: 1
referencias: AP 3:18

lemma: κολλώμενοι
normalizado: κολλωμενοι
ocorrencias: 1
referencias: RM 12:9

lemma: κολωνεία
normalizado: κολωνεια
ocorrencias: 1
referencias: AT 16:12

lemma: κομιεῖται
normalizado: κομιειται
ocorrencias: 2
referencias: CL 3:25, EF 6:8

lemma: κομιούμενοι
normalizado: κομιουμενοι
ocorrencias: 1
referencias: 2PE 2:13

lemma: κοπιώσας
normalizado: κοπιωσας
ocorrencias: 1
referencias: RM 16:12

lemma: Κορνηλίῳ
normalizado: κορνηλιω
ocorrencias: 1
referencias: AT 10:7

lemma: Κούαρτος
normalizado: κουαρτος
ocorrencias: 1
referencias: RM 16:23

lemma: κοῦμι
normalizado: κουμι
ocorrencias: 1
referencias: MC 5:41

lemma: κραββάτοις
normalizado: κραββατοις
ocorrencias: 1
referencias: MC 6:55

lemma: κράββατον
normalizado: κραββατον
ocorrencias: 5
referencias: JO 5:10, JO 5:9, MC 2:12, MC 2:4, MC 2:9

lemma: κράββατόν
normalizado: κραββατον
ocorrencias: 4
referencias: JO 5:11, JO 5:12, JO 5:8, MC 2:11

lemma: κραββάτῳ
normalizado: κραββατω
ocorrencias: 1
referencias: AT 9:33

lemma: κραββάτων
normalizado: κραββατων
ocorrencias: 1
referencias: AT 5:15

lemma: κράζομεν
normalizado: κραζομεν
ocorrencias: 1
referencias: RM 8:15

lemma: κράζοντα
normalizado: κραζοντα
ocorrencias: 1
referencias: LC 4:41

lemma: κράξαν
normalizado: κραξαν
ocorrencias: 2
referencias: MC 1:26, MC 9:26

lemma: κρέμανται
normalizado: κρεμανται
ocorrencias: 1
referencias: MT 22:40

lemma: κριθῆς
normalizado: κριθης
ocorrencias: 1
referencias: AP 6:6

lemma: κρίνωμεν
normalizado: κρινωμεν
ocorrencias: 1
referencias: RM 14:13

lemma: Κρίσπος
normalizado: κρισπος
ocorrencias: 1
referencias: AT 18:8

lemma: κύλισμα
normalizado: κυλισμα
ocorrencias: 1
referencias: 2PE 2:22

lemma: Κυρηναίου
normalizado: κυρηναιου
ocorrencias: 1
referencias: LC 23:26

lemma: κυριεύσῃ
normalizado: κυριευση
ocorrencias: 1
referencias: RM 14:9

lemma: Κῶν
normalizado: κων
ocorrencias: 1
referencias: AT 21:1

lemma: λαβοῦσαι
normalizado: λαβουσαι
ocorrencias: 2
referencias: MT 25:1, MT 25:3

lemma: λαλεῖται
normalizado: λαλειται
ocorrencias: 1
referencias: HB 11:4

lemma: Λαληθείσης
normalizado: λαληθεισης
ocorrencias: 1
referencias: HB 9:19

lemma: λαλήσαντος
normalizado: λαλησαντος
ocorrencias: 1
referencias: AT 23:7

lemma: λαλοῦσα
normalizado: λαλουσα
ocorrencias: 1
referencias: AP 10:8

lemma: λαμπάδας
normalizado: λαμπαδας
ocorrencias: 3
referencias: MT 25:1, MT 25:3, MT 25:7

lemma: λάμψαι
normalizado: λαμψαι
ocorrencias: 1
referencias: 2CO 4:6

lemma: Λαοδικαίων
normalizado: λαοδικαιων
ocorrencias: 1
referencias: CL 4:16

lemma: λατρεία
normalizado: λατρεια
ocorrencias: 1
referencias: RM 9:4

lemma: λατρεύομεν
normalizado: λατρευομεν
ocorrencias: 1
referencias: HB 12:28

lemma: λάχανα
normalizado: λαχανα
ocorrencias: 1
referencias: RM 14:2

lemma: Λεγεών
normalizado: λεγεων
ocorrencias: 1
referencias: LC 8:30

lemma: Λεγεὼν
normalizado: λεγεων
ocorrencias: 1
referencias: MC 5:9

lemma: Λεγεῶνα
normalizado: λεγεωνα
ocorrencias: 1
referencias: MC 5:15

lemma: λεγεῶνας
normalizado: λεγεωνας
ocorrencias: 1
referencias: MT 26:53

lemma: λέγωμεν
normalizado: λεγωμεν
ocorrencias: 1
referencias: 2CO 9:4

lemma: λεῖμμα
normalizado: λειμμα
ocorrencias: 1
referencias: RM 11:5

lemma: λείπῃ
normalizado: λειπη
ocorrencias: 1
referencias: TT 3:13

lemma: λειτουργῆσαι
normalizado: λειτουργησαι
ocorrencias: 1
referencias: RM 15:27

lemma: λειτουργοὶ
normalizado: λειτουργοι
ocorrencias: 1
referencias: RM 13:6

lemma: λελουμένοι
normalizado: λελουμενοι
ocorrencias: 1
referencias: HB 10:22

lemma: λήψεως
normalizado: ληψεως
ocorrencias: 1
referencias: FP 4:15

lemma: ληψόμεθα
normalizado: ληψομεθα
ocorrencias: 1
referencias: TG 3:1

lemma: λήψονται
normalizado: ληψονται
ocorrencias: 4
referencias: LC 20:47, MC 12:40, MT 20:10, RM 13:2

lemma: λιθοβολεῖσθαι
normalizado: λιθοβολεισθαι
ocorrencias: 1
referencias: JO 8:5

lemma: λιθοβολήσαντες
normalizado: λιθοβολησαντες
ocorrencias: 1
referencias: MC 12:4

lemma: λιμὰ
normalizado: λιμα
ocorrencias: 2
referencias: MC 15:34, MT 27:46

lemma: λογίαι
normalizado: λογιαι
ocorrencias: 1
referencias: 1CO 16:2

lemma: λογίας
normalizado: λογιας
ocorrencias: 1
referencias: 1CO 16:1

lemma: λογιζομένῳ
normalizado: λογιζομενω
ocorrencias: 1
referencias: RM 14:14

lemma: λογικὴν
normalizado: λογικην
ocorrencias: 1
referencias: RM 12:1

lemma: λούσαντι
normalizado: λουσαντι
ocorrencias: 1
referencias: AP 1:5

lemma: λουτροῦ
normalizado: λουτρου
ocorrencias: 1
referencias: TT 3:5

lemma: Λύδδαν
normalizado: λυδδαν
ocorrencias: 2
referencias: AT 9:32, AT 9:35

lemma: Λύδδης
normalizado: λυδδης
ocorrencias: 1
referencias: AT 9:38

lemma: λυπεῖται
normalizado: λυπειται
ocorrencias: 1
referencias: RM 14:15

lemma: Μαγδαλά
normalizado: μαγδαλα
ocorrencias: 1
referencias: MT 15:39

lemma: Μαϊνάν
normalizado: μαιναν
ocorrencias: 1
referencias: LC 3:31

lemma: μακαρίζομεν
normalizado: μακαριζομεν
ocorrencias: 1
referencias: TG 5:11

lemma: Μακροθυμήσατε
normalizado: μακροθυμησατε
ocorrencias: 2
referencias: TG 5:7, TG 5:8

lemma: μακροθυμῶν
normalizado: μακροθυμων
ocorrencias: 2
referencias: LC 18:7, TG 5:7

lemma: Μαρὰν
normalizado: μαραν
ocorrencias: 1
referencias: 1CO 16:22

lemma: Ματθάτ
normalizado: ματθατ
ocorrencias: 2
referencias: LC 3:24, LC 3:29

lemma: Ματθίαν
normalizado: ματθιαν
ocorrencias: 2
referencias: AT 1:23, AT 1:26

lemma: μαχαίρας
normalizado: μαχαιρας
ocorrencias: 4
referencias: AP 13:14, HB 11:34, HB 11:37, LC 21:24

lemma: μεγαλαυχεῖ
normalizado: μεγαλαυχει
ocorrencias: 1
referencias: TG 3:5

lemma: μεγαλειότητα
normalizado: μεγαλειοτητα
ocorrencias: 1
referencias: AT 19:27

lemma: μεγάλοις
normalizado: μεγαλοις
ocorrencias: 1
referencias: AP 11:18

lemma: μέθαις
normalizado: μεθαις
ocorrencias: 1
referencias: RM 13:13

lemma: μεθιστάνειν
normalizado: μεθιστανειν
ocorrencias: 1
referencias: 1CO 13:2

lemma: μεθόρια
normalizado: μεθορια
ocorrencias: 1
referencias: MC 7:24

lemma: μείναντες
normalizado: μειναντες
ocorrencias: 1
referencias: AT 20:15

lemma: μελετᾶτε
normalizado: μελετατε
ocorrencias: 1
referencias: MC 13:11

lemma: μελισσίου
normalizado: μελισσιου
ocorrencias: 1
referencias: LC 24:42

lemma: μεμιασμένοις
normalizado: μεμιασμενοις
ocorrencias: 1
referencias: TT 1:15

lemma: μέμφεται
normalizado: μεμφεται
ocorrencias: 1
referencias: RM 9:19

lemma: Μεμφόμενος
normalizado: μεμφομενος
ocorrencias: 1
referencias: HB 8:8

lemma: Μενοῦνγε
normalizado: μενουνγε
ocorrencias: 3
referencias: LC 11:28, RM 10:18, RM 9:20

lemma: Μεσίαν
normalizado: μεσιαν
ocorrencias: 1
referencias: JO 1:41

lemma: Μεσίας
normalizado: μεσιας
ocorrencias: 1
referencias: JO 4:25

lemma: μεταβαλλόμενοι
normalizado: μεταβαλλομενοι
ocorrencias: 1
referencias: AT 28:6

lemma: μεταδιδούς
normalizado: μεταδιδους
ocorrencias: 1
referencias: RM 12:8

lemma: μετάληψιν
normalizado: μεταληψιν
ocorrencias: 1
referencias: 1TM 4:3

lemma: μεταμορφοῦσθαι
normalizado: μεταμορφουσθαι
ocorrencias: 1
referencias: RM 12:2

lemma: μεταστραφήτω
normalizado: μεταστραφητω
ocorrencias: 1
referencias: TG 4:9

lemma: Μετατιθεμένης
normalizado: μετατιθεμενης
ocorrencias: 1
referencias: HB 7:12

lemma: μετριοπαθεῖν
normalizado: μετριοπαθειν
ocorrencias: 1
referencias: HB 5:2

lemma: μικροῖς
normalizado: μικροις
ocorrencias: 1
referencias: AP 11:18

lemma: Μιμνῄσκεσθε
normalizado: μιμνησκεσθε
ocorrencias: 1
referencias: HB 13:3

lemma: μογγιλάλον
normalizado: μογγιλαλον
ocorrencias: 1
referencias: MC 7:32

lemma: μοιχαλίδα
normalizado: μοιχαλιδα
ocorrencias: 1
referencias: RM 7:3

lemma: μύλον
normalizado: μυλον
ocorrencias: 1
referencias: AP 18:21

lemma: μύλωνι
normalizado: μυλωνι
ocorrencias: 1
referencias: MT 24:41

lemma: μωραί
normalizado: μωραι
ocorrencias: 2
referencias: MT 25:2, MT 25:3

lemma: μωραὶ
normalizado: μωραι
ocorrencias: 1
referencias: MT 25:8

lemma: Μωσέα
normalizado: μωσεα
ocorrencias: 1
referencias: LC 16:29

lemma: Μωσῇ
normalizado: μωση
ocorrencias: 7
referencias: AT 7:44, JO 5:46, JO 9:29, LC 9:33, MC 9:4, MC 9:5, MT 17:4

lemma: Μωσῆν
normalizado: μωσην
ocorrencias: 2
referencias: AT 6:11, AT 7:35

lemma: Ναθάν
normalizado: ναθαν
ocorrencias: 1
referencias: LC 3:31

lemma: Ναρκίσσου
normalizado: ναρκισσου
ocorrencias: 1
referencias: RM 16:11

lemma: Νεάπολιν
normalizado: νεαπολιν
ocorrencias: 1
referencias: AT 16:11

lemma: Νεεμὰν
normalizado: νεεμαν
ocorrencias: 1
referencias: LC 4:27

lemma: νενομοθέτητο
normalizado: νενομοθετητο
ocorrencias: 1
referencias: HB 7:11

lemma: νεύει
normalizado: νευει
ocorrencias: 1
referencias: JO 13:24

lemma: Νηρέα
normalizado: νηρεα
ocorrencias: 1
referencias: RM 16:15

lemma: νηφάλεον
normalizado: νηφαλεον
ocorrencias: 1
referencias: 1TM 3:2

lemma: νηφαλέους
normalizado: νηφαλεους
ocorrencias: 2
referencias: 1TM 3:11, TT 2:2

lemma: νικήσῃς
normalizado: νικησης
ocorrencias: 1
referencias: RM 3:4

lemma: Νικόπολιν
normalizado: νικοπολιν
ocorrencias: 1
referencias: TT 3:12

lemma: νικῶ
normalizado: νικω
ocorrencias: 1
referencias: RM 12:21

lemma: Νινευῒ
normalizado: νινευι
ocorrencias: 1
referencias: LC 11:32

lemma: νομικὰς
normalizado: νομικας
ocorrencias: 1
referencias: TT 3:9

lemma: νομικὸν
normalizado: νομικον
ocorrencias: 1
referencias: TT 3:13

lemma: νομοθεσία
normalizado: νομοθεσια
ocorrencias: 1
referencias: RM 9:4

lemma: νουθετεῖν
normalizado: νουθετειν
ocorrencias: 1
referencias: RM 15:14

lemma: νουθετῶ
normalizado: νουθετω
ocorrencias: 1
referencias: 1CO 4:14

lemma: νουμηνίας
normalizado: νουμηνιας
ocorrencias: 1
referencias: CL 2:16

lemma: νυστάξει
normalizado: νυσταξει
ocorrencias: 1
referencias: 2PE 2:3

lemma: νῶτον
normalizado: νωτον
ocorrencias: 1
referencias: RM 11:10

lemma: ξένον
normalizado: ξενον
ocorrencias: 2
referencias: MT 25:38, MT 25:44

lemma: ξένος
normalizado: ξενος
ocorrencias: 3
referencias: MT 25:35, MT 25:43, RM 16:23

lemma: ξυρήσωνται
normalizado: ξυρησωνται
ocorrencias: 1
referencias: AT 21:24

lemma: ὁδηγεῖ
normalizado: οδηγει
ocorrencias: 1
referencias: AP 7:17

lemma: ὁδηγήσῃ
normalizado: οδηγηση
ocorrencias: 1
referencias: AT 8:31

lemma: ὀδύνη
normalizado: οδυνη
ocorrencias: 1
referencias: RM 9:2

lemma: οἰκέτην
normalizado: οικετην
ocorrencias: 1
referencias: RM 14:4

lemma: οἰκοδομούμεναι
normalizado: οικοδομουμεναι
ocorrencias: 1
referencias: AT 9:31

lemma: οἰκοδομούντων
normalizado: οικοδομουντων
ocorrencias: 1
referencias: AT 4:11

lemma: οἰκουρούς
normalizado: οικουρους
ocorrencias: 1
referencias: TT 2:5

lemma: οἰκτειρήσω
normalizado: οικτειρησω
ocorrencias: 1
referencias: RM 9:15

lemma: οἰκτείρω
normalizado: οικτειρω
ocorrencias: 1
referencias: RM 9:15

lemma: ὀκνηρέ
normalizado: οκνηρε
ocorrencias: 1
referencias: MT 25:26

lemma: ὀκνηροί
normalizado: οκνηροι
ocorrencias: 1
referencias: RM 12:11

lemma: ὀκνῆσαι
normalizado: οκνησαι
ocorrencias: 1
referencias: AT 9:38

lemma: ὀλολύζοντες
normalizado: ολολυζοντες
ocorrencias: 1
referencias: TG 5:1

lemma: Ὀλυμπᾶν
normalizado: ολυμπαν
ocorrencias: 1
referencias: RM 16:15

lemma: ὀμνύετε
normalizado: ομνυετε
ocorrencias: 1
referencias: TG 5:12

lemma: ὁμοιοπαθὴς
normalizado: ομοιοπαθης
ocorrencias: 1
referencias: TG 5:17

lemma: ὁμολογεῖται
normalizado: ομολογειται
ocorrencias: 1
referencias: RM 10:10

lemma: ὁμολογήσῃς
normalizado: ομολογησης
ocorrencias: 1
referencias: RM 10:9

lemma: Ὁμολογῶ
normalizado: ομολογω
ocorrencias: 1
referencias: AT 24:14

lemma: ὀνειδιζόμεθα
normalizado: ονειδιζομεθα
ocorrencias: 1
referencias: 1TM 4:10

lemma: ὀνειδιζόντων
normalizado: ονειδιζοντων
ocorrencias: 1
referencias: RM 15:3

lemma: ὀνειδισμοὶ
normalizado: ονειδισμοι
ocorrencias: 1
referencias: RM 15:3

lemma: ὅνπερ
normalizado: ονπερ
ocorrencias: 1
referencias: MC 15:6

lemma: ὁπότε
normalizado: οποτε
ocorrencias: 1
referencias: LC 6:3

lemma: ὅρασις
normalizado: ορασις
ocorrencias: 1
referencias: AP 4:3

lemma: ὄρθριαι
normalizado: ορθριαι
ocorrencias: 1
referencias: LC 24:22

lemma: Ὁρκίζομεν
normalizado: ορκιζομεν
ocorrencias: 1
referencias: AT 19:13

lemma: ὅσας
normalizado: οσας
ocorrencias: 1
referencias: MC 3:28

lemma: Οὐρβανὸν
normalizado: ουρβανον
ocorrencias: 1
referencias: RM 16:9

lemma: οὖσαι
normalizado: ουσαι
ocorrencias: 1
referencias: RM 13:1

lemma: ὀφειλάς
normalizado: οφειλας
ocorrencias: 1
referencias: RM 13:7

lemma: ὀφειλομένην
normalizado: οφειλομενην
ocorrencias: 1
referencias: 1CO 7:3

lemma: ὀφθαλμοδουλείαις
normalizado: οφθαλμοδουλειαις
ocorrencias: 1
referencias: CL 3:22

lemma: ὀφθαλμοδουλείαν
normalizado: οφθαλμοδουλειαν
ocorrencias: 1
referencias: EF 6:6

lemma: ὀχλούμενοι
normalizado: οχλουμενοι
ocorrencias: 1
referencias: LC 6:18

lemma: ὄψει
normalizado: οψει
ocorrencias: 3
referencias: JO 11:40, JO 1:50, MT 27:4

lemma: ὄψιμον
normalizado: οψιμον
ocorrencias: 1
referencias: TG 5:7

lemma: παλαιότητι
normalizado: παλαιοτητι
ocorrencias: 1
referencias: RM 7:6

lemma: παλιγγενεσίᾳ
normalizado: παλιγγενεσια
ocorrencias: 1
referencias: MT 19:28

lemma: παλιγγενεσίας
normalizado: παλιγγενεσιας
ocorrencias: 1
referencias: TT 3:5

lemma: παμπόλλου
normalizado: παμπολλου
ocorrencias: 1
referencias: MC 8:1

lemma: πανοικὶ
normalizado: πανοικι
ocorrencias: 1
referencias: AT 16:34

lemma: πανταχόθεν
normalizado: πανταχοθεν
ocorrencias: 1
referencias: MC 1:45

lemma: πάντῃ
normalizado: παντη
ocorrencias: 1
referencias: AT 24:3

lemma: παραβαίνων
normalizado: παραβαινων
ocorrencias: 1
referencias: 2JO 1:9

lemma: παραβάλωμεν
normalizado: παραβαλωμεν
ocorrencias: 1
referencias: MC 4:30

lemma: παραβουλευσάμενος
normalizado: παραβουλευσαμενος
ocorrencias: 1
referencias: FP 2:30

lemma: Παραγενομένου
normalizado: παραγενομενου
ocorrencias: 1
referencias: AT 25:7

lemma: παραδεδωκόσιν
normalizado: παραδεδωκοσιν
ocorrencias: 1
referencias: AT 15:26

lemma: παραζηλῶσαι
normalizado: παραζηλωσαι
ocorrencias: 1
referencias: RM 11:11

lemma: παραζηλώσω
normalizado: παραζηλωσω
ocorrencias: 2
referencias: RM 10:19, RM 11:14

lemma: παραθήσομαι
normalizado: παραθησομαι
ocorrencias: 1
referencias: LC 23:46

lemma: παραθῶσιν
normalizado: παραθωσιν
ocorrencias: 2
referencias: MC 6:41, MC 8:6

lemma: παρακαθίσασα
normalizado: παρακαθισασα
ocorrencias: 1
referencias: LC 10:39

lemma: παραλήψομαι
normalizado: παραληψομαι
ocorrencias: 1
referencias: JO 14:3

lemma: παραρρυῶμεν
normalizado: παραρρυωμεν
ocorrencias: 1
referencias: HB 2:1

lemma: παραστησόμεθα
normalizado: παραστησομεθα
ocorrencias: 1
referencias: RM 14:10

lemma: παραστῆτε
normalizado: παραστητε
ocorrencias: 1
referencias: RM 16:2

lemma: παρεδίδοτο
normalizado: παρεδιδοτο
ocorrencias: 1
referencias: 1CO 11:23

lemma: παρέδωκας
normalizado: παρεδωκας
ocorrencias: 2
referencias: MT 25:20, MT 25:22

lemma: παρελθέτω
normalizado: παρελθετω
ocorrencias: 1
referencias: MT 26:39

lemma: παρενεγκεῖν
normalizado: παρενεγκειν
ocorrencias: 1
referencias: LC 22:42

lemma: παρέξει
normalizado: παρεξει
ocorrencias: 1
referencias: LC 7:4

lemma: παρεστηκόσιν
normalizado: παρεστηκοσιν
ocorrencias: 1
referencias: MC 14:69

lemma: παρθένοις
normalizado: παρθενοις
ocorrencias: 1
referencias: MT 25:1

lemma: παρίστησιν
normalizado: παριστησιν
ocorrencias: 1
referencias: 1CO 8:8

lemma: παροργιῶ
normalizado: παροργιω
ocorrencias: 1
referencias: RM 10:19

lemma: Πατρόβαν
normalizado: πατροβαν
ocorrencias: 1
referencias: RM 16:14

lemma: πεινῶντα
normalizado: πεινωντα
ocorrencias: 2
referencias: MT 25:37, MT 25:44

lemma: πενθήσουσιν
normalizado: πενθησουσιν
ocorrencias: 1
referencias: AP 18:11

lemma: πεπειραμένον
normalizado: πεπειραμενον
ocorrencias: 1
referencias: HB 4:15

lemma: Πεπείσμεθα
normalizado: πεπεισμεθα
ocorrencias: 1
referencias: HB 6:9

lemma: πεπληρωκέναι
normalizado: πεπληρωκεναι
ocorrencias: 1
referencias: RM 15:19

lemma: πεπραμένος
normalizado: πεπραμενος
ocorrencias: 1
referencias: RM 7:14

lemma: πεπτώκασιν
normalizado: πεπτωκασιν
ocorrencias: 1
referencias: AP 18:3

lemma: πεπυρωμένοι
normalizado: πεπυρωμενοι
ocorrencias: 1
referencias: AP 1:15

lemma: πεπώρωκεν
normalizado: πεπωρωκεν
ocorrencias: 1
referencias: JO 12:40

lemma: πέρατα
normalizado: περατα
ocorrencias: 1
referencias: RM 10:18

lemma: περιβαλοῦσιν
normalizado: περιβαλουσιν
ocorrencias: 1
referencias: LC 19:43

lemma: περιδραμόντες
normalizado: περιδραμοντες
ocorrencias: 1
referencias: MC 6:55

lemma: περιεβάλετέ
normalizado: περιεβαλετε
ocorrencias: 2
referencias: MT 25:36, MT 25:43

lemma: περιεβάλομεν
normalizado: περιεβαλομεν
ocorrencias: 1
referencias: MT 25:38

lemma: περιελθόντες
normalizado: περιελθοντες
ocorrencias: 1
referencias: AT 28:13

lemma: περιέχουσαν
normalizado: περιεχουσαν
ocorrencias: 1
referencias: AT 23:25

lemma: Περίζωσαι
normalizado: περιζωσαι
ocorrencias: 1
referencias: AT 12:8

lemma: περιπατήσαντες
normalizado: περιπατησαντες
ocorrencias: 1
referencias: HB 13:9

lemma: περιπεπατήκει
normalizado: περιπεπατηκει
ocorrencias: 1
referencias: AT 14:8

lemma: περιρρήξαντες
normalizado: περιρρηξαντες
ocorrencias: 1
referencias: AT 16:22

lemma: περισσεύουσιν
normalizado: περισσευουσιν
ocorrencias: 1
referencias: LC 15:17

lemma: περιτετμημένοι
normalizado: περιτετμημενοι
ocorrencias: 1
referencias: GL 6:13

lemma: Περσίδα
normalizado: περσιδα
ocorrencias: 1
referencias: RM 16:12

lemma: πέσητε
normalizado: πεσητε
ocorrencias: 1
referencias: TG 5:12

lemma: πεσόντας
normalizado: πεσοντας
ocorrencias: 1
referencias: RM 11:22

lemma: πέσωσιν
normalizado: πεσωσιν
ocorrencias: 1
referencias: RM 11:11

lemma: πηλοῦ
normalizado: πηλου
ocorrencias: 1
referencias: RM 9:21

lemma: πιότητος
normalizado: πιοτητος
ocorrencias: 1
referencias: RM 11:17

lemma: Πισιδίας
normalizado: πισιδιας
ocorrencias: 1
referencias: AT 13:14

lemma: πιστέ
normalizado: πιστε
ocorrencias: 2
referencias: MT 25:21, MT 25:23

lemma: πιστεύεται
normalizado: πιστευεται
ocorrencias: 1
referencias: RM 10:10

lemma: πιστεύσατε
normalizado: πιστευσατε
ocorrencias: 1
referencias: JO 10:38

lemma: πιστεύσῃ
normalizado: πιστευση
ocorrencias: 3
referencias: JO 12:47, JO 17:21, MC 11:23

lemma: πλανώμενα
normalizado: πλανωμενα
ocorrencias: 1
referencias: 1PE 2:25

lemma: πλάσαντι
normalizado: πλασαντι
ocorrencias: 1
referencias: RM 9:20

lemma: πλάσμα
normalizado: πλασμα
ocorrencias: 1
referencias: RM 9:20

lemma: Πλείονος
normalizado: πλειονος
ocorrencias: 1
referencias: HB 3:3

lemma: πληθύναι
normalizado: πληθυναι
ocorrencias: 1
referencias: 2CO 9:10

lemma: πλημμύρας
normalizado: πλημμυρας
ocorrencias: 1
referencias: LC 6:48

lemma: πληροῦται
normalizado: πληρουται
ocorrencias: 1
referencias: GL 5:14

lemma: πληροφορείσθω
normalizado: πληροφορεισθω
ocorrencias: 1
referencias: RM 14:5

lemma: πληρώματι
normalizado: πληρωματι
ocorrencias: 1
referencias: RM 15:29

lemma: πληρώσωσιν
normalizado: πληρωσωσιν
ocorrencias: 1
referencias: AP 6:11

lemma: πλήσαντες
normalizado: πλησαντες
ocorrencias: 1
referencias: JO 19:29

lemma: ποιεῖσθε
normalizado: ποιεισθε
ocorrencias: 1
referencias: RM 13:14

lemma: ποιήσαντα
normalizado: ποιησαντα
ocorrencias: 1
referencias: AP 14:7

lemma: ποιήσασθαι
normalizado: ποιησασθαι
ocorrencias: 1
referencias: RM 15:26

lemma: ποιήσειαν
normalizado: ποιησειαν
ocorrencias: 1
referencias: LC 6:11

lemma: Πολυμερῶς
normalizado: πολυμερως
ocorrencias: 1
referencias: HB 1:1

lemma: πολύσπλαγχνός
normalizado: πολυσπλαγχνος
ocorrencias: 1
referencias: TG 5:11

lemma: Ποντίῳ
normalizado: ποντιω
ocorrencias: 1
referencias: MT 27:2

lemma: πορευθέντα
normalizado: πορευθεντα
ocorrencias: 1
referencias: AT 27:3

lemma: πορευόμεναι
normalizado: πορευομεναι
ocorrencias: 1
referencias: AT 9:31

lemma: πορευσώμεθα
normalizado: πορευσωμεθα
ocorrencias: 1
referencias: TG 4:13

lemma: πορρωτέρω
normalizado: πορρωτερω
ocorrencias: 1
referencias: LC 24:28

lemma: πορφυροῦ
normalizado: πορφυρου
ocorrencias: 1
referencias: AP 18:12

lemma: πότιζε
normalizado: ποτιζε
ocorrencias: 1
referencias: RM 12:20

lemma: πρᾳέος
normalizado: πραεος
ocorrencias: 1
referencias: 1PE 3:4

lemma: πρᾳότης
normalizado: πραοτης
ocorrencias: 1
referencias: GL 5:23

lemma: πρᾳότητα
normalizado: πραοτητα
ocorrencias: 3
referencias: 1TM 6:11, CL 3:12, TT 3:2

lemma: πρᾳότητι
normalizado: πραοτητι
ocorrencias: 1
referencias: 2TM 2:25

lemma: πρᾳότητος
normalizado: πραοτητος
ocorrencias: 4
referencias: 1CO 4:21, 2CO 10:1, EF 4:2, GL 6:1

lemma: πράσσοντι
normalizado: πρασσοντι
ocorrencias: 1
referencias: RM 13:4

lemma: προαιρεῖται
normalizado: προαιρειται
ocorrencias: 1
referencias: 2CO 9:7

lemma: Πρόδηλον
normalizado: προδηλον
ocorrencias: 1
referencias: HB 7:14

lemma: προεβίβασαν
normalizado: προεβιβασαν
ocorrencias: 1
referencias: AT 19:33

lemma: προέγνω
normalizado: προεγνω
ocorrencias: 2
referencias: RM 11:2, RM 8:29

lemma: προέδωκεν
normalizado: προεδωκεν
ocorrencias: 1
referencias: RM 11:35

lemma: προείπομεν
normalizado: προειπομεν
ocorrencias: 1
referencias: 1TS 4:6

lemma: προείρηκεν
normalizado: προειρηκεν
ocorrencias: 1
referencias: RM 9:29

lemma: προειρηκέναι
normalizado: προειρηκεναι
ocorrencias: 1
referencias: HB 10:15

lemma: προέκοψεν
normalizado: προεκοψεν
ocorrencias: 1
referencias: RM 13:12

lemma: προέτεινεν
normalizado: προετεινεν
ocorrencias: 1
referencias: AT 22:25

lemma: προεφήτευον
normalizado: προεφητευον
ocorrencias: 1
referencias: AT 19:6

lemma: προηγούμενοι
normalizado: προηγουμενοι
ocorrencias: 1
referencias: RM 12:10

lemma: προϊστάμενος
normalizado: προισταμενος
ocorrencias: 1
referencias: RM 12:8

lemma: προΐστασθαι
normalizado: προιστασθαι
ocorrencias: 2
referencias: TT 3:14, TT 3:8

lemma: προκατηγγελμένην
normalizado: προκατηγγελμενην
ocorrencias: 1
referencias: 2CO 9:5

lemma: προληφθῇ
normalizado: προληφθη
ocorrencias: 1
referencias: GL 6:1

lemma: πρόνοιαν
normalizado: προνοιαν
ocorrencias: 1
referencias: RM 13:14

lemma: προνοούμενοι
normalizado: προνοουμενοι
ocorrencias: 1
referencias: 2CO 8:21

lemma: Προνοούμενοι
normalizado: προνοουμενοι
ocorrencias: 1
referencias: RM 12:17

lemma: πρόπεμψον
normalizado: προπεμψον
ocorrencias: 1
referencias: TT 3:13

lemma: προσαγορευθεὶς
normalizado: προσαγορευθεις
ocorrencias: 1
referencias: HB 5:10

lemma: προσδέξησθε
normalizado: προσδεξησθε
ocorrencias: 1
referencias: RM 16:2

lemma: Προσδέχεσθε
normalizado: προσδεχεσθε
ocorrencias: 1
referencias: FP 2:29

lemma: προσεγγίσαι
normalizado: προσεγγισαι
ocorrencias: 1
referencias: MC 2:4

lemma: προσεδρεύοντες
normalizado: προσεδρευοντες
ocorrencias: 1
referencias: 1CO 9:13

lemma: προσειργάσατο
normalizado: προσειργασατο
ocorrencias: 1
referencias: LC 19:16

lemma: προσεκλήθη
normalizado: προσεκληθη
ocorrencias: 1
referencias: AT 5:36

lemma: προσελάβετο
normalizado: προσελαβετο
ocorrencias: 2
referencias: RM 14:3, RM 15:7

lemma: προσέπιπτεν
normalizado: προσεπιπτεν
ocorrencias: 1
referencias: MC 3:11

lemma: προσεποιεῖτο
normalizado: προσεποιειτο
ocorrencias: 1
referencias: LC 24:28

lemma: προσέρρηξεν
normalizado: προσερρηξεν
ocorrencias: 2
referencias: LC 6:48, LC 6:49

lemma: προσευξάσθωσαν
normalizado: προσευξασθωσαν
ocorrencias: 1
referencias: TG 5:14

lemma: προσευξόμεθα
normalizado: προσευξομεθα
ocorrencias: 1
referencias: RM 8:26

lemma: προσηυξάμεθα
normalizado: προσηυξαμεθα
ocorrencias: 1
referencias: AT 21:5

lemma: Προσκαλεσάσθω
normalizado: προσκαλεσασθω
ocorrencias: 1
referencias: TG 5:14

lemma: πρόσκλησιν
normalizado: προσκλησιν
ocorrencias: 1
referencias: 1TM 5:21

lemma: προσλαβεῖν
normalizado: προσλαβειν
ocorrencias: 1
referencias: AT 27:34

lemma: προσλαμβάνεσθε
normalizado: προσλαμβανεσθε
ocorrencias: 2
referencias: RM 14:1, RM 15:7

lemma: πρόσληψις
normalizado: προσληψις
ocorrencias: 1
referencias: RM 11:15

lemma: προσποιούμενος
normalizado: προσποιουμενος
ocorrencias: 1
referencias: JO 8:6

lemma: προστάτις
normalizado: προστατις
ocorrencias: 1
referencias: RM 16:2

lemma: προσφέρωσιν
normalizado: προσφερωσιν
ocorrencias: 1
referencias: LC 12:11

lemma: προσωποληπτεῖτε
normalizado: προσωποληπτειτε
ocorrencias: 1
referencias: TG 2:9

lemma: προσωπολήπτης
normalizado: προσωποληπτης
ocorrencias: 1
referencias: AT 10:34

lemma: προσωποληψία
normalizado: προσωποληψια
ocorrencias: 3
referencias: CL 3:25, EF 6:9, RM 2:11

lemma: προσωποληψίαις
normalizado: προσωποληψιαις
ocorrencias: 1
referencias: TG 2:1

lemma: Προωρώμην
normalizado: προωρωμην
ocorrencias: 1
referencias: AT 2:25

lemma: πρώϊμον
normalizado: πρωιμον
ocorrencias: 1
referencias: TG 5:7

lemma: πρῴρας
normalizado: πρωρας
ocorrencias: 1
referencias: AT 27:30

lemma: πταίσει
normalizado: πταισει
ocorrencias: 1
referencias: TG 2:10

lemma: Πύθωνος
normalizado: πυθωνος
ocorrencias: 1
referencias: AT 16:16

lemma: πωλήσει
normalizado: πωλησει
ocorrencias: 1
referencias: LC 22:36

lemma: πώρωσις
normalizado: πωρωσις
ocorrencias: 1
referencias: RM 11:25

lemma: ῥαιδῶν
normalizado: ραιδων
ocorrencias: 1
referencias: AP 18:13

lemma: Ῥεβέκκα
normalizado: ρεβεκκα
ocorrencias: 1
referencias: RM 9:10

lemma: Ῥεμφάν
normalizado: ρεμφαν
ocorrencias: 1
referencias: AT 7:43

lemma: ῥίζης
normalizado: ριζης
ocorrencias: 1
referencias: RM 11:17

lemma: Ῥουβίμ
normalizado: ρουβιμ
ocorrencias: 1
referencias: AP 7:5

lemma: Ῥοῦφον
normalizado: ρουφον
ocorrencias: 1
referencias: RM 16:13

lemma: ῥύεται
normalizado: ρυεται
ocorrencias: 1
referencias: 2CO 1:10

lemma: ῥυόμενος
normalizado: ρυομενος
ocorrencias: 1
referencias: RM 11:26

lemma: ῥυπαρευθήτω
normalizado: ρυπαρευθητω
ocorrencias: 1
referencias: AP 22:11

lemma: ῥυσθῶ
normalizado: ρυσθω
ocorrencias: 1
referencias: RM 15:31

lemma: Σαβαὼθ
normalizado: σαβαωθ
ocorrencias: 2
referencias: RM 9:29, TG 5:4

lemma: Σαμαρεῖται
normalizado: σαμαρειται
ocorrencias: 1
referencias: JO 4:40

lemma: Σαμαρείταις
normalizado: σαμαρειταις
ocorrencias: 1
referencias: JO 4:9

lemma: Σαμαρείτης
normalizado: σαμαρειτης
ocorrencias: 3
referencias: JO 8:48, LC 10:33, LC 17:16

lemma: Σαμαρείτιδος
normalizado: σαμαρειτιδος
ocorrencias: 1
referencias: JO 4:9

lemma: Σαμαρεῖτις
normalizado: σαμαρειτις
ocorrencias: 1
referencias: JO 4:9

lemma: Σαπφείρῃ
normalizado: σαπφειρη
ocorrencias: 1
referencias: AT 5:1

lemma: σάπφειρος
normalizado: σαπφειρος
ocorrencias: 1
referencias: AP 21:19

lemma: σαρκικῆς
normalizado: σαρκικης
ocorrencias: 1
referencias: HB 7:16

lemma: σαρκικοῖς
normalizado: σαρκικοις
ocorrencias: 2
referencias: 1CO 3:1, RM 15:27

lemma: σαρκικός
normalizado: σαρκικος
ocorrencias: 1
referencias: RM 7:14

lemma: Σατᾶν
normalizado: σαταν
ocorrencias: 1
referencias: 2CO 12:7

lemma: σβέννυνται
normalizado: σβεννυνται
ocorrencias: 1
referencias: MT 25:8

lemma: σείω
normalizado: σειω
ocorrencias: 1
referencias: HB 12:26

lemma: Σεμεΐ
normalizado: σεμει
ocorrencias: 1
referencias: LC 3:26

lemma: σέσηπεν
normalizado: σεσηπεν
ocorrencias: 1
referencias: TG 5:2

lemma: σέσῳσται
normalizado: σεσωσται
ocorrencias: 1
referencias: AT 4:9

lemma: σηρικοῦ
normalizado: σηρικου
ocorrencias: 1
referencias: AP 18:12

lemma: σητόβρωτα
normalizado: σητοβρωτα
ocorrencias: 1
referencias: TG 5:2

lemma: σῖτα
normalizado: σιτα
ocorrencias: 1
referencias: AT 7:12

lemma: σκληρύνει
normalizado: σκληρυνει
ocorrencias: 1
referencias: RM 9:18

lemma: σκοπεῖν
normalizado: σκοπειν
ocorrencias: 1
referencias: RM 16:17

lemma: σκοτισθήτωσαν
normalizado: σκοτισθητωσαν
ocorrencias: 1
referencias: RM 11:10

lemma: σκότῳ
normalizado: σκοτω
ocorrencias: 1
referencias: HB 12:18

lemma: σμαραγδίνων
normalizado: σμαραγδινων
ocorrencias: 1
referencias: AP 4:3

lemma: σοφῷ
normalizado: σοφω
ocorrencias: 2
referencias: 1TM 1:17, JD 1:25

lemma: Σπανίαν
normalizado: σπανιαν
ocorrencias: 2
referencias: RM 15:24, RM 15:28

lemma: σπουδάζοντες
normalizado: σπουδαζοντες
ocorrencias: 1
referencias: EF 4:3

lemma: Σπουδαιοτέρως
normalizado: σπουδαιοτερως
ocorrencias: 1
referencias: FP 2:28

lemma: Σπουδάσωμεν
normalizado: σπουδασωμεν
ocorrencias: 1
referencias: HB 4:11

lemma: στεναγμοῖς
normalizado: στεναγμοις
ocorrencias: 1
referencias: RM 8:26

lemma: στενάζετε
normalizado: στεναζετε
ocorrencias: 1
referencias: TG 5:9

lemma: στήκει
normalizado: στηκει
ocorrencias: 1
referencias: RM 14:4

lemma: στήκητε
normalizado: στηκητε
ocorrencias: 1
referencias: MC 11:25

lemma: στηρίξατε
normalizado: στηριξατε
ocorrencias: 1
referencias: TG 5:8

lemma: στήριξον
normalizado: στηριξον
ocorrencias: 1
referencias: LC 22:32

lemma: στήσει
normalizado: στησει
ocorrencias: 1
referencias: MT 25:33

lemma: στοιβάδας
normalizado: στοιβαδας
ocorrencias: 1
referencias: MC 11:8

lemma: στυγητοί
normalizado: στυγητοι
ocorrencias: 1
referencias: TT 3:3

lemma: συγγενῆ
normalizado: συγγενη
ocorrencias: 1
referencias: RM 16:11

lemma: συγγνώμην
normalizado: συγγνωμην
ocorrencias: 1
referencias: 1CO 7:6

lemma: συγκαθήμενοι
normalizado: συγκαθημενοι
ocorrencias: 1
referencias: AT 26:30

lemma: συγκαθήμενος
normalizado: συγκαθημενος
ocorrencias: 1
referencias: MC 14:54

lemma: συγκαθισάντων
normalizado: συγκαθισαντων
ocorrencias: 1
referencias: LC 22:55

lemma: συγκακοπάθησον
normalizado: συγκακοπαθησον
ocorrencias: 1
referencias: 2TM 1:8

lemma: συγκακουχεῖσθαι
normalizado: συγκακουχεισθαι
ocorrencias: 1
referencias: HB 11:25

lemma: συγκαλεῖ
normalizado: συγκαλει
ocorrencias: 1
referencias: LC 15:6

lemma: συγκαλεῖται
normalizado: συγκαλειται
ocorrencias: 1
referencias: LC 15:9

lemma: συγκαλεσάμενος
normalizado: συγκαλεσαμενος
ocorrencias: 2
referencias: AT 10:24, LC 23:13

lemma: Συγκαλεσάμενος
normalizado: συγκαλεσαμενος
ocorrencias: 1
referencias: LC 9:1

lemma: συγκαλέσασθαι
normalizado: συγκαλεσασθαι
ocorrencias: 1
referencias: AT 28:17

lemma: συγκαλοῦσιν
normalizado: συγκαλουσιν
ocorrencias: 1
referencias: MC 15:16

lemma: σύγκαμψον
normalizado: συγκαμψον
ocorrencias: 1
referencias: RM 11:10

lemma: συγκαταβάντες
normalizado: συγκαταβαντες
ocorrencias: 1
referencias: AT 25:5

lemma: συγκατάθεσις
normalizado: συγκαταθεσις
ocorrencias: 1
referencias: 2CO 6:16

lemma: συγκατατεθειμένος
normalizado: συγκατατεθειμενος
ocorrencias: 1
referencias: LC 23:51

lemma: συγκατεψηφίσθη
normalizado: συγκατεψηφισθη
ocorrencias: 1
referencias: AT 1:26

lemma: συγκεκλεισμένοι
normalizado: συγκεκλεισμενοι
ocorrencias: 1
referencias: GL 3:23

lemma: συγκεκραμένους
normalizado: συγκεκραμενους
ocorrencias: 1
referencias: HB 4:2

lemma: συγκεχυμένη
normalizado: συγκεχυμενη
ocorrencias: 1
referencias: AT 19:32

lemma: συγκέχυται
normalizado: συγκεχυται
ocorrencias: 1
referencias: AT 21:31

lemma: συγκληρονόμα
normalizado: συγκληρονομα
ocorrencias: 1
referencias: EF 3:6

lemma: συγκληρονόμοι
normalizado: συγκληρονομοι
ocorrencias: 2
referencias: 1PE 3:7, RM 8:17

lemma: συγκληρονόμων
normalizado: συγκληρονομων
ocorrencias: 1
referencias: HB 11:9

lemma: συγκοινωνεῖτε
normalizado: συγκοινωνειτε
ocorrencias: 1
referencias: EF 5:11

lemma: συγκοινωνήσαντές
normalizado: συγκοινωνησαντες
ocorrencias: 1
referencias: FP 4:14

lemma: συγκοινωνήσητε
normalizado: συγκοινωνησητε
ocorrencias: 1
referencias: AP 18:4

lemma: συγκοινωνὸς
normalizado: συγκοινωνος
ocorrencias: 2
referencias: 1CO 9:23, RM 11:17

lemma: συγκοινωνούς
normalizado: συγκοινωνους
ocorrencias: 1
referencias: FP 1:7

lemma: συγκρῖναι
normalizado: συγκριναι
ocorrencias: 1
referencias: 2CO 10:12

lemma: συγκρίνοντες
normalizado: συγκρινοντες
ocorrencias: 2
referencias: 1CO 2:13, 2CO 10:12

lemma: συγκύπτουσα
normalizado: συγκυπτουσα
ocorrencias: 1
referencias: LC 13:11

lemma: συγχαίρει
normalizado: συγχαιρει
ocorrencias: 2
referencias: 1CO 12:26, 1CO 13:6

lemma: συγχαίρετέ
normalizado: συγχαιρετε
ocorrencias: 1
referencias: FP 2:18

lemma: συγχαίρω
normalizado: συγχαιρω
ocorrencias: 1
referencias: FP 2:17

lemma: Συγχάρητέ
normalizado: συγχαρητε
ocorrencias: 2
referencias: LC 15:6, LC 15:9

lemma: συγχρῶνται
normalizado: συγχρωνται
ocorrencias: 1
referencias: JO 4:9

lemma: συζητήσεως
normalizado: συζητησεως
ocorrencias: 1
referencias: AT 15:7

lemma: συκομωραίαν
normalizado: συκομωραιαν
ocorrencias: 1
referencias: LC 19:4

lemma: συλληφθέντα
normalizado: συλληφθεντα
ocorrencias: 1
referencias: AT 23:27

lemma: συμβαλεῖν
normalizado: συμβαλειν
ocorrencias: 1
referencias: LC 14:31

lemma: συμβιβασθέντων
normalizado: συμβιβασθεντων
ocorrencias: 1
referencias: CL 2:2

lemma: σύμβουλος
normalizado: συμβουλος
ocorrencias: 1
referencias: RM 11:34

lemma: συμμαρτυρεῖ
normalizado: συμμαρτυρει
ocorrencias: 1
referencias: RM 8:16

lemma: συμμορφούμενος
normalizado: συμμορφουμενος
ocorrencias: 1
referencias: FP 3:10

lemma: συμμόρφους
normalizado: συμμορφους
ocorrencias: 1
referencias: RM 8:29

lemma: συμπαραμενῶ
normalizado: συμπαραμενω
ocorrencias: 1
referencias: FP 1:25

lemma: συμπαρεγένετο
normalizado: συμπαρεγενετο
ocorrencias: 1
referencias: 2TM 4:16

lemma: συμπάσχομεν
normalizado: συμπασχομεν
ocorrencias: 1
referencias: RM 8:17

lemma: σύμφημι
normalizado: συμφημι
ocorrencias: 1
referencias: RM 7:16

lemma: συμφωνεῖ
normalizado: συμφωνει
ocorrencias: 1
referencias: LC 5:36

lemma: συνάγω
normalizado: συναγω
ocorrencias: 1
referencias: MT 25:26

lemma: συναγωνίσασθαί
normalizado: συναγωνισασθαι
ocorrencias: 1
referencias: RM 15:30

lemma: συναίρει
normalizado: συναιρει
ocorrencias: 1
referencias: MT 25:19

lemma: συναιχμαλώτους
normalizado: συναιχμαλωτους
ocorrencias: 1
referencias: RM 16:7

lemma: συνακολουθήσασαι
normalizado: συνακολουθησασαι
ocorrencias: 1
referencias: LC 23:49

lemma: συναναμίγνυσθε
normalizado: συναναμιγνυσθε
ocorrencias: 1
referencias: 2TS 3:14

lemma: συναναπαύσωμαι
normalizado: συναναπαυσωμαι
ocorrencias: 1
referencias: RM 15:32

lemma: συναντιλαμβάνεται
normalizado: συναντιλαμβανεται
ocorrencias: 1
referencias: RM 8:26

lemma: συναπαγόμενοι
normalizado: συναπαγομενοι
ocorrencias: 1
referencias: RM 12:16

lemma: συναχθήσεται
normalizado: συναχθησεται
ocorrencias: 1
referencias: MT 25:32

lemma: συνδοξασθῶμεν
normalizado: συνδοξασθωμεν
ocorrencias: 1
referencias: RM 8:17

lemma: συνέβαινον
normalizado: συνεβαινον
ocorrencias: 1
referencias: 1CO 10:11

lemma: συνέβαλεν
normalizado: συνεβαλεν
ocorrencias: 1
referencias: AT 20:14

lemma: συνειδυίας
normalizado: συνειδυιας
ocorrencias: 1
referencias: AT 5:2

lemma: Συνείπετο
normalizado: συνειπετο
ocorrencias: 1
referencias: AT 20:4

lemma: Συνεπέθεντο
normalizado: συνεπεθεντο
ocorrencias: 1
referencias: AT 24:9

lemma: συνεπιμαρτυροῦντος
normalizado: συνεπιμαρτυρουντος
ocorrencias: 1
referencias: HB 2:4

lemma: συνεργεῖ
normalizado: συνεργει
ocorrencias: 1
referencias: RM 8:28

lemma: συνεργούς
normalizado: συνεργους
ocorrencias: 1
referencias: RM 16:3

lemma: συνέχυνεν
normalizado: συνεχυνεν
ocorrencias: 1
referencias: AT 9:22

lemma: συνηγάγετέ
normalizado: συνηγαγετε
ocorrencias: 2
referencias: MT 25:35, MT 25:43

lemma: συνηγάγομεν
normalizado: συνηγαγομεν
ocorrencias: 1
referencias: MT 25:38

lemma: συνηθροισμένους
normalizado: συνηθροισμενους
ocorrencias: 1
referencias: LC 24:33

lemma: συνήλασεν
normalizado: συνηλασεν
ocorrencias: 1
referencias: AT 7:26

lemma: συνήσουσιν
normalizado: συνησουσιν
ocorrencias: 1
referencias: RM 15:21

lemma: συνιέντες
normalizado: συνιεντες
ocorrencias: 1
referencias: EF 5:17

lemma: συνίστημι
normalizado: συνιστημι
ocorrencias: 1
referencias: GL 2:18

lemma: Συνίστημι
normalizado: συνιστημι
ocorrencias: 1
referencias: RM 16:1

lemma: συνιστῶν
normalizado: συνιστων
ocorrencias: 1
referencias: 2CO 10:18

lemma: συνιστῶντες
normalizado: συνιστωντες
ocorrencias: 2
referencias: 2CO 4:2, 2CO 6:4

lemma: συντελῶν
normalizado: συντελων
ocorrencias: 1
referencias: RM 9:28

lemma: συντέμνων
normalizado: συντεμνων
ocorrencias: 1
referencias: RM 9:28

lemma: συντετμημένον
normalizado: συντετμημενον
ocorrencias: 1
referencias: RM 9:28

lemma: συντρίψει
normalizado: συντριψει
ocorrencias: 1
referencias: RM 16:20

lemma: συνωδίνει
normalizado: συνωδινει
ocorrencias: 1
referencias: RM 8:22

lemma: Συραφοινίκισσα
normalizado: συραφοινικισσα
ocorrencias: 1
referencias: MC 7:26

lemma: Σύρτην
normalizado: συρτην
ocorrencias: 1
referencias: AT 27:17

lemma: συστασιαστῶν
normalizado: συστασιαστων
ocorrencias: 1
referencias: MC 15:7

lemma: συστενάζει
normalizado: συστεναζει
ocorrencias: 1
referencias: RM 8:22

lemma: Συστρέψαντος
normalizado: συστρεψαντος
ocorrencias: 1
referencias: AT 28:3

lemma: συσχηματίζεσθαι
normalizado: συσχηματιζεσθαι
ocorrencias: 1
referencias: RM 12:2

lemma: σφαγῆς
normalizado: σφαγης
ocorrencias: 2
referencias: RM 8:36, TG 5:5

lemma: σφάξωσιν
normalizado: σφαξωσιν
ocorrencias: 1
referencias: AP 6:4

lemma: σφυρά
normalizado: σφυρα
ocorrencias: 1
referencias: AT 3:7

lemma: σχίζει
normalizado: σχιζει
ocorrencias: 1
referencias: LC 5:36

lemma: σχολάζητε
normalizado: σχολαζητε
ocorrencias: 1
referencias: 1CO 7:5

lemma: σωρεύσεις
normalizado: σωρευσεις
ocorrencias: 1
referencias: RM 12:20

lemma: Σωσίπατρος
normalizado: σωσιπατρος
ocorrencias: 1
referencias: RM 16:21

lemma: Ταβηθά
normalizado: ταβηθα
ocorrencias: 2
referencias: AT 9:36, AT 9:40

lemma: ταλαιπωρίαις
normalizado: ταλαιπωριαις
ocorrencias: 1
referencias: TG 5:1

lemma: τάλαντα
normalizado: ταλαντα
ocorrencias: 9
referencias: MT 25:15, MT 25:16, MT 25:20, MT 25:22, MT 25:28

lemma: τάλαντά
normalizado: ταλαντα
ocorrencias: 2
referencias: MT 25:20, MT 25:22

lemma: τάλαντον
normalizado: ταλαντον
ocorrencias: 2
referencias: MT 25:24, MT 25:28

lemma: τάλαντόν
normalizado: ταλαντον
ocorrencias: 1
referencias: MT 25:25

lemma: ταραχαί
normalizado: ταραχαι
ocorrencias: 1
referencias: MC 13:8

lemma: τεθνάναι
normalizado: τεθναναι
ocorrencias: 1
referencias: AT 14:19

lemma: τελειοῦται
normalizado: τελειουται
ocorrencias: 1
referencias: 2CO 12:9

lemma: Τελείων
normalizado: τελειων
ocorrencias: 1
referencias: HB 5:14

lemma: Τέρτιος
normalizado: τερτιος
ocorrencias: 1
referencias: RM 16:22

lemma: τεσσαρακονταετῆ
normalizado: τεσσαρακονταετη
ocorrencias: 1
referencias: AT 13:18

lemma: τεσσαρακονταετὴς
normalizado: τεσσαρακονταετης
ocorrencias: 1
referencias: AT 7:23

lemma: τεταγμέναι
normalizado: τεταγμεναι
ocorrencias: 1
referencias: RM 13:1

lemma: τεταχέναι
normalizado: τεταχεναι
ocorrencias: 1
referencias: AT 18:2

lemma: τετηρήκασιν
normalizado: τετηρηκασιν
ocorrencias: 1
referencias: JO 17:6

lemma: τετράρχου
normalizado: τετραρχου
ocorrencias: 1
referencias: AT 13:1

lemma: τέχνην
normalizado: τεχνην
ocorrencias: 1
referencias: AT 18:3

lemma: τίθεται
normalizado: τιθεται
ocorrencias: 1
referencias: MC 15:47

lemma: τιμήσῃ
normalizado: τιμηση
ocorrencias: 1
referencias: MT 15:5

lemma: τίμιον
normalizado: τιμιον
ocorrencias: 1
referencias: TG 5:7

lemma: τιμιώτερον
normalizado: τιμιωτερον
ocorrencias: 1
referencias: 1PE 1:7

lemma: τιμῶσιν
normalizado: τιμωσιν
ocorrencias: 2
referencias: JO 5:23

lemma: Τίτῳ
normalizado: τιτω
ocorrencias: 1
referencias: TT 1:4

lemma: Τολμηρότερον
normalizado: τολμηροτερον
ocorrencias: 1
referencias: RM 15:15

lemma: τολμήσω
normalizado: τολμησω
ocorrencias: 1
referencias: RM 15:18

lemma: τραπεζίταις
normalizado: τραπεζιταις
ocorrencias: 1
referencias: MT 25:27

lemma: τρέφηται
normalizado: τρεφηται
ocorrencias: 1
referencias: AP 12:14

lemma: τρέχοντος
normalizado: τρεχοντος
ocorrencias: 1
referencias: RM 9:16

lemma: Τρύφαιναν
normalizado: τρυφαιναν
ocorrencias: 1
referencias: RM 16:12

lemma: Τρυφῶσαν
normalizado: τρυφωσαν
ocorrencias: 1
referencias: RM 16:12

lemma: Τρωγυλλίῳ
normalizado: τρωγυλλιω
ocorrencias: 1
referencias: AT 20:15

lemma: τυγχάνοντα
normalizado: τυγχανοντα
ocorrencias: 1
referencias: LC 10:30

lemma: τυρβάζῃ
normalizado: τυρβαζη
ocorrencias: 1
referencias: LC 10:41

lemma: ὕελος
normalizado: υελος
ocorrencias: 1
referencias: AP 21:21

lemma: ὑέλῳ
normalizado: υελω
ocorrencias: 1
referencias: AP 21:18

lemma: υἱοθεσία
normalizado: υιοθεσια
ocorrencias: 1
referencias: RM 9:4

lemma: υἱοθεσίας
normalizado: υιοθεσιας
ocorrencias: 1
referencias: RM 8:15

lemma: ὕπανδρος
normalizado: υπανδρος
ocorrencias: 1
referencias: RM 7:2

lemma: ὑπέθηκαν
normalizado: υπεθηκαν
ocorrencias: 1
referencias: RM 16:4

lemma: ὑπελείφθην
normalizado: υπελειφθην
ocorrencias: 1
referencias: RM 11:3

lemma: ὑπέμενον
normalizado: υπεμενον
ocorrencias: 1
referencias: AT 17:14

lemma: ὑπερβάλλοντα
normalizado: υπερβαλλοντα
ocorrencias: 1
referencias: EF 2:7

lemma: ὑπερεκχυνόμενον
normalizado: υπερεκχυνομενον
ocorrencias: 1
referencias: LC 6:38

lemma: ὑπερεντυγχάνει
normalizado: υπερεντυγχανει
ocorrencias: 1
referencias: RM 8:26

lemma: ὑπερεχούσαις
normalizado: υπερεχουσαις
ocorrencias: 1
referencias: RM 13:1

lemma: ὑπερνικῶμεν
normalizado: υπερνικωμεν
ocorrencias: 1
referencias: RM 8:37

lemma: ὑπερφρονεῖν
normalizado: υπερφρονειν
ocorrencias: 1
referencias: RM 12:3

lemma: ὑπετάγη
normalizado: υπεταγη
ocorrencias: 1
referencias: RM 8:20

lemma: ὑπετάγησαν
normalizado: υπεταγησαν
ocorrencias: 1
referencias: RM 10:3

lemma: ὑπήκουσαν
normalizado: υπηκουσαν
ocorrencias: 1
referencias: RM 10:16

lemma: ὑπομένοντας
normalizado: υπομενοντας
ocorrencias: 1
referencias: TG 5:11

lemma: ὑπομένοντες
normalizado: υπομενοντες
ocorrencias: 1
referencias: RM 12:12

lemma: ὑποπιάζῃ
normalizado: υποπιαζη
ocorrencias: 1
referencias: LC 18:5

lemma: ὑποστρέψας
normalizado: υποστρεψας
ocorrencias: 1
referencias: MC 14:40

lemma: ὑποτάξαντα
normalizado: υποταξαντα
ocorrencias: 1
referencias: RM 8:20

lemma: ὑποτασσέσθω
normalizado: υποτασσεσθω
ocorrencias: 1
referencias: RM 13:1

lemma: ὑστεροῦντι
normalizado: υστερουντι
ocorrencias: 1
referencias: 1CO 12:24

lemma: ὑφ
normalizado: υφ
ocorrencias: 10
referencias: 1CO 4:3, 2CO 12:11, 2CO 1:16, 2CO 3:3, 2CO 8:19, 2CO 8:20, AT 24:21, AT 4:11, RM 15:24, RM 3:9

lemma: ὑψηλὰ
normalizado: υψηλα
ocorrencias: 1
referencias: RM 12:16

lemma: ὑψηλοφρόνει
normalizado: υψηλοφρονει
ocorrencias: 1
referencias: RM 11:20

lemma: Φάλεγ
normalizado: φαλεγ
ocorrencias: 1
referencias: LC 3:35

lemma: φανερωθέντες
normalizado: φανερωθεντες
ocorrencias: 1
referencias: 2CO 11:6

lemma: φαρμακειῶν
normalizado: φαρμακειων
ocorrencias: 1
referencias: AP 9:21

lemma: φείσεται
normalizado: φεισεται
ocorrencias: 1
referencias: RM 11:21

lemma: φελόνην
normalizado: φελονην
ocorrencias: 1
referencias: 2TM 4:13

lemma: φθόγγος
normalizado: φθογγος
ocorrencias: 1
referencias: RM 10:18

lemma: φθόνῳ
normalizado: φθονω
ocorrencias: 1
referencias: TT 3:3

lemma: φιλανθρωπία
normalizado: φιλανθρωπια
ocorrencias: 1
referencias: TT 3:4

lemma: Φιλόλογον
normalizado: φιλολογον
ocorrencias: 1
referencias: RM 16:15

lemma: φιλοξενίαν
normalizado: φιλοξενιαν
ocorrencias: 1
referencias: RM 12:13

lemma: φιλόστοργοι
normalizado: φιλοστοργοι
ocorrencias: 1
referencias: RM 12:10

lemma: φιλοτιμούμενον
normalizado: φιλοτιμουμενον
ocorrencias: 1
referencias: RM 15:20

lemma: φιλοῦντας
normalizado: φιλουντας
ocorrencias: 1
referencias: TT 3:15

lemma: φιλόφρονες
normalizado: φιλοφρονες
ocorrencias: 1
referencias: 1PE 3:8

lemma: Φλέγοντα
normalizado: φλεγοντα
ocorrencias: 1
referencias: RM 16:14

lemma: φοβεῖσθαι
normalizado: φοβεισθαι
ocorrencias: 1
referencias: RM 13:3

lemma: Φοβηθῶμεν
normalizado: φοβηθωμεν
ocorrencias: 1
referencias: HB 4:1

lemma: Φοίβην
normalizado: φοιβην
ocorrencias: 1
referencias: RM 16:1

lemma: φοίνικας
normalizado: φοινικας
ocorrencias: 1
referencias: AP 7:9

lemma: φορεῖ
normalizado: φορει
ocorrencias: 1
referencias: RM 13:4

lemma: φορέσωμεν
normalizado: φορεσωμεν
ocorrencias: 1
referencias: 1CO 15:49

lemma: Φουρτουνάτου
normalizado: φουρτουνατου
ocorrencias: 1
referencias: 1CO 16:17

lemma: φρονεῖ
normalizado: φρονει
ocorrencias: 2
referencias: RM 14:6

lemma: φρονείσθω
normalizado: φρονεισθω
ocorrencias: 1
referencias: FP 2:5

lemma: φρόνημα
normalizado: φρονημα
ocorrencias: 4
referencias: RM 8:27, RM 8:6, RM 8:7

lemma: φρονοῦσιν
normalizado: φρονουσιν
ocorrencias: 1
referencias: RM 8:5

lemma: φροντίζωσιν
normalizado: φροντιζωσιν
ocorrencias: 1
referencias: TT 3:8

lemma: φρονῶν
normalizado: φρονων
ocorrencias: 2
referencias: RM 14:6

lemma: φυράματος
normalizado: φυραματος
ocorrencias: 1
referencias: RM 9:21

lemma: φωνοῦντες
normalizado: φωνουντες
ocorrencias: 1
referencias: MC 3:31

lemma: φωτιεῖ
normalizado: φωτιει
ocorrencias: 1
referencias: AP 22:5

lemma: χαιρόντων
normalizado: χαιροντων
ocorrencias: 1
referencias: RM 12:15

lemma: χαλῶσιν
normalizado: χαλωσιν
ocorrencias: 1
referencias: MC 2:4

lemma: χαράγματα
normalizado: χαραγματα
ocorrencias: 1
referencias: AP 13:16

lemma: χαρίσεται
normalizado: χαρισεται
ocorrencias: 1
referencias: RM 8:32

lemma: χάριτας
normalizado: χαριτας
ocorrencias: 1
referencias: AT 24:27

lemma: Χερουβὶμ
normalizado: χερουβιμ
ocorrencias: 1
referencias: HB 9:5

lemma: χθὲς
normalizado: χθες
ocorrencias: 2
referencias: AT 7:28, HB 13:8

lemma: Χθὲς
normalizado: χθες
ocorrencias: 1
referencias: JO 4:52

lemma: χλευάζοντες
normalizado: χλευαζοντες
ocorrencias: 1
referencias: AT 2:13

lemma: χορηγήσαι
normalizado: χορηγησαι
ocorrencias: 1
referencias: 2CO 9:10

lemma: χρεωφειλέται
normalizado: χρεωφειλεται
ocorrencias: 1
referencias: LC 7:41

lemma: χρεωφειλετῶν
normalizado: χρεωφειλετων
ocorrencias: 1
referencias: LC 16:5

lemma: χρῄζῃ
normalizado: χρηζη
ocorrencias: 1
referencias: RM 16:2

lemma: χρηματίσει
normalizado: χρηματισει
ocorrencias: 1
referencias: RM 7:3

lemma: χρηματισμός
normalizado: χρηματισμος
ocorrencias: 1
referencias: RM 11:4

lemma: χρηστολογίας
normalizado: χρηστολογιας
ocorrencias: 1
referencias: RM 16:18

lemma: χρηστότερός
normalizado: χρηστοτερος
ocorrencias: 1
referencias: LC 5:39

lemma: χρονιεῖ
normalizado: χρονιει
ocorrencias: 1
referencias: HB 10:37

lemma: Χρονίζοντος
normalizado: χρονιζοντος
ocorrencias: 1
referencias: MT 25:5

lemma: χρυσῆν
normalizado: χρυσην
ocorrencias: 1
referencias: AP 1:13

lemma: χρυσοῖ
normalizado: χρυσοι
ocorrencias: 1
referencias: AP 9:7

lemma: χωλοῦ
normalizado: χωλου
ocorrencias: 1
referencias: AT 3:11

lemma: χωρίσαι
normalizado: χωρισαι
ocorrencias: 1
referencias: RM 8:39

lemma: χωρίσει
normalizado: χωρισει
ocorrencias: 1
referencias: RM 8:35

lemma: Ψαλλέτω
normalizado: ψαλλετω
ocorrencias: 1
referencias: TG 5:13

lemma: ψώμιζε
normalizado: ψωμιζε
ocorrencias: 1
referencias: RM 12:20

lemma: ᾠκοδομήθη
normalizado: ωκοδομηθη
ocorrencias: 1
referencias: JO 2:20

lemma: ὡμοιώθημεν
normalizado: ωμοιωθημεν
ocorrencias: 1
referencias: RM 9:29

lemma: ὠνομάσθη
normalizado: ωνομασθη
ocorrencias: 1
referencias: RM 15:20

lemma: Ὡσηὲ
normalizado: ωσηε
ocorrencias: 1
referencias: RM 9:25

lemma: ὠφέλιμα
normalizado: ωφελιμα
ocorrencias: 1
referencias: TT 3:8
