forma_grega,strongs,abrev_morf,morfologia,pt,traducao,tipo,prioridade,achado,sugestao
ἀποκριθεὶς,611,V-APP-NMS,Verbo - Aoristo Particípio Passiva - Nominativo Masculino Singular,tendo respondido,tendo respondido,passiva_a_confirmar,revisar,"'V-APP-NMS' e passiva, porem a passiva nao esta explicita em 'tendo respondido'.","Confirmar se a glossa pretende particpio isolado, adjetivo verbal ou construao passiva completa."
γενέσθαι,1096,V-PNM/P,Verbo - Presente Infinitivo Média ou Passiva,acontecer,"vir a ser, tornar-se, acontecer",media_passiva_ambigua,revisar,'V-PNM/P' e media ou passiva e 'pt' e infinitivo ativo: 'acontecer'.,"Decidir pelo contexto entre leitura media/reflexiva, passiva ou ativa idiomatica; nao corrigir automaticamente."
δοθήσεται,1325,V-FIP-3S,Verbo - Futuro Indicativo Passiva - 3ª Pessoa Singular,será dado,ele(a) será dado,passiva_a_confirmar,revisar,"'V-FIP-3S' e passiva, porem a passiva nao esta explicita em 'será dado'.","Confirmar se a glossa pretende particpio isolado, adjetivo verbal ou construao passiva completa."
πορευθέντες,4198,V-APP-NMP,Verbo - Aoristo Particípio Passiva - Nominativo Masculino Plural,indo,"tendo ido, tendo movido, tendo partido",passiva_a_confirmar,revisar,"'V-APP-NMP' e passiva, porem a passiva nao esta explicita em 'indo'.","Confirmar se a glossa pretende particpio isolado, adjetivo verbal ou construao passiva completa."
ἐφοβήθησαν,5399,V-AIP-3P,Verbo - Aoristo Indicativo Passiva - 3ª Pessoa Plural,temeram,"eles(as) temeram, ficaram alarmados",passiva_a_confirmar,revisar,"'V-AIP-3P' e passiva, porem a passiva nao esta explicita em 'temeram'.","Confirmar se a glossa pretende particpio isolado, adjetivo verbal ou construao passiva completa."
ἀφεθήσεταί,863,V-FIP-3S,Verbo - Futuro Indicativo Passiva - 3ª Pessoa Singular,será deixado,"ele(a) será deixado, será perdoado, será cancelado, será permitido, será despedido (divorciar)",passiva_a_confirmar,revisar,"'V-FIP-3S' e passiva, porem a passiva nao esta explicita em 'será deixado'.","Confirmar se a glossa pretende particpio isolado, adjetivo verbal ou construao passiva completa."
σωθήσεται,4982,V-FIP-3S,Verbo - Futuro Indicativo Passiva - 3ª Pessoa Singular,será salvo,ele(a) será salvo,passiva_a_confirmar,revisar,"'V-FIP-3S' e passiva, porem a passiva nao esta explicita em 'será salvo'.","Confirmar se a glossa pretende particpio isolado, adjetivo verbal ou construao passiva completa."
φοβεῖσθε,5399,V-ASP-2P,Verbo - Aoristo Subjuntivo Passiva - 2ª Pessoa Plural,temais,que vós temais,passiva_a_confirmar,revisar,"'V-ASP-2P' e passiva, porem a passiva nao esta explicita em 'temais'.","Confirmar se a glossa pretende particpio isolado, adjetivo verbal ou construao passiva completa."
κληθήσεταί,2564,V-FIP-3S,Verbo - Futuro Indicativo Passiva - 3ª Pessoa Singular,será chamado,"ele(a) será chamado, será nomeado (dar nome)",passiva_a_confirmar,revisar,"'V-FIP-3S' e passiva, porem a passiva nao esta explicita em 'será chamado'.","Confirmar se a glossa pretende particpio isolado, adjetivo verbal ou construao passiva completa."
ἔρχεσθαι,2064,V-PNM/P,Verbo - Presente Infinitivo Média ou Passiva,vir,"vir, ir",media_passiva_ambigua,revisar,'V-PNM/P' e media ou passiva e 'pt' e infinitivo ativo: 'vir'.,"Decidir pelo contexto entre leitura media/reflexiva, passiva ou ativa idiomatica; nao corrigir automaticamente."
ἐξηράνθη,3583,V-AIP-3S,Verbo - Aoristo Indicativo Passiva - 3ª Pessoa Singular,secou,"ele(a) secou, murchou",passiva_a_confirmar,revisar,"'V-AIP-3S' e passiva, porem a passiva nao esta explicita em 'secou'.","Confirmar se a glossa pretende particpio isolado, adjetivo verbal ou construao passiva completa."
σωθῆναι,4982,V-ANP,Verbo - Aoristo Infinitivo Passiva,salvar,salvar,passiva_sem_marca,alta,"'V-ANP' e passiva, mas 'pt' esta em infinitivo ativo: 'salvar'.","Revisar para uma forma passiva adequada, por exemplo 'ser + particpio', quando o contexto nao exigir outra soluao."
δύνασθαι,1410,V-PNM/P,Verbo - Presente Infinitivo Média ou Passiva,poder,"poder, ser capaz, conseguir",media_passiva_ambigua,revisar,'V-PNM/P' e media ou passiva e 'pt' e infinitivo ativo: 'poder'.,"Decidir pelo contexto entre leitura media/reflexiva, passiva ou ativa idiomatica; nao corrigir automaticamente."
πορευθεὶς,4198,V-APP-NMS,Verbo - Aoristo Particípio Passiva - Nominativo Masculino Singular,indo,"tendo ido, tendo sido movido, tendo partido",passiva_a_confirmar,revisar,"'V-APP-NMS' e passiva, porem a passiva nao esta explicita em 'indo'.","Confirmar se a glossa pretende particpio isolado, adjetivo verbal ou construao passiva completa."
ἀποκριθέντες,611,V-APP-NMP,Verbo - Aoristo Particípio Passiva - Nominativo Masculino Plural,tendo respondido,tendo respondido,passiva_a_confirmar,revisar,"'V-APP-NMP' e passiva, porem a passiva nao esta explicita em 'tendo respondido'.","Confirmar se a glossa pretende particpio isolado, adjetivo verbal ou construao passiva completa."
δοθεῖσάν,1325,V-APP-AFS,Verbo - Aoristo Particípio Passiva - Acusativo Feminino Singular,tendo dado,tendo dado,passiva_a_confirmar,revisar,"'V-APP-AFS' e passiva, porem a passiva nao esta explicita em 'tendo dado'.","Confirmar se a glossa pretende particpio isolado, adjetivo verbal ou construao passiva completa."
ἐγερθήσεται,1453,V-FIP-3S,Verbo - Futuro Indicativo Passiva - 3ª Pessoa Singular,será levantado,"ele(a) será levantado, será despertado",passiva_a_confirmar,revisar,"'V-FIP-3S' e passiva, porem a passiva nao esta explicita em 'será levantado'.","Confirmar se a glossa pretende particpio isolado, adjetivo verbal ou construao passiva completa."
φοβήθητε,5399,V-AMP-2P,Verbo - Aoristo Imperativo Passiva - 2ª Pessoa Plural,temei,"vós temei, reverenciai",passiva_a_confirmar,revisar,"'V-AMP-2P' e passiva, porem a passiva nao esta explicita em 'temei'.","Confirmar se a glossa pretende particpio isolado, adjetivo verbal ou construao passiva completa."
ἀρθήσεται,142,V-FIP-3S,Verbo - Futuro Indicativo Passiva - 3ª Pessoa Singular,será erguido,"ele(a) será erguido, será levantado, será tomado, será carregado, será removido",passiva_a_confirmar,revisar,"'V-FIP-3S' e passiva, porem a passiva nao esta explicita em 'será erguido'.","Confirmar se a glossa pretende particpio isolado, adjetivo verbal ou construao passiva completa."
ἀφιέναι,863,V-ANP,Verbo - Aoristo Infinitivo Passiva,perdoar,"ser perdoado(a), cancelado(a), despedido(a)",passiva_sem_marca,alta,"'V-ANP' e passiva, mas 'pt' esta em infinitivo ativo: 'perdoar'.","Revisar para uma forma passiva adequada, por exemplo 'ser + particpio', quando o contexto nao exigir outra soluao."
ἐγενήθησάν,1096,V-AIP-3P,Verbo - Aoristo Indicativo Passiva - 3ª Pessoa Plural,ocorreram,eles(as) ocorreram,passiva_a_confirmar,revisar,"'V-AIP-3P' e passiva, porem a passiva nao esta explicita em 'ocorreram'.","Confirmar se a glossa pretende particpio isolado, adjetivo verbal ou construao passiva completa."
ἐργάζεσθαι,2038,V-PNM/P,Verbo - Presente Infinitivo Média ou Passiva,realizar,"realizar, labutar, executar, praticar",media_passiva_ambigua,revisar,'V-PNM/P' e media ou passiva e 'pt' e infinitivo ativo: 'realizar'.,"Decidir pelo contexto entre leitura media/reflexiva, passiva ou ativa idiomatica; nao corrigir automaticamente."
ἐλυπήθη,3076,V-AIP-3S,Verbo - Aoristo Indicativo Passiva - 3ª Pessoa Singular,ficou angustiado,ele(a) ficou angustiado,passiva_a_confirmar,revisar,"'V-AIP-3S' e passiva, porem a passiva nao esta explicita em 'ficou angustiado'.","Confirmar se a glossa pretende particpio isolado, adjetivo verbal ou construao passiva completa."
προσεύχεσθαι,4336,V-PNM/P,Verbo - Presente Infinitivo Média ou Passiva,orar,"orar, suplicar",media_passiva_ambigua,revisar,'V-PNM/P' e media ou passiva e 'pt' e infinitivo ativo: 'orar'.,"Decidir pelo contexto entre leitura media/reflexiva, passiva ou ativa idiomatica; nao corrigir automaticamente."
ἐσπλαγχνίσθη,4697,V-AIP-3S,Verbo - Aoristo Indicativo Passiva - 3ª Pessoa Singular,teve compaixão,"ele(a) teve compaixão, foi movido pela compaixão",passiva_a_confirmar,revisar,"'V-AIP-3S' e passiva, porem a passiva nao esta explicita em 'teve compaixão'.","Confirmar se a glossa pretende particpio isolado, adjetivo verbal ou construao passiva completa."
ἐγερθῆναί,1453,V-ANP,Verbo - Aoristo Infinitivo Passiva,levantar,"levantar, despertar",passiva_sem_marca,alta,"'V-ANP' e passiva, mas 'pt' esta em infinitivo ativo: 'levantar'.","Revisar para uma forma passiva adequada, por exemplo 'ser + particpio', quando o contexto nao exigir outra soluao."
σταθήσεται,2476,V-FIP-3S,Verbo - Futuro Indicativo Passiva - 3ª Pessoa Singular,será colocado,"ele(a) será colocado, será posicionado, será sido colocado, será permanecido, estará de pé, estará parado",passiva_a_confirmar,revisar,"'V-FIP-3S' e passiva, porem a passiva nao esta explicita em 'será colocado'.","Confirmar se a glossa pretende particpio isolado, adjetivo verbal ou construao passiva completa."
ἐφοβήθη,5399,V-AIP-3S,Verbo - Aoristo Indicativo Passiva - 3ª Pessoa Singular,temeu,"ele(a) foi temido, ficou alarmado, foi reverenciado",passiva_a_confirmar,revisar,"'V-AIP-3S' e passiva, porem a passiva nao esta explicita em 'temeu'.","Confirmar se a glossa pretende particpio isolado, adjetivo verbal ou construao passiva completa."
ἀχθῆναι,71,V-ANP,Verbo - Aoristo Infinitivo Passiva,levar,"levar, conduzir, trazer",passiva_sem_marca,alta,"'V-ANP' e passiva, mas 'pt' esta em infinitivo ativo: 'levar'.","Revisar para uma forma passiva adequada, por exemplo 'ser + particpio', quando o contexto nao exigir outra soluao."
ἀνοιγήσεται,455,V-FIP-3S,Verbo - Futuro Indicativo Passiva - 3ª Pessoa Singular,será aberto,ele(a) será aberto,passiva_a_confirmar,revisar,"'V-FIP-3S' e passiva, porem a passiva nao esta explicita em 'será aberto'.","Confirmar se a glossa pretende particpio isolado, adjetivo verbal ou construao passiva completa."
γνωσθήσεται,1097,V-FIP-3S,Verbo - Futuro Indicativo Passiva - 3ª Pessoa Singular,será conhecido,"ele(a) será conhecido, será sabido",passiva_a_confirmar,revisar,"'V-FIP-3S' e passiva, porem a passiva nao esta explicita em 'será conhecido'.","Confirmar se a glossa pretende particpio isolado, adjetivo verbal ou construao passiva completa."
ἐγερθήσονται,1453,V-FIP-3P,Verbo - Futuro Indicativo Passiva - 3ª Pessoa Plural,serão levantados,"eles(as) serão levantados, serão despertados",passiva_a_confirmar,revisar,"'V-FIP-3P' e passiva, porem a passiva nao esta explicita em 'serão levantados'.","Confirmar se a glossa pretende particpio isolado, adjetivo verbal ou construao passiva completa."
λαληθήσεταί,2980,V-FIP-3S,Verbo - Futuro Indicativo Passiva - 3ª Pessoa Singular,será contado,"ele(a) será falado, será contado",passiva_a_confirmar,revisar,"'V-FIP-3S' e passiva, porem a passiva nao esta explicita em 'será contado'.","Confirmar se a glossa pretende particpio isolado, adjetivo verbal ou construao passiva completa."
πεσοῦνται,4098,V-FIP-3P,Verbo - Futuro Indicativo Passiva - 3ª Pessoa Plural,cairão,eles(as) cairão,passiva_a_confirmar,revisar,"'V-FIP-3P' e passiva, porem a passiva nao esta explicita em 'cairão'.","Confirmar se a glossa pretende particpio isolado, adjetivo verbal ou construao passiva completa."
πορεύθητι,4198,V-AMP-2S,Verbo - Aoristo Imperativo Passiva - 2ª Pessoa Singular,vai,"tu vai, move-te, parte",passiva_a_confirmar,revisar,"'V-AMP-2S' e passiva, porem a passiva nao esta explicita em 'vai'.","Confirmar se a glossa pretende particpio isolado, adjetivo verbal ou construao passiva completa."
ταπεινωθήσεται,5013,V-FIP-3S,Verbo - Futuro Indicativo Passiva - 3ª Pessoa Singular,será humilhado,"ele(a) será humilhado, será rebaixado",passiva_a_confirmar,revisar,"'V-FIP-3S' e passiva, porem a passiva nao esta explicita em 'será humilhado'.","Confirmar se a glossa pretende particpio isolado, adjetivo verbal ou construao passiva completa."
ἁλισθήσεται,233,V-FIP-3S,Verbo - Futuro Indicativo Passiva - 3ª Pessoa Singular,será salgado,"ele(a) será salgado, será temperado com sal",passiva_a_confirmar,revisar,"'V-FIP-3S' e passiva, porem a passiva nao esta explicita em 'será salgado'.","Confirmar se a glossa pretende particpio isolado, adjetivo verbal ou construao passiva completa."
ἀποδοκιμασθῆναι,593,V-ANP,Verbo - Aoristo Infinitivo Passiva,rejeitar,"rejeitar, desaprovar, repudiar",passiva_sem_marca,alta,"'V-ANP' e passiva, mas 'pt' esta em infinitivo ativo: 'rejeitar'.","Revisar para uma forma passiva adequada, por exemplo 'ser + particpio', quando o contexto nao exigir outra soluao."
ἀποκαλυφθήσεται,601,V-FIP-3S,Verbo - Futuro Indicativo Passiva - 3ª Pessoa Singular,será revelado,"ele(a) será revelado, será descoberto",passiva_a_confirmar,revisar,"'V-FIP-3S' e passiva, porem a passiva nao esta explicita em 'será revelado'.","Confirmar se a glossa pretende particpio isolado, adjetivo verbal ou construao passiva completa."
ἀποκρίθητέ,611,V-AMP-2P,Verbo - Aoristo Imperativo Passiva - 2ª Pessoa Plural,respondei,vós respondei,passiva_a_confirmar,revisar,"'V-AMP-2P' e passiva, porem a passiva nao esta explicita em 'respondei'.","Confirmar se a glossa pretende particpio isolado, adjetivo verbal ou construao passiva completa."
γεννηθῆναι,1080,V-ANP,Verbo - Aoristo Infinitivo Passiva,gerar,"gerar, dar à luz, produzir.",passiva_sem_marca,alta,"'V-ANP' e passiva, mas 'pt' esta em infinitivo ativo: 'gerar'.","Revisar para uma forma passiva adequada, por exemplo 'ser + particpio', quando o contexto nao exigir outra soluao."
δεήθητε,1189,V-AMP-2P,Verbo - Aoristo Imperativo Passiva - 2ª Pessoa Plural,suplicai,"vós suplicai, implorai",passiva_a_confirmar,revisar,"'V-AMP-2P' e passiva, porem a passiva nao esta explicita em 'suplicai'.","Confirmar se a glossa pretende particpio isolado, adjetivo verbal ou construao passiva completa."
ἐντραπήσονται,1788,V-FIP-3P,Verbo - Futuro Indicativo Passiva - 3ª Pessoa Plural,serão respeitado,"eles(as) serão respeitado, serão envergonhado, serão reverenciado",passiva_a_confirmar,revisar,"'V-FIP-3P' e passiva, porem a passiva nao esta explicita em 'serão respeitado'.","Confirmar se a glossa pretende particpio isolado, adjetivo verbal ou construao passiva completa."
καθαρίσθητι,2511,V-AMP-2S,Verbo - Aoristo Imperativo Passiva - 2ª Pessoa Singular,sê limpo,"tu sê limpo, purificado",passiva_a_confirmar,revisar,"'V-AMP-2S' e passiva, porem a passiva nao esta explicita em 'sê limpo'.","Confirmar se a glossa pretende particpio isolado, adjetivo verbal ou construao passiva completa."
καταλυθήσεται,2647,V-FIP-3S,Verbo - Futuro Indicativo Passiva - 3ª Pessoa Singular,será destruído,"ele(a) será destruído, será dissolvido, será derrubado, será abolido",passiva_a_confirmar,revisar,"'V-FIP-3S' e passiva, porem a passiva nao esta explicita em 'será destruído'.","Confirmar se a glossa pretende particpio isolado, adjetivo verbal ou construao passiva completa."
ὁμοιωθήσεται,3666,V-FIP-3S,Verbo - Futuro Indicativo Passiva - 3ª Pessoa Singular,será semelhante,"ele(a) será semelhante, será comparado",passiva_a_confirmar,revisar,"'V-FIP-3S' e passiva, porem a passiva nao esta explicita em 'será semelhante'.","Confirmar se a glossa pretende particpio isolado, adjetivo verbal ou construao passiva completa."
παραδοθήσεται,3860,V-FIP-3S,Verbo - Futuro Indicativo Passiva - 3ª Pessoa Singular,será entregue,"ele(a) será entregue, será confiado, será transmitido",passiva_a_confirmar,revisar,"'V-FIP-3S' e passiva, porem a passiva nao esta explicita em 'será entregue'.","Confirmar se a glossa pretende particpio isolado, adjetivo verbal ou construao passiva completa."
περιτέμνεσθαι,4059,V-PNP,Verbo - Presente Infinitivo Passiva,circuncidar,circuncidar,passiva_sem_marca,alta,"'V-PNP' e passiva, mas 'pt' esta em infinitivo ativo: 'circuncidar'.","Revisar para uma forma passiva adequada, por exemplo 'ser + particpio', quando o contexto nao exigir outra soluao."
προστεθήσεται,4369,V-FIP-3S,Verbo - Futuro Indicativo Passiva - 3ª Pessoa Singular,será adicionado(a),"ele(a) será adicionado(a), será aumentado(a), será continuado(a), será prosseguido(a)",passiva_a_confirmar,revisar,"'V-FIP-3S' e passiva, porem a passiva nao esta explicita em 'será adicionado(a)'.","Confirmar se a glossa pretende particpio isolado, adjetivo verbal ou construao passiva completa."
σαλευθήσονται,4531,V-FIP-3P,Verbo - Futuro Indicativo Passiva - 3ª Pessoa Plural,serão sacudidos,"eles(as) serão sacudidos, serão movidos, serão perturbados",passiva_a_confirmar,revisar,"'V-FIP-3P' e passiva, porem a passiva nao esta explicita em 'serão sacudidos'.","Confirmar se a glossa pretende particpio isolado, adjetivo verbal ou construao passiva completa."
σβέννυται,4570,V-PIP-3S,Verbo - Presente Indicativo Passiva - 3ª Pessoa Singular,é apagado(a),"ele(a) é apagado, é extinto",passiva_a_confirmar,revisar,"'V-PIP-3S' e passiva, porem a passiva nao esta explicita em 'é apagado(a)'.","Confirmar se a glossa pretende particpio isolado, adjetivo verbal ou construao passiva completa."
σκανδαλισθήσονται,4624,V-FIP-3P,Verbo - Futuro Indicativo Passiva - 3ª Pessoa Plural,tropeçarão,"eles(as) tropeçarão, serão ofendidos, se escandalizarão",passiva_a_confirmar,revisar,"'V-FIP-3P' e passiva, porem a passiva nao esta explicita em 'tropeçarão'.","Confirmar se a glossa pretende particpio isolado, adjetivo verbal ou construao passiva completa."
σταυρωθῆναι,4717,V-ANP,Verbo - Aoristo Infinitivo Passiva,crucificar,"ser crucificado, pendurado numa cruz ou estaca",passiva_sem_marca,alta,"'V-ANP' e passiva, mas 'pt' esta em infinitivo ativo: 'crucificar'.","Revisar para uma forma passiva adequada, por exemplo 'ser + particpio', quando o contexto nao exigir outra soluao."
σωθήσῃ,4982,V-FIP-2S,Verbo - Futuro Indicativo Passiva - 2ª Pessoa Singular,serás salvo,tu serás salvo,passiva_a_confirmar,revisar,"'V-FIP-2S' e passiva, porem a passiva nao esta explicita em 'serás salvo'.","Confirmar se a glossa pretende particpio isolado, adjetivo verbal ou construao passiva completa."
ὑστερεῖσθαι,5302,V-PNM/P,Verbo - Presente Infinitivo Média ou Passiva,faltar,"faltar, ficar aquém, estar necessitado, falhar.",media_passiva_ambigua,revisar,'V-PNM/P' e media ou passiva e 'pt' e infinitivo ativo: 'faltar'.,"Decidir pelo contexto entre leitura media/reflexiva, passiva ou ativa idiomatica; nao corrigir automaticamente."
ὑψωθήσεται,5312,V-FIP-3S,Verbo - Futuro Indicativo Passiva - 3ª Pessoa Singular,será elevado,"ele(a) será elevado, será exaltado, será elevado alto",passiva_a_confirmar,revisar,"'V-FIP-3S' e passiva, porem a passiva nao esta explicita em 'será elevado'.","Confirmar se a glossa pretende particpio isolado, adjetivo verbal ou construao passiva completa."
φοβηθεὶς,5399,V-APP-NMS,Verbo - Aoristo Particípio Passiva - Nominativo Masculino Singular,tendo temido,"tendo temido, tendo ficado alarmado, tendo reverenciado",passiva_a_confirmar,revisar,"'V-APP-NMS' e passiva, porem a passiva nao esta explicita em 'tendo temido'.","Confirmar se a glossa pretende particpio isolado, adjetivo verbal ou construao passiva completa."
Ἄρθητι,142,V-AMP-2S,Verbo - Aoristo Imperativo Passiva - 2ª Pessoa Singular,és erguido,"tu és erguido, és levantado, és tomado, és carregado, és removido",passiva_a_confirmar,revisar,"'V-AMP-2S' e passiva, porem a passiva nao esta explicita em 'és erguido'.","Confirmar se a glossa pretende particpio isolado, adjetivo verbal ou construao passiva completa."
ἀνάγεσθαι,321,V-PNM/P,Verbo - Presente Infinitivo Média ou Passiva,conduzir,conduzir,media_passiva_ambigua,revisar,'V-PNM/P' e media ou passiva e 'pt' e infinitivo ativo: 'conduzir'.,"Decidir pelo contexto entre leitura media/reflexiva, passiva ou ativa idiomatica; nao corrigir automaticamente."
ἀναχθῆναι,321,V-ANP,Verbo - Aoristo Infinitivo Passiva,conduzir,conduzir,passiva_sem_marca,alta,"'V-ANP' e passiva, mas 'pt' esta em infinitivo ativo: 'conduzir'.","Revisar para uma forma passiva adequada, por exemplo 'ser + particpio', quando o contexto nao exigir outra soluao."
ἀναιρεθῆναι,337,V-ANP,Verbo - Aoristo Infinitivo Passiva,tomar,"tomar, matar, abolir, destruir",passiva_sem_marca,alta,"'V-ANP' e passiva, mas 'pt' esta em infinitivo ativo: 'tomar'.","Revisar para uma forma passiva adequada, por exemplo 'ser + particpio', quando o contexto nao exigir outra soluao."
ἀναστρέφεσθαι,390,V-PNM/P,Verbo - Presente Infinitivo Média ou Passiva,conduzir,"conduzir, viver, comportar, voltar, derrubar.",media_passiva_ambigua,revisar,'V-PNM/P' e media ou passiva e 'pt' e infinitivo ativo: 'conduzir'.,"Decidir pelo contexto entre leitura media/reflexiva, passiva ou ativa idiomatica; nao corrigir automaticamente."
ἀνταποδοθήσεται,467,V-FIP-3S,Verbo - Futuro Indicativo Passiva - 3ª Pessoa Singular,será retribuído,"ele(a) será retribuído, será recompensado, será rendido, será retribuído.",passiva_a_confirmar,revisar,"'V-FIP-3S' e passiva, porem a passiva nao esta explicita em 'será retribuído'.","Confirmar se a glossa pretende particpio isolado, adjetivo verbal ou construao passiva completa."
ἀποδοθῆναι,591,V-ANP,Verbo - Aoristo Infinitivo Passiva,retribuir,"retribuir, devolver, render",passiva_sem_marca,alta,"'V-ANP' e passiva, mas 'pt' esta em infinitivo ativo: 'retribuir'.","Revisar para uma forma passiva adequada, por exemplo 'ser + particpio', quando o contexto nao exigir outra soluao."
βλήθητι,906,V-AMP-2S,Verbo - Aoristo Imperativo Passiva - 2ª Pessoa Singular,sejas lançado,"tu sejas lançado, colocado, deitado",passiva_a_confirmar,revisar,"'V-AMP-2S' e passiva, porem a passiva nao esta explicita em 'sejas lançado'.","Confirmar se a glossa pretende particpio isolado, adjetivo verbal ou construao passiva completa."
βασανισθήσονται,928,V-FIP-3P,Verbo - Futuro Indicativo Passiva - 3ª Pessoa Plural,serão torturados,eles(as) serão torturados,passiva_a_confirmar,revisar,"'V-FIP-3P' e passiva, porem a passiva nao esta explicita em 'serão torturados'.","Confirmar se a glossa pretende particpio isolado, adjetivo verbal ou construao passiva completa."
βούλεται,1014,V-PIM/P-3S,Verbo - Presente Indicativo Média ou Passiva - 3ª Pessoa Singular,quer,"ele(a) quer, deseja, tem intenção",media_passiva_ambigua,revisar,'V-PIM/P-3S' e media ou passiva e 'pt' e infinitivo ativo: 'quer'.,"Decidir pelo contexto entre leitura media/reflexiva, passiva ou ativa idiomatica; nao corrigir automaticamente."
δαιμονισθείς,1139,V-APP-NMS,Verbo - Aoristo Particípio Passiva - Nominativo Masculino Singular,tendo estado endemoniado,"tendo sido estado possuído por um demônio, tendo sido estado sob o poder de um demônio.",passiva_a_confirmar,revisar,"'V-APP-NMS' e passiva, porem a passiva nao esta explicita em 'tendo estado endemoniado'.","Confirmar se a glossa pretende particpio isolado, adjetivo verbal ou construao passiva completa."
ἐδεήθην,1189,V-AIP-1S,Verbo - Aoristo Indicativo Passiva - 1ª Pessoa Singular,supliquei,"eu supliquei, implorei",passiva_a_confirmar,revisar,"'V-AIP-1S' e passiva, porem a passiva nao esta explicita em 'supliquei'.","Confirmar se a glossa pretende particpio isolado, adjetivo verbal ou construao passiva completa."
δαρήσεται,1194,V-FIP-3S,Verbo - Futuro Indicativo Passiva - 3ª Pessoa Singular,será batido,"ele(a) será batido, será atacado, será flagelado",passiva_a_confirmar,revisar,"'V-FIP-3S' e passiva, porem a passiva nao esta explicita em 'será batido'.","Confirmar se a glossa pretende particpio isolado, adjetivo verbal ou construao passiva completa."
δεθῆναι,1210,V-ANP,Verbo - Aoristo Infinitivo Passiva,amarrar,"amarrar, prender",passiva_sem_marca,alta,"'V-ANP' e passiva, mas 'pt' esta em infinitivo ativo: 'amarrar'.","Revisar para uma forma passiva adequada, por exemplo 'ser + particpio', quando o contexto nao exigir outra soluao."
διακονηθῆναι,1247,V-ANP,Verbo - Aoristo Infinitivo Passiva,servir,"servir, ministrar, atender",passiva_sem_marca,alta,"'V-ANP' e passiva, mas 'pt' esta em infinitivo ativo: 'servir'.","Revisar para uma forma passiva adequada, por exemplo 'ser + particpio', quando o contexto nao exigir outra soluao."
διασκορπισθήσονται,1287,V-FIP-3P,Verbo - Futuro Indicativo Passiva - 3ª Pessoa Plural,serão espalhados,"eles(as) serão espalhados, serão dispersos",passiva_a_confirmar,revisar,"'V-FIP-3P' e passiva, porem a passiva nao esta explicita em 'serão espalhados'.","Confirmar se a glossa pretende particpio isolado, adjetivo verbal ou construao passiva completa."
διέρχεσθαι,1330,V-PNM/P,Verbo - Presente Infinitivo Média ou Passiva,passar,"passar, viajar",media_passiva_ambigua,revisar,'V-PNM/P' e media ou passiva e 'pt' e infinitivo ativo: 'passar'.,"Decidir pelo contexto entre leitura media/reflexiva, passiva ou ativa idiomatica; nao corrigir automaticamente."
δικαιωθήσεται,1344,V-FIP-3S,Verbo - Futuro Indicativo Passiva - 3ª Pessoa Singular,será justificado,"ele(a) será justificado, será declarado justo, será absolvido",passiva_a_confirmar,revisar,"'V-FIP-3S' e passiva, porem a passiva nao esta explicita em 'será justificado'.","Confirmar se a glossa pretende particpio isolado, adjetivo verbal ou construao passiva completa."
δικαιωθῆναι,1344,V-ANP,Verbo - Aoristo Infinitivo Passiva,justificar,"justificar, declarar justo, absolver",passiva_sem_marca,alta,"'V-ANP' e passiva, mas 'pt' esta em infinitivo ativo: 'justificar'.","Revisar para uma forma passiva adequada, por exemplo 'ser + particpio', quando o contexto nao exigir outra soluao."
διορυχθῆναι,1358,V-ANP,Verbo - Aoristo Infinitivo Passiva,cavar,"cavar, romper",passiva_sem_marca,alta,"'V-ANP' e passiva, mas 'pt' esta em infinitivo ativo: 'cavar'.","Revisar para uma forma passiva adequada, por exemplo 'ser + particpio', quando o contexto nao exigir outra soluao."
δοξάζεται,1392,V-PIP-3S,Verbo - Presente Indicativo Passiva - 3ª Pessoa Singular,é glorificado,"ele(a) é glorificado, é honrado, é louvado",passiva_a_confirmar,revisar,"'V-PIP-3S' e passiva, porem a passiva nao esta explicita em 'é glorificado'.","Confirmar se a glossa pretende particpio isolado, adjetivo verbal ou construao passiva completa."
εἰσάγεσθαι,1521,V-PNM/P,Verbo - Presente Infinitivo Média ou Passiva,trazer,"trazer, liderar, apresentar",media_passiva_ambigua,revisar,'V-PNM/P' e media ou passiva e 'pt' e infinitivo ativo: 'trazer'.,"Decidir pelo contexto entre leitura media/reflexiva, passiva ou ativa idiomatica; nao corrigir automaticamente."
ἐξεθαμβήθησαν,1568,V-AIP-3P,Verbo - Aoristo Indicativo Passiva - 3ª Pessoa Plural,ficaram muito surpresos,eles(as) ficaram muito surpresos,passiva_a_confirmar,revisar,"'V-AIP-3P' e passiva, porem a passiva nao esta explicita em 'ficaram muito surpresos'.","Confirmar se a glossa pretende particpio isolado, adjetivo verbal ou construao passiva completa."
ἐκπορεύεσθαι,1607,V-PNM/P,Verbo - Presente Infinitivo Média ou Passiva,sair,"sair, prosseguir",media_passiva_ambigua,revisar,'V-PNM/P' e media ou passiva e 'pt' e infinitivo ativo: 'sair'.,"Decidir pelo contexto entre leitura media/reflexiva, passiva ou ativa idiomatica; nao corrigir automaticamente."
ἠλεήθην,1653,V-AIP-1S,Verbo - Aoristo Indicativo Passiva - 1ª Pessoa Singular,recebi misericórdia,eu recebi misericórdia,passiva_a_confirmar,revisar,"'V-AIP-1S' e passiva, porem a passiva nao esta explicita em 'recebi misericórdia'.","Confirmar se a glossa pretende particpio isolado, adjetivo verbal ou construao passiva completa."
ἐνευλογηθήσονται,1757,V-FIP-3P,Verbo - Futuro Indicativo Passiva - 3ª Pessoa Plural,serão abençoados,eles(as) serão abençoados,passiva_a_confirmar,revisar,"'V-FIP-3P' e passiva, porem a passiva nao esta explicita em 'serão abençoados'.","Confirmar se a glossa pretende particpio isolado, adjetivo verbal ou construao passiva completa."
ἐντελεῖται,1781,V-FIP-3S,Verbo - Futuro Indicativo Passiva - 3ª Pessoa Singular,será ordenado,"ele(a) será comandado, será ordenado, será cobrado",passiva_a_confirmar,revisar,"'V-FIP-3S' e passiva, porem a passiva nao esta explicita em 'será ordenado'.","Confirmar se a glossa pretende particpio isolado, adjetivo verbal ou construao passiva completa."
ἐπαισχυνθήσεται,1870,V-FIP-3S,Verbo - Futuro Indicativo Passiva - 3ª Pessoa Singular,será envergonhado(a),ele(a) será envergonhado(a),passiva_a_confirmar,revisar,"'V-FIP-3S' e passiva, porem a passiva nao esta explicita em 'será envergonhado(a)'.","Confirmar se a glossa pretende particpio isolado, adjetivo verbal ou construao passiva completa."
ἰᾶσθαι,2390,V-PNM/P,Verbo - Presente Infinitivo Média ou Passiva,curar,"curar, restaurar",media_passiva_ambigua,revisar,'V-PNM/P' e media ou passiva e 'pt' e infinitivo ativo: 'curar'.,"Decidir pelo contexto entre leitura media/reflexiva, passiva ou ativa idiomatica; nao corrigir automaticamente."
κληθήσονται,2564,V-FIP-3P,Verbo - Futuro Indicativo Passiva - 3ª Pessoa Plural,serão chamados,"eles(as) serão chamados, serão nomeados, serão convidados",passiva_a_confirmar,revisar,"'V-FIP-3P' e passiva, porem a passiva nao esta explicita em 'serão chamados'.","Confirmar se a glossa pretende particpio isolado, adjetivo verbal ou construao passiva completa."
κληθήσῃ,2564,V-FIP-2S,Verbo - Futuro Indicativo Passiva - 2ª Pessoa Singular,serás chamado,"tu serás chamado, serás nomeado, serás convidado",passiva_a_confirmar,revisar,"'V-FIP-2S' e passiva, porem a passiva nao esta explicita em 'serás chamado'.","Confirmar se a glossa pretende particpio isolado, adjetivo verbal ou construao passiva completa."
κληθῇς,2564,V-ASP-2S,Verbo - Aoristo Subjuntivo Passiva - 2ª Pessoa Singular,sejas chamado,"tu sejas chamado, sejas nomeado, sejas convidado",passiva_a_confirmar,revisar,"'V-ASP-2S' e passiva, porem a passiva nao esta explicita em 'sejas chamado'.","Confirmar se a glossa pretende particpio isolado, adjetivo verbal ou construao passiva completa."
καταργηθήσεται,2673,V-FIP-3S,Verbo - Futuro Indicativo Passiva - 3ª Pessoa Singular,será abolido,"ele(a) será abolido, será anulado, será tornado ineficaz, será posto fim",passiva_a_confirmar,revisar,"'V-FIP-3S' e passiva, porem a passiva nao esta explicita em 'será abolido'.","Confirmar se a glossa pretende particpio isolado, adjetivo verbal ou construao passiva completa."
κηρυχθήσεται,2784,V-FIP-3S,Verbo - Futuro Indicativo Passiva - 3ª Pessoa Singular,será proclamado,"ele(a) será proclamado, será pregado, será anunciado",passiva_a_confirmar,revisar,"'V-FIP-3S' e passiva, porem a passiva nao esta explicita em 'será proclamado'.","Confirmar se a glossa pretende particpio isolado, adjetivo verbal ou construao passiva completa."
κηρυχθῆναι,2784,V-ANP,Verbo - Aoristo Infinitivo Passiva,proclamar,"proclamar, pregar, anunciar",passiva_sem_marca,alta,"'V-ANP' e passiva, mas 'pt' esta em infinitivo ativo: 'proclamar'.","Revisar para uma forma passiva adequada, por exemplo 'ser + particpio', quando o contexto nao exigir outra soluao."
κοιμηθέντας,2837,V-APP-AMP,Verbo - Aoristo Particípio Passiva - Acusativo Masculino Plural,tendo adormecido,"dormindo, tendo adormecido, morrendo",passiva_a_confirmar,revisar,"'V-APP-AMP' e passiva, porem a passiva nao esta explicita em 'tendo adormecido'.","Confirmar se a glossa pretende particpio isolado, adjetivo verbal ou construao passiva completa."
ἐκοιμήθη,2837,V-AIP-3S,Verbo - Aoristo Indicativo Passiva - 3ª Pessoa Singular,adormeceu,"ele(a) dormiu, adormeceu, morreu",passiva_a_confirmar,revisar,"'V-AIP-3S' e passiva, porem a passiva nao esta explicita em 'adormeceu'.","Confirmar se a glossa pretende particpio isolado, adjetivo verbal ou construao passiva completa."
ἐκοιμήθησαν,2837,V-AIP-3P,Verbo - Aoristo Indicativo Passiva - 3ª Pessoa Plural,adormeceram,"eles(as) dormiram, adormeceram, morreram",passiva_a_confirmar,revisar,"'V-AIP-3P' e passiva, porem a passiva nao esta explicita em 'adormeceram'.","Confirmar se a glossa pretende particpio isolado, adjetivo verbal ou construao passiva completa."
κρυβῆναι,2928,V-ANP,Verbo - Aoristo Infinitivo Passiva,esconder,"esconder, manter segredo",passiva_sem_marca,alta,"'V-ANP' e passiva, mas 'pt' esta em infinitivo ativo: 'esconder'.","Revisar para uma forma passiva adequada, por exemplo 'ser + particpio', quando o contexto nao exigir outra soluao."
κτᾶσθαι,2932,V-PNM/P,Verbo - Presente Infinitivo Média ou Passiva,adquirir,"adquirir, obter, possuir",media_passiva_ambigua,revisar,'V-PNM/P' e media ou passiva e 'pt' e infinitivo ativo: 'adquirir'.,"Decidir pelo contexto entre leitura media/reflexiva, passiva ou ativa idiomatica; nao corrigir automaticamente."
λαληθῆναι,2980,V-ANP,Verbo - Aoristo Infinitivo Passiva,falar,"falar, proferir",passiva_sem_marca,alta,"'V-ANP' e passiva, mas 'pt' esta em infinitivo ativo: 'falar'.","Revisar para uma forma passiva adequada, por exemplo 'ser + particpio', quando o contexto nao exigir outra soluao."
λογισθῆναι,3049,V-ANP,Verbo - Aoristo Infinitivo Passiva,calcular,"calcular, considerar, contabilizar, pensar, imputar.",passiva_sem_marca,alta,"'V-ANP' e passiva, mas 'pt' esta em infinitivo ativo: 'calcular'.","Revisar para uma forma passiva adequada, por exemplo 'ser + particpio', quando o contexto nao exigir outra soluao."
ἐλυπήθησαν,3076,V-AIP-3P,Verbo - Aoristo Indicativo Passiva - 3ª Pessoa Plural,lamentaram,"eles(as) lamentaram, foram angustiados",passiva_a_confirmar,revisar,"'V-AIP-3P' e passiva, porem a passiva nao esta explicita em 'lamentaram'.","Confirmar se a glossa pretende particpio isolado, adjetivo verbal ou construao passiva completa."
λυθήσεται,3089,V-FIP-3S,Verbo - Futuro Indicativo Passiva - 3ª Pessoa Singular,será solto,"ele(a) será solto, será liberado, será dissolvido, será quebrado, será destruído",passiva_a_confirmar,revisar,"'V-FIP-3S' e passiva, porem a passiva nao esta explicita em 'será solto'.","Confirmar se a glossa pretende particpio isolado, adjetivo verbal ou construao passiva completa."
μετρηθήσεται,3354,V-FIP-3S,Verbo - Futuro Indicativo Passiva - 3ª Pessoa Singular,será medido,"ele(a) será medido, será estimado",passiva_a_confirmar,revisar,"'V-FIP-3S' e passiva, porem a passiva nao esta explicita em 'será medido'.","Confirmar se a glossa pretende particpio isolado, adjetivo verbal ou construao passiva completa."
μιμεῖσθαι,3401,V-PNM/P,Verbo - Presente Infinitivo Média ou Passiva,imitar,"imitar, seguir",media_passiva_ambigua,revisar,'V-PNM/P' e media ou passiva e 'pt' e infinitivo ativo: 'imitar'.,"Decidir pelo contexto entre leitura media/reflexiva, passiva ou ativa idiomatica; nao corrigir automaticamente."
μνήσθητί,3403,V-AMP-2S,Verbo - Aoristo Imperativo Passiva - 2ª Pessoa Singular,és lembrado,"tu és lembrado, és estado atento",passiva_a_confirmar,revisar,"'V-AMP-2S' e passiva, porem a passiva nao esta explicita em 'és lembrado'.","Confirmar se a glossa pretende particpio isolado, adjetivo verbal ou construao passiva completa."
παραδοθῆναι,3860,V-ANP,Verbo - Aoristo Infinitivo Passiva,entregar,"entregar, trair, confiar",passiva_sem_marca,alta,"'V-ANP' e passiva, mas 'pt' esta em infinitivo ativo: 'entregar'.","Revisar para uma forma passiva adequada, por exemplo 'ser + particpio', quando o contexto nao exigir outra soluao."
παραλημφθήσεται,3880,V-FIP-3S,Verbo - Futuro Indicativo Passiva - 3ª Pessoa Singular,será levado,"ele(a) será levado, será recebido, será levado junto, será aceitado",passiva_a_confirmar,revisar,"'V-FIP-3S' e passiva, porem a passiva nao esta explicita em 'será levado'.","Confirmar se a glossa pretende particpio isolado, adjetivo verbal ou construao passiva completa."
περισσευθήσεται,4052,V-FIP-3S,Verbo - Futuro Indicativo Passiva - 3ª Pessoa Singular,terá em sobra,ele(a) terá em sobra,passiva_a_confirmar,revisar,"'V-FIP-3S' e passiva, porem a passiva nao esta explicita em 'terá em sobra'.","Confirmar se a glossa pretende particpio isolado, adjetivo verbal ou construao passiva completa."
πλανῆσαι,4105,V-PNM/P,Verbo - Presente Infinitivo Média ou Passiva,desviar,"desviar, sair do caminho",media_passiva_ambigua,revisar,'V-PNM/P' e media ou passiva e 'pt' e infinitivo ativo: 'desviar'.,"Decidir pelo contexto entre leitura media/reflexiva, passiva ou ativa idiomatica; nao corrigir automaticamente."
ἐπλανήθησαν,4105,V-AIP-3P,Verbo - Aoristo Indicativo Passiva - 3ª Pessoa Plural,foram desviado,"eles(as) foram desviado, foram saido do caminho",concordancia_participio,alta,Auxiliar plural com particpio aparentemente singular: 'foram desviado'.,Revisar o numero do particpio; provavel forma plural: 'desviados'.
πληρωθῆναι,4137,V-ANP,Verbo - Aoristo Infinitivo Passiva,preencher,"preencher, completar, cumprir",passiva_sem_marca,alta,"'V-ANP' e passiva, mas 'pt' esta em infinitivo ativo: 'preencher'.","Revisar para uma forma passiva adequada, por exemplo 'ser + particpio', quando o contexto nao exigir outra soluao."
πορευθῆναι,4198,V-ANP,Verbo - Aoristo Infinitivo Passiva,ir,"ir, prosseguir, viajar",passiva_a_confirmar,revisar,"'V-ANP' e passiva, porem a passiva nao esta explicita em 'ir'.","Confirmar se a glossa pretende particpio isolado, adjetivo verbal ou construao passiva completa."
πορευθῶ,4198,V-ASP-1S,Verbo - Aoristo Subjuntivo Passiva - 1ª Pessoa Singular,vá,"eu vá, prossiga, viaje",passiva_a_confirmar,revisar,"'V-ASP-1S' e passiva, porem a passiva nao esta explicita em 'vá'.","Confirmar se a glossa pretende particpio isolado, adjetivo verbal ou construao passiva completa."
προπεμφθῆναι,4311,V-ANP,Verbo - Aoristo Infinitivo Passiva,enviar,"enviar, acompanhar, escoltar",passiva_sem_marca,alta,"'V-ANP' e passiva, mas 'pt' esta em infinitivo ativo: 'enviar'.","Revisar para uma forma passiva adequada, por exemplo 'ser + particpio', quando o contexto nao exigir outra soluao."
προσκολληθήσεται,4347,V-FIP-3S,Verbo - Futuro Indicativo Passiva - 3ª Pessoa Singular,será unido estreitamente,"ele(a) será unido estreitamente, será apegado, será aderido",passiva_a_confirmar,revisar,"'V-FIP-3S' e passiva, porem a passiva nao esta explicita em 'será unido estreitamente'.","Confirmar se a glossa pretende particpio isolado, adjetivo verbal ou construao passiva completa."
σαλευθῆναι,4531,V-ANP,Verbo - Aoristo Infinitivo Passiva,sacudir,"sacudir, mover, perturbar, ficar inquieto",passiva_sem_marca,alta,"'V-ANP' e passiva, mas 'pt' esta em infinitivo ativo: 'sacudir'.","Revisar para uma forma passiva adequada, por exemplo 'ser + particpio', quando o contexto nao exigir outra soluao."
σκανδαλισθήσεσθε,4624,V-FIP-2P,Verbo - Futuro Indicativo Passiva - 2ª Pessoa Plural,tropeçareis,"vós tropeçareis, sereis ofendidos, se escandalizarão",passiva_a_confirmar,revisar,"'V-FIP-2P' e passiva, porem a passiva nao esta explicita em 'tropeçareis'.","Confirmar se a glossa pretende particpio isolado, adjetivo verbal ou construao passiva completa."
σκανδαλισθῇ,4624,V-ASP-3S,Verbo - Aoristo Subjuntivo Passiva - 3ª Pessoa Singular,tropece,"ele(a) tropece, seja ofendido, se escandalize",passiva_a_confirmar,revisar,"'V-ASP-3S' e passiva, porem a passiva nao esta explicita em 'tropece'.","Confirmar se a glossa pretende particpio isolado, adjetivo verbal ou construao passiva completa."
σκοτισθήσεται,4654,V-FIP-3S,Verbo - Futuro Indicativo Passiva - 3ª Pessoa Singular,será escurecido,"ele(a) será escurecido, será obscurecido",passiva_a_confirmar,revisar,"'V-FIP-3S' e passiva, porem a passiva nao esta explicita em 'será escurecido'.","Confirmar se a glossa pretende particpio isolado, adjetivo verbal ou construao passiva completa."
Σταυρωθήτω,4717,V-AMP-3S,Verbo - Aoristo Imperativo Passiva - 3ª Pessoa Singular,é crucificado,ele(a) é crucificado,passiva_a_confirmar,revisar,"'V-AMP-3S' e passiva, porem a passiva nao esta explicita em 'é crucificado'.","Confirmar se a glossa pretende particpio isolado, adjetivo verbal ou construao passiva completa."
συναχθήσονται,4863,V-FIP-3P,Verbo - Futuro Indicativo Passiva - 3ª Pessoa Plural,serão reunidos,eles(as) serão reunidos,passiva_a_confirmar,revisar,"'V-FIP-3P' e passiva, porem a passiva nao esta explicita em 'serão reunidos'.","Confirmar se a glossa pretende particpio isolado, adjetivo verbal ou construao passiva completa."
συναχθῆναι,4863,V-ANP,Verbo - Aoristo Infinitivo Passiva,reunir,reunir,passiva_sem_marca,alta,"'V-ANP' e passiva, mas 'pt' esta em infinitivo ativo: 'reunir'.","Revisar para uma forma passiva adequada, por exemplo 'ser + particpio', quando o contexto nao exigir outra soluao."
συνθλασθήσεται,4917,V-FIP-3S,Verbo - Futuro Indicativo Passiva - 3ª Pessoa Singular,será esmagado,"ele(a) será esmagado, será quebrado, será quebrado em pedaços.",passiva_a_confirmar,revisar,"'V-FIP-3S' e passiva, porem a passiva nao esta explicita em 'será esmagado'.","Confirmar se a glossa pretende particpio isolado, adjetivo verbal ou construao passiva completa."
συντελεῖσθαι,4931,V-PNM/P,Verbo - Presente Infinitivo Média ou Passiva,completar,"completar, realizar, pôr fim",media_passiva_ambigua,revisar,'V-PNM/P' e media ou passiva e 'pt' e infinitivo ativo: 'completar'.,"Decidir pelo contexto entre leitura media/reflexiva, passiva ou ativa idiomatica; nao corrigir automaticamente."
ὑψωθήσῃ,5312,V-FIP-2S,Verbo - Futuro Indicativo Passiva - 2ª Pessoa Singular,serás elevado,"tu serás elevado, serás exaltado, serás elevado alto",passiva_a_confirmar,revisar,"'V-FIP-2S' e passiva, porem a passiva nao esta explicita em 'serás elevado'.","Confirmar se a glossa pretende particpio isolado, adjetivo verbal ou construao passiva completa."
ὑψωθῆναι,5312,V-ANP,Verbo - Aoristo Infinitivo Passiva,elevar,"elevar, exaltar, elevar alto",passiva_sem_marca,alta,"'V-ANP' e passiva, mas 'pt' esta em infinitivo ativo: 'elevar'.","Revisar para uma forma passiva adequada, por exemplo 'ser + particpio', quando o contexto nao exigir outra soluao."
φανερωθῆναι,5319,V-ANP,Verbo - Aoristo Infinitivo Passiva,tornar manifesto,"tornar manifesto, revelar, dar a conhecer, mostrar abertamente.",passiva_a_confirmar,revisar,"'V-ANP' e passiva, porem a passiva nao esta explicita em 'tornar manifesto'.","Confirmar se a glossa pretende particpio isolado, adjetivo verbal ou construao passiva completa."
Φιμώθητι,5392,V-AMP-2S,Verbo - Aoristo Imperativo Passiva - 2ª Pessoa Singular,és silenciado,"tu és silenciado, és amordaçado",passiva_a_confirmar,revisar,"'V-AMP-2S' e passiva, porem a passiva nao esta explicita em 'és silenciado'.","Confirmar se a glossa pretende particpio isolado, adjetivo verbal ou construao passiva completa."
ὠφεληθῇς,5623,V-ASP-2S,Verbo - Aoristo Subjuntivo Passiva - 2ª Pessoa Singular,sejas beneficiado,"tu sejas beneficiado, sejas lucrado, sejas ajudado",passiva_a_confirmar,revisar,"'V-ASP-2S' e passiva, porem a passiva nao esta explicita em 'sejas beneficiado'.","Confirmar se a glossa pretende particpio isolado, adjetivo verbal ou construao passiva completa."
ἀγαπηθήσεται,25,V-FIP-3S,Verbo - Futuro Indicativo Passiva - 3ª Pessoa Singular,será amado,ele(a) será amado,passiva_a_confirmar,revisar,"'V-FIP-3S' e passiva, porem a passiva nao esta explicita em 'será amado'.","Confirmar se a glossa pretende particpio isolado, adjetivo verbal ou construao passiva completa."
ἁγνίσθητι,48,V-AMP-2S,Verbo - Aoristo Imperativo Passiva - 2ª Pessoa Singular,és purificado,"tu és purificado, és limpado, és santificado",passiva_a_confirmar,revisar,"'V-AMP-2S' e passiva, porem a passiva nao esta explicita em 'és purificado'.","Confirmar se a glossa pretende particpio isolado, adjetivo verbal ou construao passiva completa."
ἀρθήτω,142,V-AMP-3S,Verbo - Aoristo Imperativo Passiva - 3ª Pessoa Singular,é levantado,"ele(a) é levantado, é retirado, é levado embora.",passiva_a_confirmar,revisar,"'V-AMP-3S' e passiva, porem a passiva nao esta explicita em 'é levantado'.","Confirmar se a glossa pretende particpio isolado, adjetivo verbal ou construao passiva completa."
αἰχμαλωτισθήσονται,163,V-FIP-3P,Verbo - Futuro Indicativo Passiva - 3ª Pessoa Plural,serão capturados,"eles(as) serão capturados, serão levados cativos",passiva_a_confirmar,revisar,"'V-FIP-3P' e passiva, porem a passiva nao esta explicita em 'serão capturados'.","Confirmar se a glossa pretende particpio isolado, adjetivo verbal ou construao passiva completa."
ἀκουσθήσεται,191,V-FIP-3S,Verbo - Futuro Indicativo Passiva - 3ª Pessoa Singular,será ouvido,"ele(a) será ouvido, será entendido",passiva_a_confirmar,revisar,"'V-FIP-3S' e passiva, porem a passiva nao esta explicita em 'será ouvido'.","Confirmar se a glossa pretende particpio isolado, adjetivo verbal ou construao passiva completa."
ἀλλαγήσονται,236,V-FIP-3P,Verbo - Futuro Indicativo Passiva - 3ª Pessoa Plural,serão mudados,"eles(as) serão mudados, serão trocados, serão transformados",passiva_a_confirmar,revisar,"'V-FIP-3P' e passiva, porem a passiva nao esta explicita em 'serão mudados'.","Confirmar se a glossa pretende particpio isolado, adjetivo verbal ou construao passiva completa."
ἀναγνωσθῆναι,314,V-ANP,Verbo - Aoristo Infinitivo Passiva,ler,"ler, reconhecer, saber de novo",passiva_sem_marca,alta,"'V-ANP' e passiva, mas 'pt' esta em infinitivo ativo: 'ler'.","Revisar para uma forma passiva adequada, por exemplo 'ser + particpio', quando o contexto nao exigir outra soluao."
ἀναιρεῖσθαι,337,V-PNM/P,Verbo - Presente Infinitivo Média ou Passiva,ocupar,"ocupar, matar, abolir, destruir",media_passiva_ambigua,revisar,'V-PNM/P' e media ou passiva e 'pt' e infinitivo ativo: 'ocupar'.,"Decidir pelo contexto entre leitura media/reflexiva, passiva ou ativa idiomatica; nao corrigir automaticamente."
ἀνακλιθῆναι,347,V-ANP,Verbo - Aoristo Infinitivo Passiva,reclinar,"reclinar, deitar, recostar",passiva_sem_marca,alta,"'V-ANP' e passiva, mas 'pt' esta em infinitivo ativo: 'reclinar'.","Revisar para uma forma passiva adequada, por exemplo 'ser + particpio', quando o contexto nao exigir outra soluao."
ἀνακλῖναι,347,V-ANP,Verbo - Aoristo Infinitivo Passiva,reclinar,"reclinar, deitar, recostar",passiva_sem_marca,alta,"'V-ANP' e passiva, mas 'pt' esta em infinitivo ativo: 'reclinar'.","Revisar para uma forma passiva adequada, por exemplo 'ser + particpio', quando o contexto nao exigir outra soluao."
ἀνανεοῦσθαι,365,V-PNM/P,Verbo - Presente Infinitivo Média ou Passiva,renovar,"renovar, fazer novo novamente",media_passiva_ambigua,revisar,'V-PNM/P' e media ou passiva e 'pt' e infinitivo ativo: 'renovar'.,"Decidir pelo contexto entre leitura media/reflexiva, passiva ou ativa idiomatica; nao corrigir automaticamente."
ἀναπαήσονται,373,V-FIP-3P,Verbo - Futuro Indicativo Passiva - 3ª Pessoa Plural,serão descansado,"eles(as) serão descansado, serão refrescado, serão dado descanso",passiva_a_confirmar,revisar,"'V-FIP-3P' e passiva, porem a passiva nao esta explicita em 'serão descansado'.","Confirmar se a glossa pretende particpio isolado, adjetivo verbal ou construao passiva completa."
ἀναφαίνεσθαι,398,V-PNM/P,Verbo - Presente Infinitivo Média ou Passiva,aparecer,"aparecer, manifestar, mostrar",media_passiva_ambigua,revisar,'V-PNM/P' e media ou passiva e 'pt' e infinitivo ativo: 'aparecer'.,"Decidir pelo contexto entre leitura media/reflexiva, passiva ou ativa idiomatica; nao corrigir automaticamente."
ἀνεῳχθῆναι,455,V-ANP,Verbo - Aoristo Infinitivo Passiva,abrir,abrir,passiva_sem_marca,alta,"'V-ANP' e passiva, mas 'pt' esta em infinitivo ativo: 'abrir'.","Revisar para uma forma passiva adequada, por exemplo 'ser + particpio', quando o contexto nao exigir outra soluao."
ἀνταποκριθῆναι,470,V-ANP,Verbo - Aoristo Infinitivo Passiva,responder de volta,"responder de volta, responder em troca",passiva_a_confirmar,revisar,"'V-ANP' e passiva, porem a passiva nao esta explicita em 'responder de volta'.","Confirmar se a glossa pretende particpio isolado, adjetivo verbal ou construao passiva completa."
ἀντιλαμβάνεσθαι,482,V-PNM/P,Verbo - Presente Infinitivo Média ou Passiva,ajudar,"ajudar, apoiar, tomar posse",media_passiva_ambigua,revisar,'V-PNM/P' e media ou passiva e 'pt' e infinitivo ativo: 'ajudar'.,"Decidir pelo contexto entre leitura media/reflexiva, passiva ou ativa idiomatica; nao corrigir automaticamente."
ἀντιμετρηθήσεται,488,V-FIP-3S,Verbo - Futuro Indicativo Passiva - 3ª Pessoa Singular,será medido em troca,"ele(a) será medido em troca, será recompensado, será retribuído.",passiva_a_confirmar,revisar,"'V-FIP-3S' e passiva, porem a passiva nao esta explicita em 'será medido em troca'.","Confirmar se a glossa pretende particpio isolado, adjetivo verbal ou construao passiva completa."
ἀξιωθήσεται,515,V-FIP-3S,Verbo - Futuro Indicativo Passiva - 3ª Pessoa Singular,será considerado digno,"ele(a) será considerado digno, será considerado merecedor",passiva_a_confirmar,revisar,"'V-FIP-3S' e passiva, porem a passiva nao esta explicita em 'será considerado digno'.","Confirmar se a glossa pretende particpio isolado, adjetivo verbal ou construao passiva completa."
ἀπαχθῆναι,520,V-ANP,Verbo - Aoristo Infinitivo Passiva,levar embora,"levar embora, tirar",passiva_a_confirmar,revisar,"'V-ANP' e passiva, porem a passiva nao esta explicita em 'levar embora'.","Confirmar se a glossa pretende particpio isolado, adjetivo verbal ou construao passiva completa."
ἀπαλλάσσεσθαι,525,V-PNM/P,Verbo - Presente Infinitivo Média ou Passiva,remover,"remover, libertar, partir",media_passiva_ambigua,revisar,'V-PNM/P' e media ou passiva e 'pt' e infinitivo ativo: 'remover'.,"Decidir pelo contexto entre leitura media/reflexiva, passiva ou ativa idiomatica; nao corrigir automaticamente."
ἀπαρνηθήσεται,533,V-FIP-3S,Verbo - Futuro Indicativo Passiva - 3ª Pessoa Singular,será negado,"ele(a) será negado, será renegado, será renunciado",passiva_a_confirmar,revisar,"'V-FIP-3S' e passiva, porem a passiva nao esta explicita em 'será negado'.","Confirmar se a glossa pretende particpio isolado, adjetivo verbal ou construao passiva completa."
ἀποκατασταθῶ,600,V-ASP-2S,Verbo - Aoristo Subjuntivo Passiva - 2ª Pessoa Singular,sejas restaurado,"tu sejas restaurado, sejas restabelecido, sejas retornado ao estado anterior.",passiva_a_confirmar,revisar,"'V-ASP-2S' e passiva, porem a passiva nao esta explicita em 'sejas restaurado'.","Confirmar se a glossa pretende particpio isolado, adjetivo verbal ou construao passiva completa."
ἀποκρίνεσθαι,611,V-PNM/P,Verbo - Presente Infinitivo Média ou Passiva,responder,responder,media_passiva_ambigua,revisar,'V-PNM/P' e media ou passiva e 'pt' e infinitivo ativo: 'responder'.,"Decidir pelo contexto entre leitura media/reflexiva, passiva ou ativa idiomatica; nao corrigir automaticamente."
ἀποκριθῆναι,611,V-ANP,Verbo - Aoristo Infinitivo Passiva,responder,responder,passiva_sem_marca,alta,"'V-ANP' e passiva, mas 'pt' esta em infinitivo ativo: 'responder'.","Revisar para uma forma passiva adequada, por exemplo 'ser + particpio', quando o contexto nao exigir outra soluao."
ἀποκτέννεσθαι,615,V-PNM/P,Verbo - Presente Infinitivo Média ou Passiva,matar,"matar, assassinar, condenar à morte",media_passiva_ambigua,revisar,'V-PNM/P' e media ou passiva e 'pt' e infinitivo ativo: 'matar'.,"Decidir pelo contexto entre leitura media/reflexiva, passiva ou ativa idiomatica; nao corrigir automaticamente."
ἀπολογηθῆναι,626,V-ANP,Verbo - Aoristo Infinitivo Passiva,defender,"defender, fazer uma defesa, prestar contas",passiva_sem_marca,alta,"'V-ANP' e passiva, mas 'pt' esta em infinitivo ativo: 'defender'.","Revisar para uma forma passiva adequada, por exemplo 'ser + particpio', quando o contexto nao exigir outra soluao."
ἀπεστράφησάν,654,V-AIP-3P,Verbo - Aoristo Indicativo Passiva - 3ª Pessoa Plural,deram as costas,"eles(as) deram as costas, afastaram-se",passiva_a_confirmar,revisar,"'V-AIP-3P' e passiva, porem a passiva nao esta explicita em 'deram as costas'.","Confirmar se a glossa pretende particpio isolado, adjetivo verbal ou construao passiva completa."
ἀποστραφῇς,654,V-ASP-2S,Verbo - Aoristo Subjuntivo Passiva - 2ª Pessoa Singular,dês as costas,"tu dês as costas, te afastes",passiva_a_confirmar,revisar,"'V-ASP-2S' e passiva, porem a passiva nao esta explicita em 'dês as costas'.","Confirmar se a glossa pretende particpio isolado, adjetivo verbal ou construao passiva completa."
ἀπενεχθῆναι,667,V-ANP,Verbo - Aoristo Infinitivo Passiva,levar embora,"levar embora, remover",passiva_a_confirmar,revisar,"'V-ANP' e passiva, porem a passiva nao esta explicita em 'levar embora'.","Confirmar se a glossa pretende particpio isolado, adjetivo verbal ou construao passiva completa."
ἀποφθέγγεσθαι,669,V-PNM/P,Verbo - Presente Infinitivo Média ou Passiva,falar,"falar, declarar ou proferir",media_passiva_ambigua,revisar,'V-PNM/P' e media ou passiva e 'pt' e infinitivo ativo: 'falar'.,"Decidir pelo contexto entre leitura media/reflexiva, passiva ou ativa idiomatica; nao corrigir automaticamente."
ἀποχωρισθῆναι,673,V-ANP,Verbo - Aoristo Infinitivo Passiva,separar,"separar, partir",passiva_sem_marca,alta,"'V-ANP' e passiva, mas 'pt' esta em infinitivo ativo: 'separar'.","Revisar para uma forma passiva adequada, por exemplo 'ser + particpio', quando o contexto nao exigir outra soluao."
ἀρκεσθησόμεθα,714,V-FIP-1P,Verbo - Futuro Indicativo Passiva - 1ª Pessoa Plural,estaremos satisfeitos,"nós estaremos contentes, satisfeitos",passiva_a_confirmar,revisar,"'V-FIP-1P' e passiva, porem a passiva nao esta explicita em 'estaremos satisfeitos'.","Confirmar se a glossa pretende particpio isolado, adjetivo verbal ou construao passiva completa."
ἀρτυθήσεται,741,V-FIP-3S,Verbo - Futuro Indicativo Passiva - 3ª Pessoa Singular,será temperado,"ele(a) será temperado, será preparado, será arranjado",passiva_a_confirmar,revisar,"'V-FIP-3S' e passiva, porem a passiva nao esta explicita em 'será temperado'.","Confirmar se a glossa pretende particpio isolado, adjetivo verbal ou construao passiva completa."
ἀσπάζεσθαι,782,V-PNM/P,Verbo - Presente Infinitivo Média ou Passiva,saudar,"saudar, abraçar",media_passiva_ambigua,revisar,'V-PNM/P' e media ou passiva e 'pt' e infinitivo ativo: 'saudar'.,"Decidir pelo contexto entre leitura media/reflexiva, passiva ou ativa idiomatica; nao corrigir automaticamente."
ἀσφαλισθῆναι,805,V-ANP,Verbo - Aoristo Infinitivo Passiva,proteger,"proteger, tornar seguro, prender",passiva_sem_marca,alta,"'V-ANP' e passiva, mas 'pt' esta em infinitivo ativo: 'proteger'.","Revisar para uma forma passiva adequada, por exemplo 'ser + particpio', quando o contexto nao exigir outra soluao."
ἀτιμασθῆναι,818,V-ANP,Verbo - Aoristo Infinitivo Passiva,desonrar,"desonrar, tratar vergonhosamente, desprezar",passiva_sem_marca,alta,"'V-ANP' e passiva, mas 'pt' esta em infinitivo ativo: 'desonrar'.","Revisar para uma forma passiva adequada, por exemplo 'ser + particpio', quando o contexto nao exigir outra soluao."
αὐξηθῆτε,837,V-ASP-2P,Verbo - Aoristo Subjuntivo Passiva - 2ª Pessoa Plural,cresçais,"vós cresçais, sejais tornados maiores",passiva_a_confirmar,revisar,"'V-ASP-2P' e passiva, porem a passiva nao esta explicita em 'cresçais'.","Confirmar se a glossa pretende particpio isolado, adjetivo verbal ou construao passiva completa."
ἀφαιρεθήσεται,851,V-FIP-3S,Verbo - Futuro Indicativo Passiva - 3ª Pessoa Singular,será tirado,"ele(a) será tirado, será retirado, será cortado",passiva_a_confirmar,revisar,"'V-FIP-3S' e passiva, porem a passiva nao esta explicita em 'será tirado'.","Confirmar se a glossa pretende particpio isolado, adjetivo verbal ou construao passiva completa."
ἀφεῖναι,863,V-ANP,Verbo - Aoristo Infinitivo Passiva,mandar embora,"mandar embora, partir, perdoar, permitir, abandonar",passiva_a_confirmar,revisar,"'V-ANP' e passiva, porem a passiva nao esta explicita em 'mandar embora'.","Confirmar se a glossa pretende particpio isolado, adjetivo verbal ou construao passiva completa."
βληθήσεται,906,V-FIP-3S,Verbo - Futuro Indicativo Passiva - 3ª Pessoa Singular,será lançado(a),"ele(a) será lançado, será colocado",passiva_a_confirmar,revisar,"'V-FIP-3S' e passiva, porem a passiva nao esta explicita em 'será lançado(a)'.","Confirmar se a glossa pretende particpio isolado, adjetivo verbal ou construao passiva completa."
βληθήσῃ,906,V-FIP-2S,Verbo - Futuro Indicativo Passiva - 2ª Pessoa Singular,serás lançado(a),"tu serás lançado, serás colocado",passiva_a_confirmar,revisar,"'V-FIP-2S' e passiva, porem a passiva nao esta explicita em 'serás lançado(a)'.","Confirmar se a glossa pretende particpio isolado, adjetivo verbal ou construao passiva completa."
βαπτισθήτω,907,V-AMP-3S,Verbo - Aoristo Imperativo Passiva - 3ª Pessoa Singular,é batizado,"ele(a) é batizado, é imergido, é mergulhado",passiva_a_confirmar,revisar,"'V-AMP-3S' e passiva, porem a passiva nao esta explicita em 'é batizado'.","Confirmar se a glossa pretende particpio isolado, adjetivo verbal ou construao passiva completa."
βασανισθήσεται,928,V-FIP-3S,Verbo - Futuro Indicativo Passiva - 3ª Pessoa Singular,será atormentado,"ele(a) será atormentado, será torturado, será irritado, será angustiado",passiva_a_confirmar,revisar,"'V-FIP-3S' e passiva, porem a passiva nao esta explicita em 'será atormentado'.","Confirmar se a glossa pretende particpio isolado, adjetivo verbal ou construao passiva completa."
βαστάζεσθαι,941,V-PNM/P,Verbo - Presente Infinitivo Média ou Passiva,suportar,"suportar, carregar, apoiar",media_passiva_ambigua,revisar,'V-PNM/P' e media ou passiva e 'pt' e infinitivo ativo: 'suportar'.,"Decidir pelo contexto entre leitura media/reflexiva, passiva ou ativa idiomatica; nao corrigir automaticamente."
βεβαιοῦσθαι,950,V-PNM/P,Verbo - Presente Infinitivo Média ou Passiva,confirmar,"confirmar, estabelecer, tornar firme, seguro",media_passiva_ambigua,revisar,'V-PNM/P' e media ou passiva e 'pt' e infinitivo ativo: 'confirmar'.,"Decidir pelo contexto entre leitura media/reflexiva, passiva ou ativa idiomatica; nao corrigir automaticamente."
βλασφημηθήσεται,987,V-FIP-3S,Verbo - Futuro Indicativo Passiva - 3ª Pessoa Singular,será blasfemado,"ele(a) será blasfemado, será falado mal, será caluniado, será injuriado.",passiva_a_confirmar,revisar,"'V-FIP-3S' e passiva, porem a passiva nao esta explicita em 'será blasfemado'.","Confirmar se a glossa pretende particpio isolado, adjetivo verbal ou construao passiva completa."
ἐβουλήθη,1014,V-AIP-3S,Verbo - Aoristo Indicativo Passiva - 3ª Pessoa Singular,desejou,"ele(a) quis, desejou, pretendeu",passiva_a_confirmar,revisar,"'V-AIP-3S' e passiva, porem a passiva nao esta explicita em 'desejou'.","Confirmar se a glossa pretende particpio isolado, adjetivo verbal ou construao passiva completa."
βυθίζεσθαι,1036,V-PNM/P,Verbo - Presente Infinitivo Média ou Passiva,mergulhar,"se afundar, mergulhar, submergir-se",media_passiva_ambigua,revisar,'V-PNM/P' e media ou passiva e 'pt' e infinitivo ativo: 'mergulhar'.,"Decidir pelo contexto entre leitura media/reflexiva, passiva ou ativa idiomatica; nao corrigir automaticamente."
γαμηθῆναι,1060,V-ANP,Verbo - Aoristo Infinitivo Passiva,casar,casar,passiva_sem_marca,alta,"'V-ANP' e passiva, mas 'pt' esta em infinitivo ativo: 'casar'.","Revisar para uma forma passiva adequada, por exemplo 'ser + particpio', quando o contexto nao exigir outra soluao."
γεμίζεσθαι,1072,V-PNM/P,Verbo - Presente Infinitivo Média ou Passiva,preencher,"preencher, ser preenchido, carregar",media_passiva_ambigua,revisar,'V-PNM/P' e media ou passiva e 'pt' e infinitivo ativo: 'preencher'.,"Decidir pelo contexto entre leitura media/reflexiva, passiva ou ativa idiomatica; nao corrigir automaticamente."
γενηθῆναι,1096,V-ANP,Verbo - Aoristo Infinitivo Passiva,tornar,"tornar, vir a ser, acontecer, ser feito",passiva_sem_marca,alta,"'V-ANP' e passiva, mas 'pt' esta em infinitivo ativo: 'tornar'.","Revisar para uma forma passiva adequada, por exemplo 'ser + particpio', quando o contexto nao exigir outra soluao."
γνωσθήτω,1097,V-AMP-3S,Verbo - Aoristo Imperativo Passiva - 3ª Pessoa Singular,é conhecido,"ele(a) é conhecido, é vindo a conhecer, é reconhecido, é percebido",passiva_a_confirmar,revisar,"'V-AMP-3S' e passiva, porem a passiva nao esta explicita em 'é conhecido'.","Confirmar se a glossa pretende particpio isolado, adjetivo verbal ou construao passiva completa."
γράφεσθαι,1125,V-PNM/P,Verbo - Presente Infinitivo Média ou Passiva,escrever,escrever,media_passiva_ambigua,revisar,'V-PNM/P' e media ou passiva e 'pt' e infinitivo ativo: 'escrever'.,"Decidir pelo contexto entre leitura media/reflexiva, passiva ou ativa idiomatica; nao corrigir automaticamente."
δεήθητι,1189,V-AMP-2S,Verbo - Aoristo Imperativo Passiva - 2ª Pessoa Singular,suplica,"tu suplica, implora",passiva_a_confirmar,revisar,"'V-AMP-2S' e passiva, porem a passiva nao esta explicita em 'suplica'.","Confirmar se a glossa pretende particpio isolado, adjetivo verbal ou construao passiva completa."
δεηθέντων,1189,V-APP-GMP,Verbo - Aoristo Particípio Passiva - Genitivo Masculino Plural,tendo suplicado,"tendo suplicado, tendo implorado",passiva_a_confirmar,revisar,"'V-APP-GMP' e passiva, porem a passiva nao esta explicita em 'tendo suplicado'.","Confirmar se a glossa pretende particpio isolado, adjetivo verbal ou construao passiva completa."
διαλλάγηθι,1259,V-AMP-2S,Verbo - Aoristo Imperativo Passiva - 2ª Pessoa Singular,sejas reconciliado,tu sejas reconciliado,passiva_a_confirmar,revisar,"'V-AMP-2S' e passiva, porem a passiva nao esta explicita em 'sejas reconciliado'.","Confirmar se a glossa pretende particpio isolado, adjetivo verbal ou construao passiva completa."
διαλογίζεσθαι,1260,V-PNM/P,Verbo - Presente Infinitivo Média ou Passiva,raciocinar,"raciocinar, considerar, debater, ponderar",media_passiva_ambigua,revisar,'V-PNM/P' e media ou passiva e 'pt' e infinitivo ativo: 'raciocinar'.,"Decidir pelo contexto entre leitura media/reflexiva, passiva ou ativa idiomatica; nao corrigir automaticamente."
διαμερισθήσονται,1266,V-FIP-3P,Verbo - Futuro Indicativo Passiva - 3ª Pessoa Plural,serão divididos,"eles(as) serão divididos, serão distribuídos, serão repartidos",passiva_a_confirmar,revisar,"'V-FIP-3P' e passiva, porem a passiva nao esta explicita em 'serão divididos'.","Confirmar se a glossa pretende particpio isolado, adjetivo verbal ou construao passiva completa."
Διανοίχθητι,1272,V-AMP-2S,Verbo - Aoristo Imperativo Passiva - 2ª Pessoa Singular,sejas aberto completamente,tu sejas aberto completamente,passiva_a_confirmar,revisar,"'V-AMP-2S' e passiva, porem a passiva nao esta explicita em 'sejas aberto completamente'.","Confirmar se a glossa pretende particpio isolado, adjetivo verbal ou construao passiva completa."
διαπορεύεσθαι,1279,V-PNM/P,Verbo - Presente Infinitivo Média ou Passiva,passar,"passar, viajar",media_passiva_ambigua,revisar,'V-PNM/P' e media ou passiva e 'pt' e infinitivo ativo: 'passar'.,"Decidir pelo contexto entre leitura media/reflexiva, passiva ou ativa idiomatica; nao corrigir automaticamente."
διασωθῆναι,1295,V-ANP,Verbo - Aoristo Infinitivo Passiva,salvar,"salvar, preservar, trazer segurança",passiva_sem_marca,alta,"'V-ANP' e passiva, mas 'pt' esta em infinitivo ativo: 'salvar'.","Revisar para uma forma passiva adequada, por exemplo 'ser + particpio', quando o contexto nao exigir outra soluao."
δικαιωθήσονται,1344,V-FIP-3P,Verbo - Futuro Indicativo Passiva - 3ª Pessoa Plural,serão justificados,"eles(as) serão justificados, serão declarados justos, serão absolvidos",passiva_a_confirmar,revisar,"'V-FIP-3P' e passiva, porem a passiva nao esta explicita em 'serão justificados'.","Confirmar se a glossa pretende particpio isolado, adjetivo verbal ou construao passiva completa."
δικαιωθήσῃ,1344,V-FIP-2S,Verbo - Futuro Indicativo Passiva - 2ª Pessoa Singular,serás justificado,"tu serás justificado, serás declarado justo, serás absolvido",passiva_a_confirmar,revisar,"'V-FIP-2S' e passiva, porem a passiva nao esta explicita em 'serás justificado'.","Confirmar se a glossa pretende particpio isolado, adjetivo verbal ou construao passiva completa."
δικαιωθῇς,1344,V-ASP-2S,Verbo - Aoristo Subjuntivo Passiva - 2ª Pessoa Singular,sejas justificado,"tu sejas justificado, sejas declarado justo, sejas absolvido",passiva_a_confirmar,revisar,"'V-ASP-2S' e passiva, porem a passiva nao esta explicita em 'sejas justificado'.","Confirmar se a glossa pretende particpio isolado, adjetivo verbal ou construao passiva completa."
διωχθήσονται,1377,V-FIP-3P,Verbo - Futuro Indicativo Passiva - 3ª Pessoa Plural,serão perseguidos,eles(as) serão perseguidos,passiva_a_confirmar,revisar,"'V-FIP-3P' e passiva, porem a passiva nao esta explicita em 'serão perseguidos'.","Confirmar se a glossa pretende particpio isolado, adjetivo verbal ou construao passiva completa."
ἠδυνήθητε,1410,V-AIP-2P,Verbo - Aoristo Indicativo Passiva - 2ª Pessoa Plural,fostes sido capaz,"vós fostes sido capaz, fostes tido poder",concordancia_participio,alta,Auxiliar plural com particpio aparentemente singular: 'fostes sido'.,"Reescrever a construao; 'sido' nao deve ser pluralizado. Usar forma idiomatica (ex.: 'puderam', 'foram capazes')."
ἐγέρθητι,1453,V-AMP-2S,Verbo - Aoristo Imperativo Passiva - 2ª Pessoa Singular,és levantado,"tu és levantado, és despertado",passiva_a_confirmar,revisar,"'V-AMP-2S' e passiva, porem a passiva nao esta explicita em 'és levantado'.","Confirmar se a glossa pretende particpio isolado, adjetivo verbal ou construao passiva completa."
ἐγκόπτεσθαι,1465,V-PNM/P,Verbo - Presente Infinitivo Média ou Passiva,impedir,"impedir, cortar",media_passiva_ambigua,revisar,'V-PNM/P' e media ou passiva e 'pt' e infinitivo ativo: 'impedir'.,"Decidir pelo contexto entre leitura media/reflexiva, passiva ou ativa idiomatica; nao corrigir automaticamente."
εἰσακουσθήσονται,1522,V-FIP-3P,Verbo - Futuro Indicativo Passiva - 3ª Pessoa Plural,serão ouvidos,"eles(as) serão ouvidos, terão um pedido atendido",passiva_a_confirmar,revisar,"'V-FIP-3P' e passiva, porem a passiva nao esta explicita em 'serão ouvidos'.","Confirmar se a glossa pretende particpio isolado, adjetivo verbal ou construao passiva completa."
ἐκβληθήσεται,1544,V-FIP-3S,Verbo - Futuro Indicativo Passiva - 3ª Pessoa Singular,será expulso,ele(a) será expulso,passiva_a_confirmar,revisar,"'V-FIP-3S' e passiva, porem a passiva nao esta explicita em 'será expulso'.","Confirmar se a glossa pretende particpio isolado, adjetivo verbal ou construao passiva completa."
ἐκβληθήσονται,1544,V-FIP-3P,Verbo - Futuro Indicativo Passiva - 3ª Pessoa Plural,serão expulsos,eles(as) serão expulsos,passiva_a_confirmar,revisar,"'V-FIP-3P' e passiva, porem a passiva nao esta explicita em 'serão expulsos'.","Confirmar se a glossa pretende particpio isolado, adjetivo verbal ou construao passiva completa."
ἐκζητηθήσεται,1567,V-FIP-3S,Verbo - Futuro Indicativo Passiva - 3ª Pessoa Singular,será buscado,"ele(a) será buscado, será pesquisado diligentemente, será indagado seriamente.",passiva_a_confirmar,revisar,"'V-FIP-3S' e passiva, porem a passiva nao esta explicita em 'será buscado'.","Confirmar se a glossa pretende particpio isolado, adjetivo verbal ou construao passiva completa."
ἐκλυθήσονται,1590,V-FIP-3P,Verbo - Futuro Indicativo Passiva - 3ª Pessoa Plural,desmaiarão,"eles(as) desmaiarão, desanimarão",passiva_a_confirmar,revisar,"'V-FIP-3P' e passiva, porem a passiva nao esta explicita em 'desmaiarão'.","Confirmar se a glossa pretende particpio isolado, adjetivo verbal ou construao passiva completa."
ἐκλυθῶσιν,1590,V-ASP-3P,Verbo - Aoristo Subjuntivo Passiva - 3ª Pessoa Plural,desmaiem,"eles(as) desmaiem, fiquem cansados, sejam desanimados",passiva_a_confirmar,revisar,"'V-ASP-3P' e passiva, porem a passiva nao esta explicita em 'desmaiem'.","Confirmar se a glossa pretende particpio isolado, adjetivo verbal ou construao passiva completa."
ἐκριζωθήσεται,1610,V-FIP-3S,Verbo - Futuro Indicativo Passiva - 3ª Pessoa Singular,será desenraizado,"ele(a) será desenraizado, será erradicado",passiva_a_confirmar,revisar,"'V-FIP-3S' e passiva, porem a passiva nao esta explicita em 'será desenraizado'.","Confirmar se a glossa pretende particpio isolado, adjetivo verbal ou construao passiva completa."
ἐκριζώθητι,1610,V-AMP-2S,Verbo - Aoristo Imperativo Passiva - 2ª Pessoa Singular,estás desenraizado,"tu estás desenraizado, erradicado",passiva_a_confirmar,revisar,"'V-AMP-2S' e passiva, porem a passiva nao esta explicita em 'estás desenraizado'.","Confirmar se a glossa pretende particpio isolado, adjetivo verbal ou construao passiva completa."
ἐκτραπήσονται,1624,V-FIP-3P,Verbo - Futuro Indicativo Passiva - 3ª Pessoa Plural,serão desviados,eles(as) serão desviados,passiva_a_confirmar,revisar,"'V-FIP-3P' e passiva, porem a passiva nao esta explicita em 'serão desviados'.","Confirmar se a glossa pretende particpio isolado, adjetivo verbal ou construao passiva completa."
ἐκχυθήσεται,1632,V-FIP-3S,Verbo - Futuro Indicativo Passiva - 3ª Pessoa Singular,será derramado,ele(a) será derramado,passiva_a_confirmar,revisar,"'V-FIP-3S' e passiva, porem a passiva nao esta explicita em 'será derramado'.","Confirmar se a glossa pretende particpio isolado, adjetivo verbal ou construao passiva completa."
ἐλεηθήσονται,1653,V-FIP-3P,Verbo - Futuro Indicativo Passiva - 3ª Pessoa Plural,alcançarão misericórdia,eles(as) alcançarão misericórdia,passiva_a_confirmar,revisar,"'V-FIP-3P' e passiva, porem a passiva nao esta explicita em 'alcançarão misericórdia'.","Confirmar se a glossa pretende particpio isolado, adjetivo verbal ou construao passiva completa."
ἠλεήθημεν,1653,V-AIP-1P,Verbo - Aoristo Indicativo Passiva - 1ª Pessoa Plural,recebemos misericórdia,nós recebemos misericórdia,passiva_a_confirmar,revisar,"'V-AIP-1P' e passiva, porem a passiva nao esta explicita em 'recebemos misericórdia'.","Confirmar se a glossa pretende particpio isolado, adjetivo verbal ou construao passiva completa."
ἐνεβριμήθη,1690,V-AIP-3S,Verbo - Aoristo Indicativo Passiva - 3ª Pessoa Singular,ficou profundamente comovido,"ele(a) ficou profundamente comovido, foi avisado severamente, foi gemido",passiva_a_confirmar,revisar,"'V-AIP-3S' e passiva, porem a passiva nao esta explicita em 'ficou profundamente comovido'.","Confirmar se a glossa pretende particpio isolado, adjetivo verbal ou construao passiva completa."
ἐμπαιχθήσεται,1702,V-FIP-3S,Verbo - Futuro Indicativo Passiva - 3ª Pessoa Singular,será zombado,"ele(a) será zombado, será ridicularizado",passiva_a_confirmar,revisar,"'V-FIP-3S' e passiva, porem a passiva nao esta explicita em 'será zombado'.","Confirmar se a glossa pretende particpio isolado, adjetivo verbal ou construao passiva completa."
ἐμπτυσθήσεται,1716,V-FIP-3S,Verbo - Futuro Indicativo Passiva - 3ª Pessoa Singular,será cuspido,ele(a) será cuspido,passiva_a_confirmar,revisar,"'V-FIP-3S' e passiva, porem a passiva nao esta explicita em 'será cuspido'.","Confirmar se a glossa pretende particpio isolado, adjetivo verbal ou construao passiva completa."
ἐμφανισθῆναι,1718,V-ANP,Verbo - Aoristo Infinitivo Passiva,tornar manifesto,"tornar manifesto, revelar, mostrar, declarar",passiva_a_confirmar,revisar,"'V-ANP' e passiva, porem a passiva nao esta explicita em 'tornar manifesto'.","Confirmar se a glossa pretende particpio isolado, adjetivo verbal ou construao passiva completa."
ἐνεφανίσθησαν,1718,V-AIP-3P,Verbo - Aoristo Indicativo Passiva - 3ª Pessoa Plural,tornaram manifestos,"eles(as) tornaram manifesto, foram revelados, foram mostrados, foram declarados",passiva_a_confirmar,revisar,"'V-AIP-3P' e passiva, porem a passiva nao esta explicita em 'tornaram manifestos'.","Confirmar se a glossa pretende particpio isolado, adjetivo verbal ou construao passiva completa."
ἐνυπνιασθήσονται,1797,V-FIP-3P,Verbo - Futuro Indicativo Passiva - 3ª Pessoa Plural,serão sonhado,eles(as) serão sonhado,passiva_a_confirmar,revisar,"'V-FIP-3P' e passiva, porem a passiva nao esta explicita em 'serão sonhado'.","Confirmar se a glossa pretende particpio isolado, adjetivo verbal ou construao passiva completa."
ἐξαλειφθῆναι,1813,V-ANP,Verbo - Aoristo Infinitivo Passiva,eliminar,"eliminar, apagar, obliterar",passiva_sem_marca,alta,"'V-ANP' e passiva, mas 'pt' esta em infinitivo ativo: 'eliminar'.","Revisar para uma forma passiva adequada, por exemplo 'ser + particpio', quando o contexto nao exigir outra soluao."
ἐξαπορηθῆναι,1820,V-ANP,Verbo - Aoristo Infinitivo Passiva,estar totalmente perdido,"estar totalmente perdido, estar em desespero",passiva_a_confirmar,revisar,"'V-ANP' e passiva, porem a passiva nao esta explicita em 'estar totalmente perdido'.","Confirmar se a glossa pretende particpio isolado, adjetivo verbal ou construao passiva completa."
ἐξολεθρευθήσεται,1842,V-FIP-3S,Verbo - Futuro Indicativo Passiva - 3ª Pessoa Singular,será destruído completamente,"ele(a) será destruído completamente, será exterminado, será erradicado",passiva_a_confirmar,revisar,"'V-FIP-3S' e passiva, porem a passiva nao esta explicita em 'será destruído completamente'.","Confirmar se a glossa pretende particpio isolado, adjetivo verbal ou construao passiva completa."
ἐπαισχυνθῇς,1870,V-ASP-2S,Verbo - Aoristo Subjuntivo Passiva - 2ª Pessoa Singular,tenhas vergonha,tu tenhas vergonha,passiva_a_confirmar,revisar,"'V-ASP-2S' e passiva, porem a passiva nao esta explicita em 'tenhas vergonha'.","Confirmar se a glossa pretende particpio isolado, adjetivo verbal ou construao passiva completa."
ἐπικαλεῖσθαι,1941,V-PNM/P,Verbo - Presente Infinitivo Média ou Passiva,chamar,"chamar, invocar, apelar, nomear",media_passiva_ambigua,revisar,'V-PNM/P' e media ou passiva e 'pt' e infinitivo ativo: 'chamar'.,"Decidir pelo contexto entre leitura media/reflexiva, passiva ou ativa idiomatica; nao corrigir automaticamente."
ἐπιλυθήσεται,1956,V-FIP-3S,Verbo - Futuro Indicativo Passiva - 3ª Pessoa Singular,será explicado,"ele(a) será explicado, será interpretado, será resolvido",passiva_a_confirmar,revisar,"'V-FIP-3S' e passiva, porem a passiva nao esta explicita em 'será explicado'.","Confirmar se a glossa pretende particpio isolado, adjetivo verbal ou construao passiva completa."
Ἐπιμελήθητι,1959,V-AMP-2S,Verbo - Aoristo Imperativo Passiva - 2ª Pessoa Singular,tenha cuidado,tu tenha cuidado,passiva_a_confirmar,revisar,"'V-AMP-2S' e passiva, porem a passiva nao esta explicita em 'tenha cuidado'.","Confirmar se a glossa pretende particpio isolado, adjetivo verbal ou construao passiva completa."
ἐπισκέπτεσθαι,1980,V-PNM/P,Verbo - Presente Infinitivo Média ou Passiva,visitar,"visitar, cuidar",media_passiva_ambigua,revisar,'V-PNM/P' e media ou passiva e 'pt' e infinitivo ativo: 'visitar'.,"Decidir pelo contexto entre leitura media/reflexiva, passiva ou ativa idiomatica; nao corrigir automaticamente."
ἐπιστραφήτω,1994,V-AMP-3S,Verbo - Aoristo Imperativo Passiva - 3ª Pessoa Singular,retorne,"ele(a) sê convertido(a), retorne",passiva_a_confirmar,revisar,"'V-AMP-3S' e passiva, porem a passiva nao esta explicita em 'retorne'.","Confirmar se a glossa pretende particpio isolado, adjetivo verbal ou construao passiva completa."
ἐπισυναχθήσονται,1996,V-FIP-3P,Verbo - Futuro Indicativo Passiva - 3ª Pessoa Plural,serão reunidos,eles(as) serão reunidos,passiva_a_confirmar,revisar,"'V-FIP-3P' e passiva, porem a passiva nao esta explicita em 'serão reunidos'.","Confirmar se a glossa pretende particpio isolado, adjetivo verbal ou construao passiva completa."
ἐπιτελεῖσθαι,2005,V-PNM/P,Verbo - Presente Infinitivo Média ou Passiva,completar,"completar, realizar, aperfeiçoar, terminar",media_passiva_ambigua,revisar,'V-PNM/P' e media ou passiva e 'pt' e infinitivo ativo: 'completar'.,"Decidir pelo contexto entre leitura media/reflexiva, passiva ou ativa idiomatica; nao corrigir automaticamente."
ἐπιχορηγηθήσεται,2023,V-FIP-3S,Verbo - Futuro Indicativo Passiva - 3ª Pessoa Singular,será fornecido,"ele(a) será fornecido, será fornecido abundantemente",passiva_a_confirmar,revisar,"'V-FIP-3S' e passiva, porem a passiva nao esta explicita em 'será fornecido'.","Confirmar se a glossa pretende particpio isolado, adjetivo verbal ou construao passiva completa."
εὐοδοῦσθαι,2137,V-PNM/P,Verbo - Presente Infinitivo Média ou Passiva,prosperar,"prosperar, ter sucesso, ter uma boa jornada",media_passiva_ambigua,revisar,'V-PNM/P' e media ou passiva e 'pt' e infinitivo ativo: 'prosperar'.,"Decidir pelo contexto entre leitura media/reflexiva, passiva ou ativa idiomatica; nao corrigir automaticamente."
εὑρεθήσεται,2147,V-FIP-3S,Verbo - Futuro Indicativo Passiva - 3ª Pessoa Singular,será encontrado,"ele(a) será encontrado, será descoberto, será obtido",passiva_a_confirmar,revisar,"'V-FIP-3S' e passiva, porem a passiva nao esta explicita em 'será encontrado'.","Confirmar se a glossa pretende particpio isolado, adjetivo verbal ou construao passiva completa."
εὑρεθῆναι,2147,V-ANP,Verbo - Aoristo Infinitivo Passiva,encontrar,"encontrar, descobrir, obter",passiva_sem_marca,alta,"'V-ANP' e passiva, mas 'pt' esta em infinitivo ativo: 'encontrar'.","Revisar para uma forma passiva adequada, por exemplo 'ser + particpio', quando o contexto nao exigir outra soluao."
εὐφρανθῆναι,2165,V-ANP,Verbo - Aoristo Infinitivo Passiva,alegrar,alegrar,passiva_sem_marca,alta,"'V-ANP' e passiva, mas 'pt' esta em infinitivo ativo: 'alegrar'.","Revisar para uma forma passiva adequada, por exemplo 'ser + particpio', quando o contexto nao exigir outra soluao."
ζημιωθήσεται,2210,V-FIP-3S,Verbo - Futuro Indicativo Passiva - 3ª Pessoa Singular,sofrerá perdas,"ele(a) sofrerá perdas, será punido, sofrerá danos",passiva_a_confirmar,revisar,"'V-FIP-3S' e passiva, porem a passiva nao esta explicita em 'sofrerá perdas'.","Confirmar se a glossa pretende particpio isolado, adjetivo verbal ou construao passiva completa."
ζημιωθείς,2210,V-APP-NMS,Verbo - Aoristo Particípio Passiva - Nominativo Masculino Singular,tendo sofrido perdas,"tendo sofrido perdas, tendo sido punidos, tendo sofrido danos",passiva_a_confirmar,revisar,"'V-APP-NMS' e passiva, porem a passiva nao esta explicita em 'tendo sofrido perdas'.","Confirmar se a glossa pretende particpio isolado, adjetivo verbal ou construao passiva completa."
ζημιωθῆναι,2210,V-ANP,Verbo - Aoristo Infinitivo Passiva,sofrer perdas,"sofrer perdas, perder, ser punido, sofrer danos",passiva_a_confirmar,revisar,"'V-ANP' e passiva, porem a passiva nao esta explicita em 'sofrer perdas'.","Confirmar se a glossa pretende particpio isolado, adjetivo verbal ou construao passiva completa."
ζημιωθῆτε,2210,V-ASP-2P,Verbo - Aoristo Subjuntivo Passiva - 2ª Pessoa Plural,sofrais perdas,"vós sofrais perdas, sejais punidos, sofrais danos",passiva_a_confirmar,revisar,"'V-ASP-2P' e passiva, porem a passiva nao esta explicita em 'sofrais perdas'.","Confirmar se a glossa pretende particpio isolado, adjetivo verbal ou construao passiva completa."
ζημιωθῇ,2210,V-ASP-3S,Verbo - Aoristo Subjuntivo Passiva - 3ª Pessoa Singular,sofra perdas,"ele(a) sofra perdas, seja punido, sofra danos",passiva_a_confirmar,revisar,"'V-ASP-3S' e passiva, porem a passiva nao esta explicita em 'sofra perdas'.","Confirmar se a glossa pretende particpio isolado, adjetivo verbal ou construao passiva completa."
ἐζημιώθην,2210,V-AIP-1S,Verbo - Aoristo Indicativo Passiva - 1ª Pessoa Singular,sofri perdas,"eu sofri perdas, fui punido, sofri danos",passiva_a_confirmar,revisar,"'V-AIP-1S' e passiva, porem a passiva nao esta explicita em 'sofri perdas'.","Confirmar se a glossa pretende particpio isolado, adjetivo verbal ou construao passiva completa."
ζητηθήσεται,2212,V-FIP-3S,Verbo - Futuro Indicativo Passiva - 3ª Pessoa Singular,será buscado,"ele(a) será buscado, será procurado, será desejado, será lutado por",passiva_a_confirmar,revisar,"'V-FIP-3S' e passiva, porem a passiva nao esta explicita em 'será buscado'.","Confirmar se a glossa pretende particpio isolado, adjetivo verbal ou construao passiva completa."
ζωοποιηθήσονται,2227,V-FIP-3P,Verbo - Futuro Indicativo Passiva - 3ª Pessoa Plural,tornarão à vida,eles(as) tornarão à vida,passiva_a_confirmar,revisar,"'V-FIP-3P' e passiva, porem a passiva nao esta explicita em 'tornarão à vida'.","Confirmar se a glossa pretende particpio isolado, adjetivo verbal ou construao passiva completa."
ἡγεῖσθαι,2233,V-PNM/P,Verbo - Presente Infinitivo Média ou Passiva,liderar,"liderar, considerar, pensar",media_passiva_ambigua,revisar,'V-PNM/P' e media ou passiva e 'pt' e infinitivo ativo: 'liderar'.,"Decidir pelo contexto entre leitura media/reflexiva, passiva ou ativa idiomatica; nao corrigir automaticamente."
ἡσσώθητε,2274,V-AIP-2P,Verbo - Aoristo Indicativo Passiva - 2ª Pessoa Plural,fostes sido derrotado,"vós fostes sido derrotado, fostes sido inferior, fostes sido superado",concordancia_participio,alta,Auxiliar plural com particpio aparentemente singular: 'fostes sido'.,"Reescrever a construao; 'sido' nao deve ser pluralizado. Usar forma idiomatica (ex.: 'puderam', 'foram capazes')."
θαυμασθήσονται,2296,V-FIP-3P,Verbo - Futuro Indicativo Passiva - 3ª Pessoa Plural,serão surpreendidos,"eles(as) serão maravilhados, serão surpreendidos",passiva_a_confirmar,revisar,"'V-FIP-3P' e passiva, porem a passiva nao esta explicita em 'serão surpreendidos'.","Confirmar se a glossa pretende particpio isolado, adjetivo verbal ou construao passiva completa."
θεραπευθῆναι,2323,V-ANP,Verbo - Aoristo Infinitivo Passiva,curar,"curar, restaurar a saúde",passiva_sem_marca,alta,"'V-ANP' e passiva, mas 'pt' esta em infinitivo ativo: 'curar'.","Revisar para uma forma passiva adequada, por exemplo 'ser + particpio', quando o contexto nao exigir outra soluao."
θλίβεσθαι,2346,V-PNM/P,Verbo - Presente Infinitivo Média ou Passiva,pressionar,"pressionar, afligir, perturbar, oprimir",media_passiva_ambigua,revisar,'V-PNM/P' e media ou passiva e 'pt' e infinitivo ativo: 'pressionar'.,"Decidir pelo contexto entre leitura media/reflexiva, passiva ou ativa idiomatica; nao corrigir automaticamente."
ἰαθήσεται,2390,V-FIP-3S,Verbo - Futuro Indicativo Passiva - 3ª Pessoa Singular,será curado,"ele(a) será curado, será restaurado",passiva_a_confirmar,revisar,"'V-FIP-3S' e passiva, porem a passiva nao esta explicita em 'será curado'.","Confirmar se a glossa pretende particpio isolado, adjetivo verbal ou construao passiva completa."
ἰαθήτω,2390,V-AMP-3S,Verbo - Aoristo Imperativo Passiva - 3ª Pessoa Singular,está curado,"ele(a) está curado, restaurado",passiva_a_confirmar,revisar,"'V-AMP-3S' e passiva, porem a passiva nao esta explicita em 'está curado'.","Confirmar se a glossa pretende particpio isolado, adjetivo verbal ou construao passiva completa."
ἰαθῆναι,2390,V-ANP,Verbo - Aoristo Infinitivo Passiva,curar,"curar, restaurar",passiva_sem_marca,alta,"'V-ANP' e passiva, mas 'pt' esta em infinitivo ativo: 'curar'.","Revisar para uma forma passiva adequada, por exemplo 'ser + particpio', quando o contexto nao exigir outra soluao."
ἱλάσθητί,2433,V-AMP-2S,Verbo - Aoristo Imperativo Passiva - 2ª Pessoa Singular,sê propiciado,"tu sê propiciado, apaziguado, expiado",passiva_a_confirmar,revisar,"'V-AMP-2S' e passiva, porem a passiva nao esta explicita em 'sê propiciado'.","Confirmar se a glossa pretende particpio isolado, adjetivo verbal ou construao passiva completa."
ἱλάσκεσθαι,2433,V-PNM/P,Verbo - Presente Infinitivo Média ou Passiva,propiciar,"propiciar, apaziguar, expiar",media_passiva_ambigua,revisar,'V-PNM/P' e media ou passiva e 'pt' e infinitivo ativo: 'propiciar'.,"Decidir pelo contexto entre leitura media/reflexiva, passiva ou ativa idiomatica; nao corrigir automaticamente."
καθαιρεῖσθαι,2507,V-PNM/P,Verbo - Presente Infinitivo Média ou Passiva,derrubar,"derrubar, destruir, demolir, destronar",media_passiva_ambigua,revisar,'V-PNM/P' e media ou passiva e 'pt' e infinitivo ativo: 'derrubar'.,"Decidir pelo contexto entre leitura media/reflexiva, passiva ou ativa idiomatica; nao corrigir automaticamente."
κατασταθήσονται,2525,V-FIP-3P,Verbo - Futuro Indicativo Passiva - 3ª Pessoa Plural,serão nomeados,"eles(as) serão nomeados, serão fixados, serão estabelecidos, serão constituídos",passiva_a_confirmar,revisar,"'V-FIP-3P' e passiva, porem a passiva nao esta explicita em 'serão nomeados'.","Confirmar se a glossa pretende particpio isolado, adjetivo verbal ou construao passiva completa."
καταδικασθήσῃ,2613,V-FIP-2S,Verbo - Futuro Indicativo Passiva - 2ª Pessoa Singular,serás condenado,"tu serás condenado, serás julgado",passiva_a_confirmar,revisar,"'V-FIP-2S' e passiva, porem a passiva nao esta explicita em 'serás condenado'.","Confirmar se a glossa pretende particpio isolado, adjetivo verbal ou construao passiva completa."
κατακαήσεται,2618,V-FIP-3S,Verbo - Futuro Indicativo Passiva - 3ª Pessoa Singular,será queimado,"ele(a) será queimado, será consumido pelo fogo, será destruído totalmente pela queima.",passiva_a_confirmar,revisar,"'V-FIP-3S' e passiva, porem a passiva nao esta explicita em 'será queimado'.","Confirmar se a glossa pretende particpio isolado, adjetivo verbal ou construao passiva completa."
κατακαυθήσεται,2618,V-FIP-3S,Verbo - Futuro Indicativo Passiva - 3ª Pessoa Singular,será queimado,"ele(a) será queimado, será consumido pelo fogo, será destruído totalmente pela queima.",passiva_a_confirmar,revisar,"'V-FIP-3S' e passiva, porem a passiva nao esta explicita em 'será queimado'.","Confirmar se a glossa pretende particpio isolado, adjetivo verbal ou construao passiva completa."
κατακριθήσεται,2632,V-FIP-3S,Verbo - Futuro Indicativo Passiva - 3ª Pessoa Singular,será condenado,"ele(a) será condenado, será julgado contra, será sentenciado.",passiva_a_confirmar,revisar,"'V-FIP-3S' e passiva, porem a passiva nao esta explicita em 'será condenado'.","Confirmar se a glossa pretende particpio isolado, adjetivo verbal ou construao passiva completa."
καταλειφθῆναι,2641,V-ANP,Verbo - Aoristo Infinitivo Passiva,deixar para trás,"deixar para trás, abandonar",passiva_a_confirmar,revisar,"'V-ANP' e passiva, porem a passiva nao esta explicita em 'deixar para trás'.","Confirmar se a glossa pretende particpio isolado, adjetivo verbal ou construao passiva completa."
καταλλαγήτω,2644,V-AMP-3S,Verbo - Aoristo Imperativo Passiva - 3ª Pessoa Singular,é reconciliado,"ele(a) é reconciliado, é restaurado a favor",passiva_a_confirmar,revisar,"'V-AMP-3S' e passiva, porem a passiva nao esta explicita em 'é reconciliado'.","Confirmar se a glossa pretende particpio isolado, adjetivo verbal ou construao passiva completa."
καταξιωθῆναι,2661,V-ANP,Verbo - Aoristo Infinitivo Passiva,considerar digno,considerar digno,passiva_a_confirmar,revisar,"'V-ANP' e passiva, porem a passiva nao esta explicita em 'considerar digno'.","Confirmar se a glossa pretende particpio isolado, adjetivo verbal ou construao passiva completa."
καταποντίζεσθαι,2670,V-PNM/P,Verbo - Presente Infinitivo Média ou Passiva,afundar,"afundar, submergir",media_passiva_ambigua,revisar,'V-PNM/P' e media ou passiva e 'pt' e infinitivo ativo: 'afundar'.,"Decidir pelo contexto entre leitura media/reflexiva, passiva ou ativa idiomatica; nao corrigir automaticamente."
καταργηθήσονται,2673,V-FIP-3P,Verbo - Futuro Indicativo Passiva - 3ª Pessoa Plural,serão abolidos,"eles(as) serão abolidos, serão anulados, serão tornado ineficazes",passiva_a_confirmar,revisar,"'V-FIP-3P' e passiva, porem a passiva nao esta explicita em 'serão abolidos'.","Confirmar se a glossa pretende particpio isolado, adjetivo verbal ou construao passiva completa."
κατηγορεῖσθαι,2723,V-PNM/P,Verbo - Presente Infinitivo Média ou Passiva,acusar,"acusar, cobrar",media_passiva_ambigua,revisar,'V-PNM/P' e media ou passiva e 'pt' e infinitivo ativo: 'acusar'.,"Decidir pelo contexto entre leitura media/reflexiva, passiva ou ativa idiomatica; nao corrigir automaticamente."
κερδηθήσονται,2770,V-FIP-3P,Verbo - Futuro Indicativo Passiva - 3ª Pessoa Plural,obterão ganho,"eles(as) obterão ganho, lucro",passiva_a_confirmar,revisar,"'V-FIP-3P' e passiva, porem a passiva nao esta explicita em 'obterão ganho'.","Confirmar se a glossa pretende particpio isolado, adjetivo verbal ou construao passiva completa."
κοιμηθέντες,2837,V-APP-NMP,Verbo - Aoristo Particípio Passiva - Nominativo Masculino Plural,tendo adormecido,"tendo dormido, tendo adormecido, tendo morridos",passiva_a_confirmar,revisar,"'V-APP-NMP' e passiva, porem a passiva nao esta explicita em 'tendo adormecido'.","Confirmar se a glossa pretende particpio isolado, adjetivo verbal ou construao passiva completa."
κοιμηθησόμεθα,2837,V-FIP-1P,Verbo - Futuro Indicativo Passiva - 1ª Pessoa Plural,dormiremos,"nós dormiremos, adormeceremos, morreremos",passiva_a_confirmar,revisar,"'V-FIP-1P' e passiva, porem a passiva nao esta explicita em 'dormiremos'.","Confirmar se a glossa pretende particpio isolado, adjetivo verbal ou construao passiva completa."
κοιμηθῇ,2837,V-ASP-3S,Verbo - Aoristo Subjuntivo Passiva - 3ª Pessoa Singular,adormeça,"ele(a) durma, adormeça, morra",passiva_a_confirmar,revisar,"'V-ASP-3S' e passiva, porem a passiva nao esta explicita em 'adormeça'.","Confirmar se a glossa pretende particpio isolado, adjetivo verbal ou construao passiva completa."
κολλήθητι,2853,V-AMP-2S,Verbo - Aoristo Imperativo Passiva - 2ª Pessoa Singular,estás unido,"tu estás unido, estás aderido",passiva_a_confirmar,revisar,"'V-AMP-2S' e passiva, porem a passiva nao esta explicita em 'estás unido'.","Confirmar se a glossa pretende particpio isolado, adjetivo verbal ou construao passiva completa."
κολληθήσεται,2853,V-FIP-3S,Verbo - Futuro Indicativo Passiva - 3ª Pessoa Singular,será unido,"ele(a) será unido, será aderido",passiva_a_confirmar,revisar,"'V-FIP-3S' e passiva, porem a passiva nao esta explicita em 'será unido'.","Confirmar se a glossa pretende particpio isolado, adjetivo verbal ou construao passiva completa."
κολοβωθήσονται,2856,V-FIP-3P,Verbo - Futuro Indicativo Passiva - 3ª Pessoa Plural,serão encurtados,eles(as) serão encurtados,passiva_a_confirmar,revisar,"'V-FIP-3P' e passiva, porem a passiva nao esta explicita em 'serão encurtados'.","Confirmar se a glossa pretende particpio isolado, adjetivo verbal ou construao passiva completa."
κραταιωθῆναι,2901,V-ANP,Verbo - Aoristo Infinitivo Passiva,fortalecer,"fortalecer, tornar forte, capacitar",passiva_sem_marca,alta,"'V-ANP' e passiva, mas 'pt' esta em infinitivo ativo: 'fortalecer'.","Revisar para uma forma passiva adequada, por exemplo 'ser + particpio', quando o contexto nao exigir outra soluao."
κρατεῖσθαι,2902,V-PNM/P,Verbo - Presente Infinitivo Média ou Passiva,apreender,"apreender, segurar, agarrar, reter, manter",media_passiva_ambigua,revisar,'V-PNM/P' e media ou passiva e 'pt' e infinitivo ativo: 'apreender'.,"Decidir pelo contexto entre leitura media/reflexiva, passiva ou ativa idiomatica; nao corrigir automaticamente."
κριθήσονται,2919,V-FIP-3P,Verbo - Futuro Indicativo Passiva - 3ª Pessoa Plural,serão julgados,eles(as) serão julgados,passiva_a_confirmar,revisar,"'V-FIP-3P' e passiva, porem a passiva nao esta explicita em 'serão julgados'.","Confirmar se a glossa pretende particpio isolado, adjetivo verbal ou construao passiva completa."
κωλύεσθαι,2967,V-PNM/P,Verbo - Presente Infinitivo Média ou Passiva,impedir,"impedir, proibir, restringir",media_passiva_ambigua,revisar,'V-PNM/P' e media ou passiva e 'pt' e infinitivo ativo: 'impedir'.,"Decidir pelo contexto entre leitura media/reflexiva, passiva ou ativa idiomatica; nao corrigir automaticamente."
λαλεῖσθαι,2980,V-PNM/P,Verbo - Presente Infinitivo Média ou Passiva,falar,"falar, proferir",media_passiva_ambigua,revisar,'V-PNM/P' e media ou passiva e 'pt' e infinitivo ativo: 'falar'.,"Decidir pelo contexto entre leitura media/reflexiva, passiva ou ativa idiomatica; nao corrigir automaticamente."
λαληθησομένων,2980,V-FPP-GNP,Verbo - Futuro Particípio Passiva - Genitivo Neutro Plural,prestes a falar,"prestes a falar, prestes a proferir",passiva_a_confirmar,revisar,"'V-FPP-GNP' e passiva, porem a passiva nao esta explicita em 'prestes a falar'.","Confirmar se a glossa pretende particpio isolado, adjetivo verbal ou construao passiva completa."
λιθοβοληθήσεται,3036,V-FIP-3S,Verbo - Futuro Indicativo Passiva - 3ª Pessoa Singular,será apedrejado,"ele(a) será apedrejado, será atirado pedras",passiva_a_confirmar,revisar,"'V-FIP-3S' e passiva, porem a passiva nao esta explicita em 'será apedrejado'.","Confirmar se a glossa pretende particpio isolado, adjetivo verbal ou construao passiva completa."
λογισθήσεται,3049,V-FIP-3S,Verbo - Futuro Indicativo Passiva - 3ª Pessoa Singular,será calculado,"ele(a) será calculado, será considerado, será contabilizado, será pensado, será imputado.",passiva_a_confirmar,revisar,"'V-FIP-3S' e passiva, porem a passiva nao esta explicita em 'será calculado'.","Confirmar se a glossa pretende particpio isolado, adjetivo verbal ou construao passiva completa."
λυπηθῆναι,3076,V-ANP,Verbo - Aoristo Infinitivo Passiva,lamentar,"lamentar, causar tristeza, angustiar",passiva_sem_marca,alta,"'V-ANP' e passiva, mas 'pt' esta em infinitivo ativo: 'lamentar'.","Revisar para uma forma passiva adequada, por exemplo 'ser + particpio', quando o contexto nao exigir outra soluao."
λυθήσονται,3089,V-FIP-3P,Verbo - Futuro Indicativo Passiva - 3ª Pessoa Plural,serão soltos,"eles(as) serão soltos, serão liberados, serão dissolvidos, serão quebrados, serão destruídos",passiva_a_confirmar,revisar,"'V-FIP-3P' e passiva, porem a passiva nao esta explicita em 'serão soltos'.","Confirmar se a glossa pretende particpio isolado, adjetivo verbal ou construao passiva completa."
μαρανθήσεται,3133,V-FIP-3S,Verbo - Futuro Indicativo Passiva - 3ª Pessoa Singular,murchará,"ele(a) murchará, desbotará, definhará",passiva_a_confirmar,revisar,"'V-FIP-3S' e passiva, porem a passiva nao esta explicita em 'murchará'.","Confirmar se a glossa pretende particpio isolado, adjetivo verbal ou construao passiva completa."
μάχεσθαι,3164,V-PNM/P,Verbo - Presente Infinitivo Média ou Passiva,lutar,"lutar, brigar",media_passiva_ambigua,revisar,'V-PNM/P' e media ou passiva e 'pt' e infinitivo ativo: 'lutar'.,"Decidir pelo contexto entre leitura media/reflexiva, passiva ou ativa idiomatica; nao corrigir automaticamente."
μεγαλυνθήσεται,3170,V-FIP-3S,Verbo - Futuro Indicativo Passiva - 3ª Pessoa Singular,será engrandecido,"ele(a) será engrandecido, será exaltado",passiva_a_confirmar,revisar,"'V-FIP-3S' e passiva, porem a passiva nao esta explicita em 'será engrandecido'.","Confirmar se a glossa pretende particpio isolado, adjetivo verbal ou construao passiva completa."
μεγαλυνθῆναι,3170,V-ANP,Verbo - Aoristo Infinitivo Passiva,engrandecer,"engrandecer, exaltar",passiva_sem_marca,alta,"'V-ANP' e passiva, mas 'pt' esta em infinitivo ativo: 'engrandecer'.","Revisar para uma forma passiva adequada, por exemplo 'ser + particpio', quando o contexto nao exigir outra soluao."
μεθύσκεσθαι,3182,V-PNM/P,Verbo - Presente Infinitivo Média ou Passiva,embebedar,"embebedar, intoxicar",media_passiva_ambigua,revisar,'V-PNM/P' e media ou passiva e 'pt' e infinitivo ativo: 'embebedar'.,"Decidir pelo contexto entre leitura media/reflexiva, passiva ou ativa idiomatica; nao corrigir automaticamente."
μεθυσθῶσιν,3184,V-ASP-3P,Verbo - Aoristo Subjuntivo Passiva - 3ª Pessoa Plural,estejam bêbados,eles(as) estejam bêbados,passiva_a_confirmar,revisar,"'V-ASP-3P' e passiva, porem a passiva nao esta explicita em 'estejam bêbados'.","Confirmar se a glossa pretende particpio isolado, adjetivo verbal ou construao passiva completa."
μεταστραφήσεται,3344,V-FIP-3S,Verbo - Futuro Indicativo Passiva - 3ª Pessoa Singular,será mudado,"ele(a) será mudado, será alterado, será pervertido, será transformado",passiva_a_confirmar,revisar,"'V-FIP-3S' e passiva, porem a passiva nao esta explicita em 'será mudado'.","Confirmar se a glossa pretende particpio isolado, adjetivo verbal ou construao passiva completa."
μνησθῇς,3403,V-ASP-2S,Verbo - Aoristo Subjuntivo Passiva - 2ª Pessoa Singular,sejas lembrado,"tu sejas lembrado, estejas atento",passiva_a_confirmar,revisar,"'V-ASP-2S' e passiva, porem a passiva nao esta explicita em 'sejas lembrado'.","Confirmar se a glossa pretende particpio isolado, adjetivo verbal ou construao passiva completa."
μεμνηστευμένην,3423,V-RPP-AFS,Verbo - Perfeito Particípio Passiva - Acusativo Feminino Singular,estando prometida em casamento,"tendo sido noivado, se tendo sido envolvido",passiva_a_confirmar,revisar,"'V-RPP-AFS' e passiva, porem a passiva nao esta explicita em 'estando prometida em casamento'.","Confirmar se a glossa pretende particpio isolado, adjetivo verbal ou construao passiva completa."
μεμνηστευμένῃ,3423,V-RPP-DFS,Verbo - Perfeito Particípio Passiva - Dativo Feminino Singular,à prometida em casamento,"tendo sido noivado, se tendo sido envolvido",passiva_a_confirmar,revisar,"'V-RPP-DFS' e passiva, porem a passiva nao esta explicita em 'à prometida em casamento'.","Confirmar se a glossa pretende particpio isolado, adjetivo verbal ou construao passiva completa."
Μνηστευθείσης,3423,V-APP-GFS,Verbo - Aoristo Particípio Passiva - Genitivo Feminino Singular,da prometida em casamento,"tendo sido noivado, se tendo sido envolvido",passiva_a_confirmar,revisar,"'V-APP-GFS' e passiva, porem a passiva nao esta explicita em 'da prometida em casamento'.","Confirmar se a glossa pretende particpio isolado, adjetivo verbal ou construao passiva completa."
μοιχευθῆναι,3431,V-ANP,Verbo - Aoristo Infinitivo Passiva,cometer adultério,cometer adultério,passiva_a_confirmar,revisar,"'V-ANP' e passiva, porem a passiva nao esta explicita em 'cometer adultério'.","Confirmar se a glossa pretende particpio isolado, adjetivo verbal ou construao passiva completa."
οἰκοδομηθήσεται,3618,V-FIP-3S,Verbo - Futuro Indicativo Passiva - 3ª Pessoa Singular,será construído,"ele(a) será construído, será edificado",passiva_a_confirmar,revisar,"'V-FIP-3S' e passiva, porem a passiva nao esta explicita em 'será construído'.","Confirmar se a glossa pretende particpio isolado, adjetivo verbal ou construao passiva completa."
ὀφθήσεται,3708,V-FIP-3S,Verbo - Futuro Indicativo Passiva - 3ª Pessoa Singular,será visto,"ele(a) será visto, será percebido, será atentado",passiva_a_confirmar,revisar,"'V-FIP-3S' e passiva, porem a passiva nao esta explicita em 'será visto'.","Confirmar se a glossa pretende particpio isolado, adjetivo verbal ou construao passiva completa."
παλαιωθήσονται,3822,V-FIP-3P,Verbo - Futuro Indicativo Passiva - 3ª Pessoa Plural,serão envelhecidos,"eles(as) serão envelhecidos, serão tornados obsoletos",passiva_a_confirmar,revisar,"'V-FIP-3P' e passiva, porem a passiva nao esta explicita em 'serão envelhecidos'.","Confirmar se a glossa pretende particpio isolado, adjetivo verbal ou construao passiva completa."
παραδέξονταί,3858,V-FIP-3P,Verbo - Futuro Indicativo Passiva - 3ª Pessoa Plural,serão recebidos,"eles(as) serão recebidos, serão aceitos, serão reconhecidos",passiva_a_confirmar,revisar,"'V-FIP-3P' e passiva, porem a passiva nao esta explicita em 'serão recebidos'.","Confirmar se a glossa pretende particpio isolado, adjetivo verbal ou construao passiva completa."
παραδέχεσθαι,3858,V-PNM/P,Verbo - Presente Infinitivo Média ou Passiva,receber,"receber, aceitar, reconhecer",media_passiva_ambigua,revisar,'V-PNM/P' e media ou passiva e 'pt' e infinitivo ativo: 'receber'.,"Decidir pelo contexto entre leitura media/reflexiva, passiva ou ativa idiomatica; nao corrigir automaticamente."
παραιτεῖσθαι,3868,V-PNM/P,Verbo - Presente Infinitivo Média ou Passiva,recusar,"recusar, rejeitar, evitar",media_passiva_ambigua,revisar,'V-PNM/P' e media ou passiva e 'pt' e infinitivo ativo: 'recusar'.,"Decidir pelo contexto entre leitura media/reflexiva, passiva ou ativa idiomatica; nao corrigir automaticamente."
παρακληθήσονται,3870,V-FIP-3P,Verbo - Futuro Indicativo Passiva - 3ª Pessoa Plural,serão encorajados,"eles(as) serão encorajados, serão exortados, serão confortados, lit. serão chamados para o lado",passiva_a_confirmar,revisar,"'V-FIP-3P' e passiva, porem a passiva nao esta explicita em 'serão encorajados'.","Confirmar se a glossa pretende particpio isolado, adjetivo verbal ou construao passiva completa."
παραπορεύεσθαι,3899,V-PNM/P,Verbo - Presente Infinitivo Média ou Passiva,passar,"passar, viajar",media_passiva_ambigua,revisar,'V-PNM/P' e media ou passiva e 'pt' e infinitivo ativo: 'passar'.,"Decidir pelo contexto entre leitura media/reflexiva, passiva ou ativa idiomatica; nao corrigir automaticamente."
παρατιθέναι,3908,V-ANP,Verbo - Aoristo Infinitivo Passiva,colocar ao lado,"colocar ao lado, colocar diante, confiar, comprometer",passiva_a_confirmar,revisar,"'V-ANP' e passiva, porem a passiva nao esta explicita em 'colocar ao lado'.","Confirmar se a glossa pretende particpio isolado, adjetivo verbal ou construao passiva completa."
παρεισέδυσαν,3921,V-AIP-3P,Verbo - Aoristo Indicativo Passiva - 3ª Pessoa Plural,entraram secretamente,"eles(as) entraram secretamente, se infiltraram",passiva_a_confirmar,revisar,"'V-AIP-3P' e passiva, porem a passiva nao esta explicita em 'entraram secretamente'.","Confirmar se a glossa pretende particpio isolado, adjetivo verbal ou construao passiva completa."
πεισθήσονται,3982,V-FIP-3P,Verbo - Futuro Indicativo Passiva - 3ª Pessoa Plural,serão persuadidos,"eles(as) serão persuadidos, serão convencidos, serão confiados, terão confiança",passiva_a_confirmar,revisar,"'V-FIP-3P' e passiva, porem a passiva nao esta explicita em 'serão persuadidos'.","Confirmar se a glossa pretende particpio isolado, adjetivo verbal ou construao passiva completa."
πεισθῇς,3982,V-ASP-2S,Verbo - Aoristo Subjuntivo Passiva - 2ª Pessoa Singular,sejas persuadido,"tu sejas persuadido, sejas convencido, tenhas confiança",passiva_a_confirmar,revisar,"'V-ASP-2S' e passiva, porem a passiva nao esta explicita em 'sejas persuadido'.","Confirmar se a glossa pretende particpio isolado, adjetivo verbal ou construao passiva completa."
πειρασθῇς,3985,V-ASP-2S,Verbo - Aoristo Subjuntivo Passiva - 2ª Pessoa Singular,sejas testado,"tu sejas testado, sejas tentado, sejas examinado",passiva_a_confirmar,revisar,"'V-ASP-2S' e passiva, porem a passiva nao esta explicita em 'sejas testado'.","Confirmar se a glossa pretende particpio isolado, adjetivo verbal ou construao passiva completa."
περιτμηθῆναι,4059,V-ANP,Verbo - Aoristo Infinitivo Passiva,circuncidar,circuncidar,passiva_sem_marca,alta,"'V-ANP' e passiva, mas 'pt' esta em infinitivo ativo: 'circuncidar'.","Revisar para uma forma passiva adequada, por exemplo 'ser + particpio', quando o contexto nao exigir outra soluao."
πίμπρασθαι,4092,V-PNM/P,Verbo - Presente Infinitivo Média ou Passiva,inchar,"inchar, inflamar",media_passiva_ambigua,revisar,'V-PNM/P' e media ou passiva e 'pt' e infinitivo ativo: 'inchar'.,"Decidir pelo contexto entre leitura media/reflexiva, passiva ou ativa idiomatica; nao corrigir automaticamente."
πιστευθῆναι,4100,V-ANP,Verbo - Aoristo Infinitivo Passiva,acreditar,"acreditar, ter fé, confiar",passiva_sem_marca,alta,"'V-ANP' e passiva, mas 'pt' esta em infinitivo ativo: 'acreditar'.","Revisar para uma forma passiva adequada, por exemplo 'ser + particpio', quando o contexto nao exigir outra soluao."
πλανηθῆτε,4105,V-ASP-2P,Verbo - Aoristo Subjuntivo Passiva - 2ª Pessoa Plural,sejais desviado,"vós sejais desviado, sejais saido do caminho",concordancia_participio,alta,Auxiliar plural com particpio aparentemente singular: 'sejais desviado'.,Revisar o numero do particpio; provavel forma plural: 'desviados'.
πλησθήσεται,4130,V-FIP-3S,Verbo - Futuro Indicativo Passiva - 3ª Pessoa Singular,será multiplicado,"ele(a) será multiplicado, será aumentado, será abundado",passiva_a_confirmar,revisar,"'V-FIP-3S' e passiva, porem a passiva nao esta explicita em 'será multiplicado'.","Confirmar se a glossa pretende particpio isolado, adjetivo verbal ou construao passiva completa."
πλησθῆναι,4130,V-ANP,Verbo - Aoristo Infinitivo Passiva,multiplicar,"multiplicar, aumentar, abundar",passiva_sem_marca,alta,"'V-ANP' e passiva, mas 'pt' esta em infinitivo ativo: 'multiplicar'.","Revisar para uma forma passiva adequada, por exemplo 'ser + particpio', quando o contexto nao exigir outra soluao."
πλησθῇς,4130,V-ASP-2S,Verbo - Aoristo Subjuntivo Passiva - 2ª Pessoa Singular,sejas multiplicado,"tu sejas multiplicado, sejas aumentado, sejas abundado",passiva_a_confirmar,revisar,"'V-ASP-2S' e passiva, porem a passiva nao esta explicita em 'sejas multiplicado'.","Confirmar se a glossa pretende particpio isolado, adjetivo verbal ou construao passiva completa."
πληρωθήσεται,4137,V-FIP-3S,Verbo - Futuro Indicativo Passiva - 3ª Pessoa Singular,será preenchido,"ele(a) será preenchido, será completado, será cumprido",passiva_a_confirmar,revisar,"'V-FIP-3S' e passiva, porem a passiva nao esta explicita em 'será preenchido'.","Confirmar se a glossa pretende particpio isolado, adjetivo verbal ou construao passiva completa."
πληρωθήσονται,4137,V-FIP-3P,Verbo - Futuro Indicativo Passiva - 3ª Pessoa Plural,serão preenchidos,"eles(as) serão preenchidos, serão completado, serão cumprido",passiva_a_confirmar,revisar,"'V-FIP-3P' e passiva, porem a passiva nao esta explicita em 'serão preenchidos'.","Confirmar se a glossa pretende particpio isolado, adjetivo verbal ou construao passiva completa."
πορευθέντι,4198,V-APP-DMS,Verbo - Aoristo Particípio Passiva - Dativo Masculino Singular,tendo ido,"tendo ido, tendo prosseguido, tendo viajado",passiva_a_confirmar,revisar,"'V-APP-DMS' e passiva, porem a passiva nao esta explicita em 'tendo ido'.","Confirmar se a glossa pretende particpio isolado, adjetivo verbal ou construao passiva completa."
πορευθεῖσα,4198,V-APP-NFS,Verbo - Aoristo Particípio Passiva - Nominativo Feminino Singular,tendo ido,"tendo ido, tendo prosseguido, tendo viajado",passiva_a_confirmar,revisar,"'V-APP-NFS' e passiva, porem a passiva nao esta explicita em 'tendo ido'.","Confirmar se a glossa pretende particpio isolado, adjetivo verbal ou construao passiva completa."
πορευθεῖσαι,4198,V-APP-NFP,Verbo - Aoristo Particípio Passiva - Nominativo Feminino Plural,tendo ido,"tendo ido, tendo prosseguido, tendo viajado",passiva_a_confirmar,revisar,"'V-APP-NFP' e passiva, porem a passiva nao esta explicita em 'tendo ido'.","Confirmar se a glossa pretende particpio isolado, adjetivo verbal ou construao passiva completa."
πορευθῆτε,4198,V-ASP-2P,Verbo - Aoristo Subjuntivo Passiva - 2ª Pessoa Plural,vades,vades,passiva_a_confirmar,revisar,"'V-ASP-2P' e passiva, porem a passiva nao esta explicita em 'vades'.","Confirmar se a glossa pretende particpio isolado, adjetivo verbal ou construao passiva completa."
πορευθῇ,4198,V-ASP-3S,Verbo - Aoristo Subjuntivo Passiva - 3ª Pessoa Singular,vá,"ele(a) vá, prossiga, viaje",passiva_a_confirmar,revisar,"'V-ASP-3S' e passiva, porem a passiva nao esta explicita em 'vá'.","Confirmar se a glossa pretende particpio isolado, adjetivo verbal ou construao passiva completa."
πορευθῶσιν,4198,V-ASP-3P,Verbo - Aoristo Subjuntivo Passiva - 3ª Pessoa Plural,vão,"eles(as) vão, prossigam, viajem",passiva_a_confirmar,revisar,"'V-ASP-3P' e passiva, porem a passiva nao esta explicita em 'vão'.","Confirmar se a glossa pretende particpio isolado, adjetivo verbal ou construao passiva completa."
προσέρχεσθαι,4334,V-PNM/P,Verbo - Presente Infinitivo Média ou Passiva,chegar,"chegar, aproximar",media_passiva_ambigua,revisar,'V-PNM/P' e media ou passiva e 'pt' e infinitivo ativo: 'chegar'.,"Decidir pelo contexto entre leitura media/reflexiva, passiva ou ativa idiomatica; nao corrigir automaticamente."
προστεθῆναι,4369,V-ANP,Verbo - Aoristo Infinitivo Passiva,adicionar,"adicionar, aumentar, continuar, prosseguir",passiva_sem_marca,alta,"'V-ANP' e passiva, mas 'pt' esta em infinitivo ativo: 'adicionar'.","Revisar para uma forma passiva adequada, por exemplo 'ser + particpio', quando o contexto nao exigir outra soluao."
πυνθάνεσθαι,4441,V-PNM/P,Verbo - Presente Infinitivo Média ou Passiva,perguntar,"perguntar, aprender por investigação",media_passiva_ambigua,revisar,'V-PNM/P' e media ou passiva e 'pt' e infinitivo ativo: 'perguntar'.,"Decidir pelo contexto entre leitura media/reflexiva, passiva ou ativa idiomatica; nao corrigir automaticamente."
πυροῦσθαι,4448,V-PNM/P,Verbo - Presente Infinitivo Média ou Passiva,queimar,"queimar, incendiar, inflamar",media_passiva_ambigua,revisar,'V-PNM/P' e media ou passiva e 'pt' e infinitivo ativo: 'queimar'.,"Decidir pelo contexto entre leitura media/reflexiva, passiva ou ativa idiomatica; nao corrigir automaticamente."
ῥύεσθαι,4506,V-PNM/P,Verbo - Presente Infinitivo Média ou Passiva,resgatar,"resgatar, entregar, salvar",media_passiva_ambigua,revisar,'V-PNM/P' e media ou passiva e 'pt' e infinitivo ativo: 'resgatar'.,"Decidir pelo contexto entre leitura media/reflexiva, passiva ou ativa idiomatica; nao corrigir automaticamente."
ῥυπανθήτω,4510,V-AMP-3S,Verbo - Aoristo Imperativo Passiva - 3ª Pessoa Singular,é contaminado,"ele(a) é contaminado, é tornado imundo",passiva_a_confirmar,revisar,"'V-AMP-3S' e passiva, porem a passiva nao esta explicita em 'é contaminado'.","Confirmar se a glossa pretende particpio isolado, adjetivo verbal ou construao passiva completa."
σαίνεσθαι,4525,V-PNM/P,Verbo - Presente Infinitivo Média ou Passiva,abanar,"abanar, bajular",media_passiva_ambigua,revisar,'V-PNM/P' e media ou passiva e 'pt' e infinitivo ativo: 'abanar'.,"Decidir pelo contexto entre leitura media/reflexiva, passiva ou ativa idiomatica; nao corrigir automaticamente."
σέβεσθαι,4576,V-PNM/P,Verbo - Presente Infinitivo Média ou Passiva,adorar,"adorar, reverenciar, venerar",media_passiva_ambigua,revisar,'V-PNM/P' e media ou passiva e 'pt' e infinitivo ativo: 'adorar'.,"Decidir pelo contexto entre leitura media/reflexiva, passiva ou ativa idiomatica; nao corrigir automaticamente."
σκανδαλισθήσομαι,4624,V-FIP-1S,Verbo - Futuro Indicativo Passiva - 1ª Pessoa Singular,tropeçarei,"eu tropeçarei, serei ofendido, me escandalizarei",passiva_a_confirmar,revisar,"'V-FIP-1S' e passiva, porem a passiva nao esta explicita em 'tropeçarei'.","Confirmar se a glossa pretende particpio isolado, adjetivo verbal ou construao passiva completa."
σκανδαλισθῆτε,4624,V-ASP-2P,Verbo - Aoristo Subjuntivo Passiva - 2ª Pessoa Plural,tropeceis,"vós tropeceis, sejais ofendidos, se escandalizeis",passiva_a_confirmar,revisar,"'V-ASP-2P' e passiva, porem a passiva nao esta explicita em 'tropeceis'.","Confirmar se a glossa pretende particpio isolado, adjetivo verbal ou construao passiva completa."
ἐσκανδαλίσθησαν,4624,V-AIP-3P,Verbo - Aoristo Indicativo Passiva - 3ª Pessoa Plural,tropeçaram,"eles(as) tropeçaram, foram ofendidos, se escandalizaram",passiva_a_confirmar,revisar,"'V-AIP-3P' e passiva, porem a passiva nao esta explicita em 'tropeçaram'.","Confirmar se a glossa pretende particpio isolado, adjetivo verbal ou construao passiva completa."
στηριχθῆναι,4741,V-ANP,Verbo - Aoristo Infinitivo Passiva,estabelecer,"estabelecer, fortalecer, consertar, definir firmemente",passiva_sem_marca,alta,"'V-ANP' e passiva, mas 'pt' esta em infinitivo ativo: 'estabelecer'.","Revisar para uma forma passiva adequada, por exemplo 'ser + particpio', quando o contexto nao exigir outra soluao."
συλλημφθῆναι,4815,V-ANP,Verbo - Aoristo Infinitivo Passiva,apreender,"apreender, conceber, ajudar",passiva_sem_marca,alta,"'V-ANP' e passiva, mas 'pt' esta em infinitivo ativo: 'apreender'.","Revisar para uma forma passiva adequada, por exemplo 'ser + particpio', quando o contexto nao exigir outra soluao."
συλληφθῆναι,4815,V-ANP,Verbo - Aoristo Infinitivo Passiva,apreender,"apreender, conceber, ajudar",passiva_sem_marca,alta,"'V-ANP' e passiva, mas 'pt' esta em infinitivo ativo: 'apreender'.","Revisar para uma forma passiva adequada, por exemplo 'ser + particpio', quando o contexto nao exigir outra soluao."
συμφυεῖσαι,4855,V-APP-NFP,Verbo - Aoristo Particípio Passiva - Nominativo Feminino Plural,crescermos juntos,"crescermos juntos, nos unirmos, tricotarmos juntos",passiva_a_confirmar,revisar,"'V-APP-NFP' e passiva, porem a passiva nao esta explicita em 'crescermos juntos'.","Confirmar se a glossa pretende particpio isolado, adjetivo verbal ou construao passiva completa."
συνίστασθαι,4921,V-PNM/P,Verbo - Presente Infinitivo Média ou Passiva,elogiar,"elogiar, estabelecer, demonstrar, provar, manter unido",media_passiva_ambigua,revisar,'V-PNM/P' e media ou passiva e 'pt' e infinitivo ativo: 'elogiar'.,"Decidir pelo contexto entre leitura media/reflexiva, passiva ou ativa idiomatica; nao corrigir automaticamente."
συνετέλεσεν,4931,V-APP-GFP,Verbo - Aoristo Indicativo Ativa - 3ª Pessoa Singular,completou,"ele(a) completou, realizou, pôs fim",passiva_a_confirmar,revisar,"'V-APP-GFP' e passiva, porem a passiva nao esta explicita em 'completou'.","Confirmar se a glossa pretende particpio isolado, adjetivo verbal ou construao passiva completa."
συντριβήσεται,4937,V-FIP-3S,Verbo - Futuro Indicativo Passiva - 3ª Pessoa Singular,será esmagado,"ele(a) será esmagado, será quebrado, será machucado",passiva_a_confirmar,revisar,"'V-FIP-3S' e passiva, porem a passiva nao esta explicita em 'será esmagado'.","Confirmar se a glossa pretende particpio isolado, adjetivo verbal ou construao passiva completa."
σώζεσθαι,4982,V-PNM/P,Verbo - Presente Infinitivo Média ou Passiva,salvar,"salvar, resgatar, libertar, curar, preservar",media_passiva_ambigua,revisar,'V-PNM/P' e media ou passiva e 'pt' e infinitivo ativo: 'salvar'.,"Decidir pelo contexto entre leitura media/reflexiva, passiva ou ativa idiomatica; nao corrigir automaticamente."
ταπεινοῦσθαι,5013,V-PNM/P,Verbo - Presente Infinitivo Média ou Passiva,humilhar,"humilhar, rebaixar",media_passiva_ambigua,revisar,'V-PNM/P' e media ou passiva e 'pt' e infinitivo ativo: 'humilhar'.,"Decidir pelo contexto entre leitura media/reflexiva, passiva ou ativa idiomatica; nao corrigir automaticamente."
τελεσθήσεται,5055,V-FIP-3S,Verbo - Futuro Indicativo Passiva - 3ª Pessoa Singular,será completado,"ele(a) será completado, será terminado, será cumprido, será realizado.",passiva_a_confirmar,revisar,"'V-FIP-3S' e passiva, porem a passiva nao esta explicita em 'será completado'.","Confirmar se a glossa pretende particpio isolado, adjetivo verbal ou construao passiva completa."
τελεσθήσονται,5055,V-FIP-3P,Verbo - Futuro Indicativo Passiva - 3ª Pessoa Plural,serão cumpridos(as),"eles(as) serão completados, serão terminados, serão cumpridos, serão realizados.",passiva_a_confirmar,revisar,"'V-FIP-3P' e passiva, porem a passiva nao esta explicita em 'serão cumpridos(as)'.","Confirmar se a glossa pretende particpio isolado, adjetivo verbal ou construao passiva completa."
τελεσθῆναι,5055,V-ANP,Verbo - Aoristo Infinitivo Passiva,completar,"completar, terminar, cumprir, realizar.",passiva_sem_marca,alta,"'V-ANP' e passiva, mas 'pt' esta em infinitivo ativo: 'completar'.","Revisar para uma forma passiva adequada, por exemplo 'ser + particpio', quando o contexto nao exigir outra soluao."
τηρηθῆναι,5083,V-ANP,Verbo - Aoristo Infinitivo Passiva,manter,"manter, guardar, observar, zelar",passiva_sem_marca,alta,"'V-ANP' e passiva, mas 'pt' esta em infinitivo ativo: 'manter'.","Revisar para uma forma passiva adequada, por exemplo 'ser + particpio', quando o contexto nao exigir outra soluao."
τεθῆναι,5087,V-ANP,Verbo - Aoristo Infinitivo Passiva,colocar,"colocar, nomear, estabelecer",passiva_sem_marca,alta,"'V-ANP' e passiva, mas 'pt' esta em infinitivo ativo: 'colocar'.","Revisar para uma forma passiva adequada, por exemplo 'ser + particpio', quando o contexto nao exigir outra soluao."
τρέφεσθαι,5142,V-PNM/P,Verbo - Presente Infinitivo Média ou Passiva,nutrir,"nutrir, alimentar, educar",media_passiva_ambigua,revisar,'V-PNM/P' e media ou passiva e 'pt' e infinitivo ativo: 'nutrir'.,"Decidir pelo contexto entre leitura media/reflexiva, passiva ou ativa idiomatica; nao corrigir automaticamente."
τύπτεσθαι,5180,V-PNM/P,Verbo - Presente Infinitivo Média ou Passiva,golpear,"golpear, bater, ferir",media_passiva_ambigua,revisar,'V-PNM/P' e media ou passiva e 'pt' e infinitivo ativo: 'golpear'.,"Decidir pelo contexto entre leitura media/reflexiva, passiva ou ativa idiomatica; nao corrigir automaticamente."
ὑβρισθήσεται,5195,V-FIP-3S,Verbo - Futuro Indicativo Passiva - 3ª Pessoa Singular,será insultado,"ele(a) será insultado, será maltratado, será agido com arrogância",passiva_a_confirmar,revisar,"'V-FIP-3S' e passiva, porem a passiva nao esta explicita em 'será insultado'.","Confirmar se a glossa pretende particpio isolado, adjetivo verbal ou construao passiva completa."
ὑποταγήσεται,5293,V-FIP-3S,Verbo - Futuro Indicativo Passiva - 3ª Pessoa Singular,estará sujeito,"ele(a) estará sujeito, estará subordinado, estará submetido, estará estado sob obediência",passiva_a_confirmar,revisar,"'V-FIP-3S' e passiva, porem a passiva nao esta explicita em 'estará sujeito'.","Confirmar se a glossa pretende particpio isolado, adjetivo verbal ou construao passiva completa."
ὑποταγησόμεθα,5293,V-FIP-1P,Verbo - Futuro Indicativo Passiva - 1ª Pessoa Plural,estaremos sujeitos,"nós estaremos sujeitos, estaremos subordinados, seremos submetidos, estareremos sob obediência",passiva_a_confirmar,revisar,"'V-FIP-1P' e passiva, porem a passiva nao esta explicita em 'estaremos sujeitos'.","Confirmar se a glossa pretende particpio isolado, adjetivo verbal ou construao passiva completa."
ὑποταγῇ,5293,V-ASP-3S,Verbo - Aoristo Subjuntivo Passiva - 3ª Pessoa Singular,esteja sujeito,"ele(a) esteja sujeito, seja subordinado, seja submetido, seja estado sob obediência",passiva_a_confirmar,revisar,"'V-ASP-3S' e passiva, porem a passiva nao esta explicita em 'esteja sujeito'.","Confirmar se a glossa pretende particpio isolado, adjetivo verbal ou construao passiva completa."
φανήσεται,5316,V-FIP-3S,Verbo - Futuro Indicativo Passiva - 3ª Pessoa Singular,será mostrado,"ele(a) será mostrado, será feito aparecer, será aparecido, será brilhado, será manifestado",passiva_a_confirmar,revisar,"'V-FIP-3S' e passiva, porem a passiva nao esta explicita em 'será mostrado'.","Confirmar se a glossa pretende particpio isolado, adjetivo verbal ou construao passiva completa."
φανῇς,5316,V-ASP-2S,Verbo - Aoristo Subjuntivo Passiva - 2ª Pessoa Singular,sejas manifestado,"tu sejas exibido, sejas manifestado",passiva_a_confirmar,revisar,"'V-ASP-2S' e passiva, porem a passiva nao esta explicita em 'sejas manifestado'.","Confirmar se a glossa pretende particpio isolado, adjetivo verbal ou construao passiva completa."
φέρεσθαι,5342,V-PNM/P,Verbo - Presente Infinitivo Média ou Passiva,suportar,"suportar, carregar, trazer, liderar",media_passiva_ambigua,revisar,'V-PNM/P' e media ou passiva e 'pt' e infinitivo ativo: 'suportar'.,"Decidir pelo contexto entre leitura media/reflexiva, passiva ou ativa idiomatica; nao corrigir automaticamente."
φθέγγεσθαι,5350,V-PNM/P,Verbo - Presente Infinitivo Média ou Passiva,falar,"falar, proferir, proclamar",media_passiva_ambigua,revisar,'V-PNM/P' e media ou passiva e 'pt' e infinitivo ativo: 'falar'.,"Decidir pelo contexto entre leitura media/reflexiva, passiva ou ativa idiomatica; nao corrigir automaticamente."
φθαρήσονται,5351,V-FIP-3S,Verbo - Futuro Indicativo Passiva - 3ª Pessoa Singular,será destruído,"ele(a) será destruído, será corrompido, será estragado",passiva_a_confirmar,revisar,"'V-FIP-3S' e passiva, porem a passiva nao esta explicita em 'será destruído'.","Confirmar se a glossa pretende particpio isolado, adjetivo verbal ou construao passiva completa."
φοβηθῇς,5399,V-ASP-2S,Verbo - Aoristo Subjuntivo Passiva - 2ª Pessoa Singular,temas,"tu temar, tenhas medo",passiva_a_confirmar,revisar,"'V-ASP-2S' e passiva, porem a passiva nao esta explicita em 'temas'.","Confirmar se a glossa pretende particpio isolado, adjetivo verbal ou construao passiva completa."
φραγήσεται,5420,V-FIP-3S,Verbo - Futuro Indicativo Passiva - 3ª Pessoa Singular,será cercado,"ele(a) será cercado, será bloqueado, será parado, será fechado",passiva_a_confirmar,revisar,"'V-FIP-3S' e passiva, porem a passiva nao esta explicita em 'será cercado'.","Confirmar se a glossa pretende particpio isolado, adjetivo verbal ou construao passiva completa."
ἐφυσιώθησάν,5448,V-AIP-3P,Verbo - Aoristo Indicativo Passiva - 3ª Pessoa Plural,ficaram inchados,"eles(as) ficaram inchados, foram inflados, se orgulharam",passiva_a_confirmar,revisar,"'V-AIP-3P' e passiva, porem a passiva nao esta explicita em 'ficaram inchados'.","Confirmar se a glossa pretende particpio isolado, adjetivo verbal ou construao passiva completa."
φυτεύθητι,5452,V-AMP-2S,Verbo - Aoristo Imperativo Passiva - 2ª Pessoa Singular,estás plantado,tu estás plantado,passiva_a_confirmar,revisar,"'V-AMP-2S' e passiva, porem a passiva nao esta explicita em 'estás plantado'.","Confirmar se a glossa pretende particpio isolado, adjetivo verbal ou construao passiva completa."
φωνηθῆναι,5455,V-ANP,Verbo - Aoristo Infinitivo Passiva,chamar,"chamar, gritar, falar",passiva_sem_marca,alta,"'V-ANP' e passiva, mas 'pt' esta em infinitivo ativo: 'chamar'.","Revisar para uma forma passiva adequada, por exemplo 'ser + particpio', quando o contexto nao exigir outra soluao."
χαρίζεσθαί,5483,V-PNM/P,Verbo - Presente Infinitivo Média ou Passiva,conceder,"conceder, dar livremente, perdoar, mostrar favor",media_passiva_ambigua,revisar,'V-PNM/P' e media ou passiva e 'pt' e infinitivo ativo: 'conceder'.,"Decidir pelo contexto entre leitura media/reflexiva, passiva ou ativa idiomatica; nao corrigir automaticamente."
χαρισθῆναι,5483,V-ANP,Verbo - Aoristo Infinitivo Passiva,conceder,"conceder, dar livremente, perdoar, mostrar favor",passiva_sem_marca,alta,"'V-ANP' e passiva, mas 'pt' esta em infinitivo ativo: 'conceder'.","Revisar para uma forma passiva adequada, por exemplo 'ser + particpio', quando o contexto nao exigir outra soluao."
χορτάζεσθαι,5526,V-PNM/P,Verbo - Presente Infinitivo Média ou Passiva,alimentar,"alimentar, preencher, satisfazer",media_passiva_ambigua,revisar,'V-PNM/P' e media ou passiva e 'pt' e infinitivo ativo: 'alimentar'.,"Decidir pelo contexto entre leitura media/reflexiva, passiva ou ativa idiomatica; nao corrigir automaticamente."
χορτασθήσονται,5526,V-FIP-3P,Verbo - Futuro Indicativo Passiva - 3ª Pessoa Plural,serão alimentados,"eles(as) serão alimentados, serão preenchidos, serão satisfeitos",passiva_a_confirmar,revisar,"'V-FIP-3P' e passiva, porem a passiva nao esta explicita em 'serão alimentados'.","Confirmar se a glossa pretende particpio isolado, adjetivo verbal ou construao passiva completa."
χωρισθῆναι,5563,V-ANP,Verbo - Aoristo Infinitivo Passiva,separar,"separar, dividir, partir",passiva_sem_marca,alta,"'V-ANP' e passiva, mas 'pt' esta em infinitivo ativo: 'separar'.","Revisar para uma forma passiva adequada, por exemplo 'ser + particpio', quando o contexto nao exigir outra soluao."
ψυγήσεται,5594,V-FIP-3S,Verbo - Futuro Indicativo Passiva - 3ª Pessoa Singular,será esfriado,ele(a) será esfriado,passiva_a_confirmar,revisar,"'V-FIP-3S' e passiva, porem a passiva nao esta explicita em 'será esfriado'.","Confirmar se a glossa pretende particpio isolado, adjetivo verbal ou construao passiva completa."
ὠφεληθήσεται,5623,V-FIP-3S,Verbo - Futuro Indicativo Passiva - 3ª Pessoa Singular,será beneficiado,"ele(a) será beneficiado, será lucrado, será ajudado",passiva_a_confirmar,revisar,"'V-FIP-3S' e passiva, porem a passiva nao esta explicita em 'será beneficiado'.","Confirmar se a glossa pretende particpio isolado, adjetivo verbal ou construao passiva completa."
SEM NÚMERO DE OCORRÊNCIAS,,,,,,pt_vazio,alta,Campo 'pt' esta vazio.,Informe uma glossa portuguesa.
λογίζεσθαι,3049,V-PNM/P,Verbo - Presente Infinitivo Média ou Passiva,calcular,"calcular, considerar, contabilizar, pensar, imputar.",media_passiva_ambigua,revisar,'V-PNM/P' e media ou passiva e 'pt' e infinitivo ativo: 'calcular'.,"Decidir pelo contexto entre leitura media/reflexiva, passiva ou ativa idiomatica; nao corrigir automaticamente."
μνησθῶ,3403,V-ASP-1S,Verbo - Aoristo Subjuntivo Passiva - 1ª Pessoa Singular,lembre,que eu lembre,passiva_a_confirmar,revisar,"'V-ASP-1S' e passiva, porem a passiva nao esta explicita em 'lembre'.","Confirmar se a glossa pretende particpio isolado, adjetivo verbal ou construao passiva completa."
τηρεῖσθαι,5083,V-PNM/P,Verbo - Presente Infinitivo Média ou Passiva,manter,"manter, guardar, observar, zelar",media_passiva_ambigua,revisar,'V-PNM/P' e media ou passiva e 'pt' e infinitivo ativo: 'manter'.,"Decidir pelo contexto entre leitura media/reflexiva, passiva ou ativa idiomatica; nao corrigir automaticamente."
ἀναγινώσκεται,314,V-PIP-3S,Verbo - Presente Indicativo Passiva - 3ª Pessoa Singular,é lido,"ele(a) é lido, é reconhecido, é sabido de novo",passiva_a_confirmar,revisar,"'V-PIP-3S' e passiva, porem a passiva nao esta explicita em 'é lido'.","Confirmar se a glossa pretende particpio isolado, adjetivo verbal ou construao passiva completa."
ἀνακεφαλαιοῦται,346,V-PIP-3S,Verbo - Presente Indicativo Passiva - 3ª Pessoa Singular,é reunido(a),"ele(a) é resumido, é reunido, é unido",passiva_a_confirmar,revisar,"'V-PIP-3S' e passiva, porem a passiva nao esta explicita em 'é reunido(a)'.","Confirmar se a glossa pretende particpio isolado, adjetivo verbal ou construao passiva completa."
ἀποκτένεσθαι,615,V-PNP,Verbo - Presente Infinitivo Passiva,matar,"matar, assassinar, condenar à morte",passiva_sem_marca,alta,"'V-PNP' e passiva, mas 'pt' esta em infinitivo ativo: 'matar'.","Revisar para uma forma passiva adequada, por exemplo 'ser + particpio', quando o contexto nao exigir outra soluao."
ἀρξάμενον,756,V-AMP-ANS,Verbo - Aoristo Particípio Média - Acusativo Neutro Singular,tendo começado,tendo começado,passiva_a_confirmar,revisar,"'V-AMP-ANS' e passiva, porem a passiva nao esta explicita em 'tendo começado'.","Confirmar se a glossa pretende particpio isolado, adjetivo verbal ou construao passiva completa."
διαμερισθήσεται,1266,V-FIP-3S,Verbo - Futuro Indicativo Passiva - 3ª Pessoa Singular,será dividido,"ele(a) será dividido, será distribuído, será repartido",passiva_a_confirmar,revisar,"'V-FIP-3S' e passiva, porem a passiva nao esta explicita em 'será dividido'.","Confirmar se a glossa pretende particpio isolado, adjetivo verbal ou construao passiva completa."
διαπορεῖσθαι,1280,V-PNP,Verbo - Presente Infinitivo Passiva,estar perplexo,"estar perplexo, estar em dúvida, estar perdido",passiva_a_confirmar,revisar,"'V-PNP' e passiva, porem a passiva nao esta explicita em 'estar perplexo'.","Confirmar se a glossa pretende particpio isolado, adjetivo verbal ou construao passiva completa."
διασκορπισθήσεται,1287,V-FIP-3S,Verbo - Futuro Indicativo Passiva - 3ª Pessoa Singular,será espalhado(a),"ele(a) será espalhado, será dispersado, será desperdiçado",passiva_a_confirmar,revisar,"'V-FIP-3S' e passiva, porem a passiva nao esta explicita em 'será espalhado(a)'.","Confirmar se a glossa pretende particpio isolado, adjetivo verbal ou construao passiva completa."
διαταξάμενός,1299,V-AMP-NMS,Verbo - Aoristo Imperativo Passiva - Nominativo Masculino Singular,ordena,"seja organizado, ordena, comanda, dirija",passiva_a_confirmar,revisar,"'V-AMP-NMS' e passiva, porem a passiva nao esta explicita em 'ordena'.","Confirmar se a glossa pretende particpio isolado, adjetivo verbal ou construao passiva completa."
διορυγῆναι,1358,V-ANP,Verbo - Aoristo Infinitivo Passiva,cavar,"cavar, romper",passiva_sem_marca,alta,"'V-ANP' e passiva, mas 'pt' esta em infinitivo ativo: 'cavar'.","Revisar para uma forma passiva adequada, por exemplo 'ser + particpio', quando o contexto nao exigir outra soluao."
ἐγκεντρισθήσονται,1461,V-FIP-3P,Verbo - Futuro Indicativo Passiva - 3ª Pessoa Plural,serão enxertados,eles(as) serão enxertados,passiva_a_confirmar,revisar,"'V-FIP-3P' e passiva, porem a passiva nao esta explicita em 'serão enxertados'.","Confirmar se a glossa pretende particpio isolado, adjetivo verbal ou construao passiva completa."
ἐγκόπτω,1465,V-PNP,Verbo - Presente Infinitivo Passiva,impedir,"impedir, cortar",passiva_sem_marca,alta,"'V-PNP' e passiva, mas 'pt' esta em infinitivo ativo: 'impedir'.","Revisar para uma forma passiva adequada, por exemplo 'ser + particpio', quando o contexto nao exigir outra soluao."
ἐκγαμίζονται,1547,V-PIP-3P,Verbo - Presente Indicativo Passiva - 3ª Pessoa Plural,são dados em casamento,eles(as) são dados em casamento,passiva_a_confirmar,revisar,"'V-PIP-3P' e passiva, porem a passiva nao esta explicita em 'são dados em casamento'.","Confirmar se a glossa pretende particpio isolado, adjetivo verbal ou construao passiva completa."
ἐκγαμίσκονται,1548,V-PIP-3P,Verbo - Presente Indicativo Passiva - 3ª Pessoa Plural,são dado em casamento,eles(as) são dado em casamento,passiva_a_confirmar,revisar,"'V-PIP-3P' e passiva, porem a passiva nao esta explicita em 'são dado em casamento'.","Confirmar se a glossa pretende particpio isolado, adjetivo verbal ou construao passiva completa."
ἐκδέχεται,1551,V-PIM/P-3S,Verbo - Presente Indicativo Média ou Passiva - 3ª Pessoa Singular,esperar,"esperar, procurar",media_passiva_ambigua,revisar,'V-PIM/P-3S' e media ou passiva e 'pt' e infinitivo ativo: 'esperar'.,"Decidir pelo contexto entre leitura media/reflexiva, passiva ou ativa idiomatica; nao corrigir automaticamente."
ἐκκοπήσῃ,1581,V-FIP-2S,Verbo - Futuro Indicativo Passiva - 2ª Pessoa Singular,serás cortado,"tu serás cortado, serás removido",passiva_a_confirmar,revisar,"'V-FIP-2S' e passiva, porem a passiva nao esta explicita em 'serás cortado'.","Confirmar se a glossa pretende particpio isolado, adjetivo verbal ou construao passiva completa."
ἐλεηθῶσιν,1653,V-ASP-3P,Verbo - Aoristo Subjuntivo Passiva - 3ª Pessoa Plural,recebam misericórdia,eles(as) recebam misericórdia,passiva_a_confirmar,revisar,"'V-ASP-3P' e passiva, porem a passiva nao esta explicita em 'recebam misericórdia'.","Confirmar se a glossa pretende particpio isolado, adjetivo verbal ou construao passiva completa."
ἐλευθερωθήσεται,1659,V-FIP-3S,Verbo - Futuro Indicativo Passiva - 3ª Pessoa Singular,libertar,libertar,passiva_sem_marca,alta,"'V-FIP-3S' e passiva, mas 'pt' esta em infinitivo ativo: 'libertar'.","Revisar para uma forma passiva adequada, por exemplo 'ser + particpio', quando o contexto nao exigir outra soluao."
ἐνεχθῆναι,5342,V-ANP,Verbo - Aoristo Infinitivo Passiva,suportar,"suportar, carregar, trazer, liderar",passiva_sem_marca,alta,"'V-ANP' e passiva, mas 'pt' esta em infinitivo ativo: 'suportar'.","Revisar para uma forma passiva adequada, por exemplo 'ser + particpio', quando o contexto nao exigir outra soluao."
ἐξεθαμβήθη,1568,V-AIP-3S,Verbo - Aoristo Indicativo Passiva - 3ª Pessoa Singular,ficou muito surpreso,"ele(a) ficou muito surpreso, ficou surpreso, ficou alarmado",passiva_a_confirmar,revisar,"'V-AIP-3S' e passiva, porem a passiva nao esta explicita em 'ficou muito surpreso'.","Confirmar se a glossa pretende particpio isolado, adjetivo verbal ou construao passiva completa."
ἐξεκόπης,1581,V-APP-2S,Verbo - Aoristo Particípio Ativa,tendo cortado,"tendo cortado, tendo removido",passiva_a_confirmar,revisar,"'V-APP-2S' e passiva, porem a passiva nao esta explicita em 'tendo cortado'.","Confirmar se a glossa pretende particpio isolado, adjetivo verbal ou construao passiva completa."
ἐξέστραπται,1612,V-RIP-3S,Verbo - Perfeito Indicativo Passiva - 3ª Pessoa Singular,perverter,"perverter, afastar-se, distorcer",passiva_sem_marca,alta,"'V-RIP-3S' e passiva, mas 'pt' esta em infinitivo ativo: 'perverter'.","Revisar para uma forma passiva adequada, por exemplo 'ser + particpio', quando o contexto nao exigir outra soluao."
ἐξολοθρευθήσεται,1842,V-FIP-3S,Verbo - Futuro Indicativo Passiva - 3ª Pessoa Singular,será destruído completamente,"ele(a) será destruído completamente, será exterminado, será erradicado",passiva_a_confirmar,revisar,"'V-FIP-3S' e passiva, porem a passiva nao esta explicita em 'será destruído completamente'.","Confirmar se a glossa pretende particpio isolado, adjetivo verbal ou construao passiva completa."
ἐπερχομέναις,1904,V-PNP-DPF,Verbo - Presente Particípio Média - Dativo Feminino Plural,chegando,"chegando, ultrapassando, aproximando",passiva_a_confirmar,revisar,"'V-PNP-DPF' e passiva, porem a passiva nao esta explicita em 'chegando'.","Confirmar se a glossa pretende particpio isolado, adjetivo verbal ou construao passiva completa."
ἐπιστραφῶσιν,1994,V-ASP-3P,Verbo - Aoristo Particípio Ativa,tendo virado,"tendo virado, tendo voltado, tendo voltado atrás, tendo convertido",passiva_a_confirmar,revisar,"'V-ASP-3P' e passiva, porem a passiva nao esta explicita em 'tendo virado'.","Confirmar se a glossa pretende particpio isolado, adjetivo verbal ou construao passiva completa."
ἐπιφέρεσθαι,2018,V-PNP,Verbo - Presente Infinitivo Passiva,trazer,"trazer, infligir, impor",passiva_sem_marca,alta,"'V-PNP' e passiva, mas 'pt' esta em infinitivo ativo: 'trazer'.","Revisar para uma forma passiva adequada, por exemplo 'ser + particpio', quando o contexto nao exigir outra soluao."
ἑρμηνευόμενον,2059,V-PPP-NNS,Verbo - Presente Particípio Passiva - Nominativo Neutro Singular,interpretar,"interpretar, traduzir, explicar",passiva_sem_marca,alta,"'V-PPP-NNS' e passiva, mas 'pt' esta em infinitivo ativo: 'interpretar'.","Revisar para uma forma passiva adequada, por exemplo 'ser + particpio', quando o contexto nao exigir outra soluao."
εὐφρανθήσονται,2165,V-FIP-3P,Verbo - Futuro Indicativo Passiva - 3ª Pessoa Plural,serão alegrados,eles(as) serão alegrados,passiva_a_confirmar,revisar,"'V-FIP-3P' e passiva, porem a passiva nao esta explicita em 'serão alegrados'.","Confirmar se a glossa pretende particpio isolado, adjetivo verbal ou construao passiva completa."
ἡγιασμένη,37,V-RPP-NFS,Verbo - Perfeito Particípio Passiva - Nominativo Feminino Singular,santificar,"santificar, tornar santo, consagrar, separar",passiva_sem_marca,alta,"'V-RPP-NFS' e passiva, mas 'pt' esta em infinitivo ativo: 'santificar'.","Revisar para uma forma passiva adequada, por exemplo 'ser + particpio', quando o contexto nao exigir outra soluao."
ἡττήθητε,2274,V-AIP-2P,Verbo - Aoristo Indicativo Passiva - 2ª Pessoa Plural,fostes sido derrotado,"vós fostes sido derrotado, fostes sido inferior, fostes sido superado",concordancia_participio,alta,Auxiliar plural com particpio aparentemente singular: 'fostes sido'.,"Reescrever a construao; 'sido' nao deve ser pluralizado. Usar forma idiomatica (ex.: 'puderam', 'foram capazes')."
θανατούμεθα,2289,V-PIP-1P,Verbo - Presente Indicativo Passiva - 1ª Pessoa Plural,condenar à morte,"condenar à morte, matar, mortificar",passiva_a_confirmar,revisar,"'V-PIP-1P' e passiva, porem a passiva nao esta explicita em 'condenar à morte'.","Confirmar se a glossa pretende particpio isolado, adjetivo verbal ou construao passiva completa."
καταισχυνθήσεται,2617,V-FIP-3S,Verbo - Futuro Indicativo Passiva - 3ª Pessoa Singular,será envergonhado,"ele(a) será envergonhado, será desonrado, será confundido",passiva_a_confirmar,revisar,"'V-FIP-3S' e passiva, porem a passiva nao esta explicita em 'será envergonhado'.","Confirmar se a glossa pretende particpio isolado, adjetivo verbal ou construao passiva completa."
καταφθαρήσονται,2704,V-FIP-3P,Verbo - Futuro Indicativo Passiva - 3ª Pessoa Plural,serão corrompidos,"eles(as) serão corrompidos, serão destruídos, serão arruinados",passiva_a_confirmar,revisar,"'V-FIP-3P' e passiva, porem a passiva nao esta explicita em 'serão corrompidos'.","Confirmar se a glossa pretende particpio isolado, adjetivo verbal ou construao passiva completa."
κατηρτισμένα,2675,V-RPP-ANP,Verbo - Perfeito Particípio Passiva - Acusativo Neutro Plural,restaurar,"restaurar, equipar, aperfeiçoar, preparar, consertar",passiva_sem_marca,alta,"'V-RPP-ANP' e passiva, mas 'pt' esta em infinitivo ativo: 'restaurar'.","Revisar para uma forma passiva adequada, por exemplo 'ser + particpio', quando o contexto nao exigir outra soluao."
κληθέντος,2564,V-APP-GMS,Verbo - Aoristo Particípio Passiva - Genitivo Masculino Singular,chamar,"chamar, nomear, convidar",passiva_sem_marca,alta,"'V-APP-GMS' e passiva, mas 'pt' esta em infinitivo ativo: 'chamar'.","Revisar para uma forma passiva adequada, por exemplo 'ser + particpio', quando o contexto nao exigir outra soluao."
κολλώμενοι,2853,V-PPP-NMP,Verbo - Presente Particípio Passiva - Nominativo Masculino Plural,unir,"unir, aderir",passiva_sem_marca,alta,"'V-PPP-NMP' e passiva, mas 'pt' esta em infinitivo ativo: 'unir'.","Revisar para uma forma passiva adequada, por exemplo 'ser + particpio', quando o contexto nao exigir outra soluao."
κομιεῖται,2865,V-FIM/P-3S-ATT,Verbo - Futuro Indicativo Média ou Passiva - 3ª Pessoa Singular,receber,"receber, trazer, carregar, recuperar",media_passiva_ambigua,revisar,'V-FIM/P-3S-ATT' e media ou passiva e 'pt' e infinitivo ativo: 'receber'.,"Decidir pelo contexto entre leitura media/reflexiva, passiva ou ativa idiomatica; nao corrigir automaticamente."
κομιούμενοι,2865,V-FDP-NMP,Verbo - Futuro Modo D Passiva - Nª Pessoa Número M,receber,"receber, trazer, carregar, recuperar",passiva_sem_marca,alta,"'V-FDP-NMP' e passiva, mas 'pt' esta em infinitivo ativo: 'receber'.","Revisar para uma forma passiva adequada, por exemplo 'ser + particpio', quando o contexto nao exigir outra soluao."
κρέμανται,2910,V-PIP-3P,Verbo - Presente Indicativo Passiva - 3ª Pessoa Plural,são pendurado,"eles(as) são pendurado, são suspendido",passiva_a_confirmar,revisar,"'V-PIP-3P' e passiva, porem a passiva nao esta explicita em 'são pendurado'.","Confirmar se a glossa pretende particpio isolado, adjetivo verbal ou construao passiva completa."
λιθοβολεῖσθαι,3036,V-PNP,Verbo - Presente Infinitivo Passiva,apedrejar,"apedrejar, atirar pedras",passiva_sem_marca,alta,"'V-PNP' e passiva, mas 'pt' esta em infinitivo ativo: 'apedrejar'.","Revisar para uma forma passiva adequada, por exemplo 'ser + particpio', quando o contexto nao exigir outra soluao."
λυπεῖται,3076,V-PIP-3S,Verbo - Presente Indicativo Passiva - 3ª Pessoa Singular,é entristecido,"ele(a) é entristecido, é angustiado",passiva_a_confirmar,revisar,"'V-PIP-3S' e passiva, porem a passiva nao esta explicita em 'é entristecido'.","Confirmar se a glossa pretende particpio isolado, adjetivo verbal ou construao passiva completa."
μεταμορφοῦσθαι,3339,V-PNP,Verbo - Presente Infinitivo Passiva,transformar,"transformar, mudar de forma",passiva_sem_marca,alta,"'V-PNP' e passiva, mas 'pt' esta em infinitivo ativo: 'transformar'.","Revisar para uma forma passiva adequada, por exemplo 'ser + particpio', quando o contexto nao exigir outra soluao."
μεταστραφήτω,3344,V-AMP-3S,Verbo - Aoristo Imperativo Passiva,mudar,"mudar, alterar, perverter, transformar",passiva_sem_marca,alta,"'V-AMP-3S' e passiva, mas 'pt' esta em infinitivo ativo: 'mudar'.","Revisar para uma forma passiva adequada, por exemplo 'ser + particpio', quando o contexto nao exigir outra soluao."
ὁμολογεῖται,3670,V-PIP-3S,Verbo - Presente Indicativo Passiva - 3ª Pessoa Singular,confessar,"confessar, reconhecer, concordar",passiva_sem_marca,alta,"'V-PIP-3S' e passiva, mas 'pt' esta em infinitivo ativo: 'confessar'.","Revisar para uma forma passiva adequada, por exemplo 'ser + particpio', quando o contexto nao exigir outra soluao."
παραστησόμεθα,3936,V-FIM/P-1P,Verbo - Futuro Indicativo Média ou Passiva - 1ª Pessoa Plural,apresentar,"apresentar, aguardar, fornecer, oferecer",media_passiva_ambigua,revisar,'V-FIM/P-1P' e media ou passiva e 'pt' e infinitivo ativo: 'apresentar'.,"Decidir pelo contexto entre leitura media/reflexiva, passiva ou ativa idiomatica; nao corrigir automaticamente."
πεπείσμεθα,3982,V-RIP-1P,Verbo - Perfeito Indicativo Passiva - 1ª Pessoa Plural,persuadir,"persuadir, convencer, confiar, ter confiança",passiva_sem_marca,alta,"'V-RIP-1P' e passiva, mas 'pt' esta em infinitivo ativo: 'persuadir'.","Revisar para uma forma passiva adequada, por exemplo 'ser + particpio', quando o contexto nao exigir outra soluao."
πεπραμένος,4097,V-RPP-NMS,Verbo - Perfeito Particípio Passiva - Nominativo Masculino Singular,vender,"vender, ser vendido",passiva_sem_marca,alta,"'V-RPP-NMS' e passiva, mas 'pt' esta em infinitivo ativo: 'vender'.","Revisar para uma forma passiva adequada, por exemplo 'ser + particpio', quando o contexto nao exigir outra soluao."
πιστεύεται,4100,V-PIP-3S,Verbo - Presente Indicativo Passiva - 3ª Pessoa Singular,acreditar,"acreditar, ter fé, confiar",passiva_sem_marca,alta,"'V-PIP-3S' e passiva, mas 'pt' esta em infinitivo ativo: 'acreditar'.","Revisar para uma forma passiva adequada, por exemplo 'ser + particpio', quando o contexto nao exigir outra soluao."
πληροῦται,4137,V-PIP-3S,Verbo - Presente Indicativo Passiva - 3ª Pessoa Singular,é preenchido,"ele(a) é preenchido, é completado, é cumprido",passiva_a_confirmar,revisar,"'V-PIP-3S' e passiva, porem a passiva nao esta explicita em 'é preenchido'.","Confirmar se a glossa pretende particpio isolado, adjetivo verbal ou construao passiva completa."
πορευθέντα,4198,V-APP-AMS,Verbo - Aoristo Particípio Passiva - Acusativo Masculino Singular,tendo ido,"tendo ido, tendo sido prosseguido, tendo sido viajado",passiva_a_confirmar,revisar,"'V-APP-AMS' e passiva, porem a passiva nao esta explicita em 'tendo ido'.","Confirmar se a glossa pretende particpio isolado, adjetivo verbal ou construao passiva completa."
πορευόμεναι,4198,V-PNP-NFP,Verbo - Presente Particípio - Nominativo Feminino Plural,indo,"indo, prosseguindo, viajando",passiva_a_confirmar,revisar,"'V-PNP-NFP' e passiva, porem a passiva nao esta explicita em 'indo'.","Confirmar se a glossa pretende particpio isolado, adjetivo verbal ou construao passiva completa."
σβέννυνται,4570,V-PIP-3P,Verbo - Presente Indicativo Passiva - 3ª Pessoa Plural,são apagado,"eles(as) são apagado, são extinguido",passiva_a_confirmar,revisar,"'V-PIP-3P' e passiva, porem a passiva nao esta explicita em 'são apagado'.","Confirmar se a glossa pretende particpio isolado, adjetivo verbal ou construao passiva completa."
συγκατατεθειμένος,4784,V-RNP-NMS,Verbo - Perfeito Particípio - Nominativo Masculino Singular,tendo concordado com,"tendo concordado com, tendo consentido, tendo assentido",passiva_a_confirmar,revisar,"'V-RNP-NMS' e passiva, porem a passiva nao esta explicita em 'tendo concordado com'.","Confirmar se a glossa pretende particpio isolado, adjetivo verbal ou construao passiva completa."
συναναπαύσωμαι,4875,V-ASM/P-1S,Verbo - Aoristo Subjuntivo Média ou Passiva - 1ª Pessoa Singular,descansar,"descansar, encontrar descanso juntos",media_passiva_ambigua,revisar,'V-ASM/P-1S' e media ou passiva e 'pt' e infinitivo ativo: 'descansar'.,"Decidir pelo contexto entre leitura media/reflexiva, passiva ou ativa idiomatica; nao corrigir automaticamente."
συναχθήσεται,4863,V-FIP-3S,Verbo - Futuro Indicativo Passiva - 3ª Pessoa Singular,será reunido,ele(a) será reunido,passiva_a_confirmar,revisar,"'V-FIP-3S' e passiva, porem a passiva nao esta explicita em 'será reunido'.","Confirmar se a glossa pretende particpio isolado, adjetivo verbal ou construao passiva completa."
τελειοῦται,5048,V-PIP-3S,Verbo - Presente Indicativo Passiva - 3ª Pessoa Singular,é completado,"ele(a) é completado, é aperfeiçoado, é realizado, é posto fim.",passiva_a_confirmar,revisar,"'V-PIP-3S' e passiva, porem a passiva nao esta explicita em 'é completado'.","Confirmar se a glossa pretende particpio isolado, adjetivo verbal ou construao passiva completa."
τεταγμέναι,5021,V-RPP-NFP,Verbo - Perfeito Particípio Passiva - Nominativo Feminino Plural,arranjar,"arranjar, nomear, ordenar",passiva_sem_marca,alta,"'V-RPP-NFP' e passiva, mas 'pt' esta em infinitivo ativo: 'arranjar'.","Revisar para uma forma passiva adequada, por exemplo 'ser + particpio', quando o contexto nao exigir outra soluao."
τίθεται,5087,V-PIP-3S,Verbo - Presente Indicativo Passiva - 3ª Pessoa Singular,é colocado,"ele(a) é colocado, é nomeado, é estabelecido",passiva_a_confirmar,revisar,"'V-PIP-3S' e passiva, porem a passiva nao esta explicita em 'é colocado'.","Confirmar se a glossa pretende particpio isolado, adjetivo verbal ou construao passiva completa."
τυρβάζῃ,5182,V-PIP-2S,Verbo - Presente Indicativo Passiva - 2ª Pessoa Singular,és estado perturbado,"tu és estado perturbado, és estado distraído, és sido perturbado",passiva_a_confirmar,revisar,"'V-PIP-2S' e passiva, porem a passiva nao esta explicita em 'és estado perturbado'.","Confirmar se a glossa pretende particpio isolado, adjetivo verbal ou construao passiva completa."
ὑπετάγη,5293,V-APP-3S,Verbo - Aoristo Particípio Ativa,tendo sujeito,"tendo sujeito, tendo subordinado, tendo submetido, tendo estado sob obediência",passiva_a_confirmar,revisar,"'V-APP-3S' e passiva, porem a passiva nao esta explicita em 'tendo sujeito'.","Confirmar se a glossa pretende particpio isolado, adjetivo verbal ou construao passiva completa."
ὑπετάγησαν,5293,V-APP-3P,Verbo - Aoristo Particípio Ativa,tendo sujeito,"tendo sujeito, tendo subordinado, tendo submetido, tendo estado sob obediência",passiva_a_confirmar,revisar,"'V-APP-3P' e passiva, porem a passiva nao esta explicita em 'tendo sujeito'.","Confirmar se a glossa pretende particpio isolado, adjetivo verbal ou construao passiva completa."
