forma_grega,strongs,abrev_morf,morfologia,pt,traducao,tipo,prioridade,achado,sugestao
ἀποκριθεὶς,611,V-APP-NMS,Verbo - Aoristo Particípio Passiva - Nominativo Masculino Singular,tendo respondido,tendo respondido,passiva_a_confirmar,revisar,"'V-APP-NMS' e passiva, porem a passiva nao esta explicita em 'tendo respondido'.","Confirmar se a glossa pretende particpio isolado, adjetivo verbal ou construao passiva completa."
γενέσθαι,1096,V-PNM/P,Verbo - Presente Infinitivo Média ou Passiva,acontecer,"vir a ser, tornar-se, acontecer",media_passiva_ambigua,revisar,'V-PNM/P' e media ou passiva e 'pt' e infinitivo ativo: 'acontecer'.,"Decidir pelo contexto entre leitura media/reflexiva, passiva ou ativa idiomatica; nao corrigir automaticamente."
δοθήσεται,1325,V-FIP-3S,Verbo - Futuro Indicativo Passiva - 3ª Pessoa Singular,será dado,ele(a) será dado,passiva_a_confirmar,revisar,"'V-FIP-3S' e passiva, porem a passiva nao esta explicita em 'será dado'.","Confirmar se a glossa pretende particpio isolado, adjetivo verbal ou construao passiva completa."
πορευθέντες,4198,V-APP-NMP,Verbo - Aoristo Particípio Passiva - Nominativo Masculino Plural,indo,"tendo ido, tendo movido, tendo partido",passiva_a_confirmar,revisar,"'V-APP-NMP' e passiva, porem a passiva nao esta explicita em 'indo'.","Confirmar se a glossa pretende particpio isolado, adjetivo verbal ou construao passiva completa."
ἐφοβήθησαν,5399,V-AIP-3P,Verbo - Aoristo Indicativo Passiva - 3ª Pessoa Plural,temeram,"eles(as) temeram, ficaram alarmados",passiva_a_confirmar,revisar,"'V-AIP-3P' e passiva, porem a passiva nao esta explicita em 'temeram'.","Confirmar se a glossa pretende particpio isolado, adjetivo verbal ou construao passiva completa."
ἀφεθήσεταί,863,V-FIP-3S,Verbo - Futuro Indicativo Passiva - 3ª Pessoa Singular,será deixado,"ele(a) será deixado, será perdoado, será cancelado, será permitido, será despedido (divorciar)",passiva_a_confirmar,revisar,"'V-FIP-3S' e passiva, porem a passiva nao esta explicita em 'será deixado'.","Confirmar se a glossa pretende particpio isolado, adjetivo verbal ou construao passiva completa."
σωθήσεται,4982,V-FIP-3S,Verbo - Futuro Indicativo Passiva - 3ª Pessoa Singular,será salvo,ele(a) será salvo,passiva_a_confirmar,revisar,"'V-FIP-3S' e passiva, porem a passiva nao esta explicita em 'será salvo'.","Confirmar se a glossa pretende particpio isolado, adjetivo verbal ou construao passiva completa."
ἐπλήσθησαν,4130,V-AIP-3P,Verbo - Aoristo Indicativo Passiva - 3ª Pessoa Plural,foram multiplicado,"eles(as) foram multiplicado, foram aumentado, foram abundado",concordancia_participio,alta,Auxiliar plural com particpio aparentemente singular: 'foram multiplicado'.,Revisar o numero do particpio; provavel forma plural: 'multiplicados'.
φοβεῖσθε,5399,V-ASP-2P,Verbo - Aoristo Subjuntivo Passiva - 2ª Pessoa Plural,temais,que vós temais,passiva_a_confirmar,revisar,"'V-ASP-2P' e passiva, porem a passiva nao esta explicita em 'temais'.","Confirmar se a glossa pretende particpio isolado, adjetivo verbal ou construao passiva completa."
κληθήσεταί,2564,V-FIP-3S,Verbo - Futuro Indicativo Passiva - 3ª Pessoa Singular,será chamado,"ele(a) será chamado, será nomeado (dar nome)",passiva_a_confirmar,revisar,"'V-FIP-3S' e passiva, porem a passiva nao esta explicita em 'será chamado'.","Confirmar se a glossa pretende particpio isolado, adjetivo verbal ou construao passiva completa."
ἔρχεσθαι,2064,V-PNM/P,Verbo - Presente Infinitivo Média ou Passiva,vir,"vir, ir",media_passiva_ambigua,revisar,'V-PNM/P' e media ou passiva e 'pt' e infinitivo ativo: 'vir'.,"Decidir pelo contexto entre leitura media/reflexiva, passiva ou ativa idiomatica; nao corrigir automaticamente."
ἐξηράνθη,3583,V-AIP-3S,Verbo - Aoristo Indicativo Passiva - 3ª Pessoa Singular,secou,"ele(a) secou, murchou",passiva_a_confirmar,revisar,"'V-AIP-3S' e passiva, porem a passiva nao esta explicita em 'secou'.","Confirmar se a glossa pretende particpio isolado, adjetivo verbal ou construao passiva completa."
σωθῆναι,4982,V-ANP,Verbo - Aoristo Infinitivo Passiva,salvar,salvar,passiva_sem_marca,alta,"'V-ANP' e passiva, mas 'pt' esta em infinitivo ativo: 'salvar'.","Revisar para uma forma passiva adequada, por exemplo 'ser + particpio', quando o contexto nao exigir outra soluao."
δύνασθαι,1410,V-PNM/P,Verbo - Presente Infinitivo Média ou Passiva,poder,"poder, ser capaz, conseguir",media_passiva_ambigua,revisar,'V-PNM/P' e media ou passiva e 'pt' e infinitivo ativo: 'poder'.,"Decidir pelo contexto entre leitura media/reflexiva, passiva ou ativa idiomatica; nao corrigir automaticamente."
πορευθεὶς,4198,V-APP-NMS,Verbo - Aoristo Particípio Passiva - Nominativo Masculino Singular,indo,"tendo ido, tendo sido movido, tendo partido",passiva_a_confirmar,revisar,"'V-APP-NMS' e passiva, porem a passiva nao esta explicita em 'indo'.","Confirmar se a glossa pretende particpio isolado, adjetivo verbal ou construao passiva completa."
ἀποκριθέντες,611,V-APP-NMP,Verbo - Aoristo Particípio Passiva - Nominativo Masculino Plural,tendo respondido,tendo respondido,passiva_a_confirmar,revisar,"'V-APP-NMP' e passiva, porem a passiva nao esta explicita em 'tendo respondido'.","Confirmar se a glossa pretende particpio isolado, adjetivo verbal ou construao passiva completa."
δοθεῖσάν,1325,V-APP-AFS,Verbo - Aoristo Particípio Passiva - Acusativo Feminino Singular,tendo dado,tendo dado,passiva_a_confirmar,revisar,"'V-APP-AFS' e passiva, porem a passiva nao esta explicita em 'tendo dado'.","Confirmar se a glossa pretende particpio isolado, adjetivo verbal ou construao passiva completa."
ἐγερθήσεται,1453,V-FIP-3S,Verbo - Futuro Indicativo Passiva - 3ª Pessoa Singular,será levantado,"ele(a) será levantado, será despertado",passiva_a_confirmar,revisar,"'V-FIP-3S' e passiva, porem a passiva nao esta explicita em 'será levantado'.","Confirmar se a glossa pretende particpio isolado, adjetivo verbal ou construao passiva completa."
φοβήθητε,5399,V-AMP-2P,Verbo - Aoristo Imperativo Passiva - 2ª Pessoa Plural,temei,"vós temei, reverenciai",passiva_a_confirmar,revisar,"'V-AMP-2P' e passiva, porem a passiva nao esta explicita em 'temei'.","Confirmar se a glossa pretende particpio isolado, adjetivo verbal ou construao passiva completa."
ἀρθήσεται,142,V-FIP-3S,Verbo - Futuro Indicativo Passiva - 3ª Pessoa Singular,será erguido,"ele(a) será erguido, será levantado, será tomado, será carregado, será removido",passiva_a_confirmar,revisar,"'V-FIP-3S' e passiva, porem a passiva nao esta explicita em 'será erguido'.","Confirmar se a glossa pretende particpio isolado, adjetivo verbal ou construao passiva completa."
ἀφιέναι,863,V-ANP,Verbo - Aoristo Infinitivo Passiva,perdoar,"ser perdoado(a), cancelado(a), despedido(a)",passiva_sem_marca,alta,"'V-ANP' e passiva, mas 'pt' esta em infinitivo ativo: 'perdoar'.","Revisar para uma forma passiva adequada, por exemplo 'ser + particpio', quando o contexto nao exigir outra soluao."
ἐγενήθησάν,1096,V-AIP-3P,Verbo - Aoristo Indicativo Passiva - 3ª Pessoa Plural,ocorreram,"eles(as) foram tornados, foram acontecidos",passiva_a_confirmar,revisar,"'V-AIP-3P' e passiva, porem a passiva nao esta explicita em 'ocorreram'.","Confirmar se a glossa pretende particpio isolado, adjetivo verbal ou construao passiva completa."
ἐργάζεσθαι,2038,V-PNM/P,Verbo - Presente Infinitivo Média ou Passiva,realizar,"realizar, labutar, executar, praticar",media_passiva_ambigua,revisar,'V-PNM/P' e media ou passiva e 'pt' e infinitivo ativo: 'realizar'.,"Decidir pelo contexto entre leitura media/reflexiva, passiva ou ativa idiomatica; nao corrigir automaticamente."
σταθεὶς,2476,V-APP-NMS,Verbo - Aoristo Particípio Passiva - Nominativo Masculino Singular,tendo posicionado,"tendo posicionado, tendo estado de pé, tendo parado, tendo estabelecido",passiva_a_confirmar,revisar,"'V-APP-NMS' e passiva, porem a passiva nao esta explicita em 'tendo posicionado'.","Confirmar se a glossa pretende particpio isolado, adjetivo verbal ou construao passiva completa."
ἐλυπήθη,3076,V-AIP-3S,Verbo - Aoristo Indicativo Passiva - 3ª Pessoa Singular,ficou angustiado,ele(a) ficou angustiado,passiva_a_confirmar,revisar,"'V-AIP-3S' e passiva, porem a passiva nao esta explicita em 'ficou angustiado'.","Confirmar se a glossa pretende particpio isolado, adjetivo verbal ou construao passiva completa."
προσεύχεσθαι,4336,V-PNM/P,Verbo - Presente Infinitivo Média ou Passiva,orar,"orar, suplicar",media_passiva_ambigua,revisar,'V-PNM/P' e media ou passiva e 'pt' e infinitivo ativo: 'orar'.,"Decidir pelo contexto entre leitura media/reflexiva, passiva ou ativa idiomatica; nao corrigir automaticamente."
ἐσπλαγχνίσθη,4697,V-AIP-3S,Verbo - Aoristo Indicativo Passiva - 3ª Pessoa Singular,teve compaixão,"ele(a) teve compaixão, foi movido pela compaixão",passiva_a_confirmar,revisar,"'V-AIP-3S' e passiva, porem a passiva nao esta explicita em 'teve compaixão'.","Confirmar se a glossa pretende particpio isolado, adjetivo verbal ou construao passiva completa."
ἐγερθῆναί,1453,V-ANP,Verbo - Aoristo Infinitivo Passiva,levantar,"levantar, despertar",passiva_sem_marca,alta,"'V-ANP' e passiva, mas 'pt' esta em infinitivo ativo: 'levantar'.","Revisar para uma forma passiva adequada, por exemplo 'ser + particpio', quando o contexto nao exigir outra soluao."
σταθήσεται,2476,V-FIP-3S,Verbo - Futuro Indicativo Passiva - 3ª Pessoa Singular,ficará de pé,"ele(a) será posicionado(a), ficará de pé, será estabelecido(a)",passiva_a_confirmar,revisar,"'V-FIP-3S' e passiva, porem a passiva nao esta explicita em 'ficará de pé'.","Confirmar se a glossa pretende particpio isolado, adjetivo verbal ou construao passiva completa."
ἐφοβήθη,5399,V-AIP-3S,Verbo - Aoristo Indicativo Passiva - 3ª Pessoa Singular,temeu,"ele(a) foi temido, foi ficado alarmado, foi reverenciado",passiva_a_confirmar,revisar,"'V-AIP-3S' e passiva, porem a passiva nao esta explicita em 'temeu'.","Confirmar se a glossa pretende particpio isolado, adjetivo verbal ou construao passiva completa."
ἀχθῆναι,71,V-ANP,Verbo - Aoristo Infinitivo Passiva,levar,"levar, conduzir, trazer",passiva_sem_marca,alta,"'V-ANP' e passiva, mas 'pt' esta em infinitivo ativo: 'levar'.","Revisar para uma forma passiva adequada, por exemplo 'ser + particpio', quando o contexto nao exigir outra soluao."
ἀνοιγήσεται,455,V-FIP-3S,Verbo - Futuro Indicativo Passiva - 3ª Pessoa Singular,será aberto,ele(a) será aberto,passiva_a_confirmar,revisar,"'V-FIP-3S' e passiva, porem a passiva nao esta explicita em 'será aberto'.","Confirmar se a glossa pretende particpio isolado, adjetivo verbal ou construao passiva completa."
γνωσθήσεται,1097,V-FIP-3S,Verbo - Futuro Indicativo Passiva - 3ª Pessoa Singular,será conhecido,"ele(a) será conhecido, será sabido",passiva_a_confirmar,revisar,"'V-FIP-3S' e passiva, porem a passiva nao esta explicita em 'será conhecido'.","Confirmar se a glossa pretende particpio isolado, adjetivo verbal ou construao passiva completa."
ἐγερθήσονται,1453,V-FIP-3P,Verbo - Futuro Indicativo Passiva - 3ª Pessoa Plural,serão levantado,"eles(as) serão levantado, serão despertado",passiva_a_confirmar,revisar,"'V-FIP-3P' e passiva, porem a passiva nao esta explicita em 'serão levantado'.","Confirmar se a glossa pretende particpio isolado, adjetivo verbal ou construao passiva completa."
λαληθήσεταί,2980,V-FIP-3S,Verbo - Futuro Indicativo Passiva - 3ª Pessoa Singular,será falado,"ele(a) será falado, será contado",passiva_a_confirmar,revisar,"'V-FIP-3S' e passiva, porem a passiva nao esta explicita em 'será falado'.","Confirmar se a glossa pretende particpio isolado, adjetivo verbal ou construao passiva completa."
πεσοῦνται,4098,V-FIP-3P,Verbo - Futuro Indicativo Passiva - 3ª Pessoa Plural,serão descidos,"eles(as) serão caídos, serão descidos, serão perecidos, serão falhados",passiva_a_confirmar,revisar,"'V-FIP-3P' e passiva, porem a passiva nao esta explicita em 'serão descidos'.","Confirmar se a glossa pretende particpio isolado, adjetivo verbal ou construao passiva completa."
πορεύθητι,4198,V-AMP-2S,Verbo - Aoristo Imperativo Passiva - 2ª Pessoa Singular,vai,"tu vai, move-te, parte",passiva_a_confirmar,revisar,"'V-AMP-2S' e passiva, porem a passiva nao esta explicita em 'vai'.","Confirmar se a glossa pretende particpio isolado, adjetivo verbal ou construao passiva completa."
ταπεινωθήσεται,5013,V-FIP-3S,Verbo - Futuro Indicativo Passiva - 3ª Pessoa Singular,será humilhado,"ele(a) será humilhado, será rebaixado",passiva_a_confirmar,revisar,"'V-FIP-3S' e passiva, porem a passiva nao esta explicita em 'será humilhado'.","Confirmar se a glossa pretende particpio isolado, adjetivo verbal ou construao passiva completa."
ἁλισθήσεται,233,V-FIP-3S,Verbo - Futuro Indicativo Passiva - 3ª Pessoa Singular,será salgado,"ele(a) será salgado, será temperado com sal",passiva_a_confirmar,revisar,"'V-FIP-3S' e passiva, porem a passiva nao esta explicita em 'será salgado'.","Confirmar se a glossa pretende particpio isolado, adjetivo verbal ou construao passiva completa."
ἀναχθέντες,321,V-APP-NMP,Verbo - Aoristo Particípio Passiva - Nominativo Masculino Plural,tendo conduzido,tendo conduzido,passiva_a_confirmar,revisar,"'V-APP-NMP' e passiva, porem a passiva nao esta explicita em 'tendo conduzido'.","Confirmar se a glossa pretende particpio isolado, adjetivo verbal ou construao passiva completa."
ἀποδοκιμασθῆναι,593,V-ANP,Verbo - Aoristo Infinitivo Passiva,rejeitar,"rejeitar, desaprovar, repudiar",passiva_sem_marca,alta,"'V-ANP' e passiva, mas 'pt' esta em infinitivo ativo: 'rejeitar'.","Revisar para uma forma passiva adequada, por exemplo 'ser + particpio', quando o contexto nao exigir outra soluao."
ἀποκαλυφθήσεται,601,V-FIP-3S,Verbo - Futuro Indicativo Passiva - 3ª Pessoa Singular,será revelado,"ele(a) será revelado, será descoberto",passiva_a_confirmar,revisar,"'V-FIP-3S' e passiva, porem a passiva nao esta explicita em 'será revelado'.","Confirmar se a glossa pretende particpio isolado, adjetivo verbal ou construao passiva completa."
ἀποκρίθητέ,611,V-AMP-2P,Verbo - Aoristo Imperativo Passiva - 2ª Pessoa Plural,respondei,vós respondei,passiva_a_confirmar,revisar,"'V-AMP-2P' e passiva, porem a passiva nao esta explicita em 'respondei'.","Confirmar se a glossa pretende particpio isolado, adjetivo verbal ou construao passiva completa."
γεννηθεὶς,1080,V-APP-NMS,Verbo - Aoristo Particípio Passiva - Nominativo Masculino Singular,tendo gerado,"tendo gerado, tendo dado à luz, tendo produzido.",passiva_a_confirmar,revisar,"'V-APP-NMS' e passiva, porem a passiva nao esta explicita em 'tendo gerado'.","Confirmar se a glossa pretende particpio isolado, adjetivo verbal ou construao passiva completa."
γεννηθῆναι,1080,V-ANP,Verbo - Aoristo Infinitivo Passiva,gerar,"gerar, dar à luz, produzir.",passiva_sem_marca,alta,"'V-ANP' e passiva, mas 'pt' esta em infinitivo ativo: 'gerar'.","Revisar para uma forma passiva adequada, por exemplo 'ser + particpio', quando o contexto nao exigir outra soluao."
δεήθητε,1189,V-AMP-2P,Verbo - Aoristo Imperativo Passiva - 2ª Pessoa Plural,suplicai,"suplicai vós, implorai",passiva_a_confirmar,revisar,"'V-AMP-2P' e passiva, porem a passiva nao esta explicita em 'suplicai'.","Confirmar se a glossa pretende particpio isolado, adjetivo verbal ou construao passiva completa."
δοθείσης,1325,V-APP-GFS,Verbo - Aoristo Particípio Passiva - Genitivo Feminino Singular,tendo dado,tendo dado,passiva_a_confirmar,revisar,"'V-APP-GFS' e passiva, porem a passiva nao esta explicita em 'tendo dado'.","Confirmar se a glossa pretende particpio isolado, adjetivo verbal ou construao passiva completa."
ἠδυνήθησαν,1410,V-AIP-3P,Verbo - Aoristo Indicativo Passiva - 3ª Pessoa Plural,foram podido,"eles(as) foram podido, foram sido capaz, foram conseguido",concordancia_participio,alta,Auxiliar plural com particpio aparentemente singular: 'foram podido'.,Revisar o numero do particpio; provavel forma plural: 'podidos'.
ἐντραπήσονται,1788,V-FIP-3P,Verbo - Futuro Indicativo Passiva - 3ª Pessoa Plural,serão respeitados,"eles(as) serão respeitados, serão envergonhados, serão reverenciados",passiva_a_confirmar,revisar,"'V-FIP-3P' e passiva, porem a passiva nao esta explicita em 'serão respeitados'.","Confirmar se a glossa pretende particpio isolado, adjetivo verbal ou construao passiva completa."
καθαρίσθητι,2511,V-AMP-2S,Verbo - Aoristo Imperativo Passiva - 2ª Pessoa Singular,sê limpo,"tu sê limpo, purificado",passiva_a_confirmar,revisar,"'V-AMP-2S' e passiva, porem a passiva nao esta explicita em 'sê limpo'.","Confirmar se a glossa pretende particpio isolado, adjetivo verbal ou construao passiva completa."
καταλυθήσεται,2647,V-FIP-3S,Verbo - Futuro Indicativo Passiva - 3ª Pessoa Singular,será destruído,"ele(a) será destruído, será dissolvido, será derrubado, será abolido",passiva_a_confirmar,revisar,"'V-FIP-3S' e passiva, porem a passiva nao esta explicita em 'será destruído'.","Confirmar se a glossa pretende particpio isolado, adjetivo verbal ou construao passiva completa."
ὁμοιωθήσεται,3666,V-FIP-3S,Verbo - Futuro Indicativo Passiva - 3ª Pessoa Singular,será semelhante,"ele(a) será semelhante, será comparado",passiva_a_confirmar,revisar,"'V-FIP-3S' e passiva, porem a passiva nao esta explicita em 'será semelhante'.","Confirmar se a glossa pretende particpio isolado, adjetivo verbal ou construao passiva completa."
παραδοθήσεται,3860,V-FIP-3S,Verbo - Futuro Indicativo Passiva - 3ª Pessoa Singular,será entregue,"ele(a) será entregue, será confiado, será transmitido",passiva_a_confirmar,revisar,"'V-FIP-3S' e passiva, porem a passiva nao esta explicita em 'será entregue'.","Confirmar se a glossa pretende particpio isolado, adjetivo verbal ou construao passiva completa."
περιτέμνεσθαι,4059,V-PNP,Verbo - Presente Infinitivo Passiva,circuncidar,circuncidar,passiva_sem_marca,alta,"'V-PNP' e passiva, mas 'pt' esta em infinitivo ativo: 'circuncidar'.","Revisar para uma forma passiva adequada, por exemplo 'ser + particpio', quando o contexto nao exigir outra soluao."
προστεθήσεται,4369,V-FIP-3S,Verbo - Futuro Indicativo Passiva - 3ª Pessoa Singular,será adicionado(a),"ele(a) será adicionado(a), será aumentado(a), será continuado(a), será prosseguido(a)",passiva_a_confirmar,revisar,"'V-FIP-3S' e passiva, porem a passiva nao esta explicita em 'será adicionado(a)'.","Confirmar se a glossa pretende particpio isolado, adjetivo verbal ou construao passiva completa."
σαλευθήσονται,4531,V-FIP-3P,Verbo - Futuro Indicativo Passiva - 3ª Pessoa Plural,serão sacudidos,"eles(as) serão sacudidos, serão movidos, serão perturbados",passiva_a_confirmar,revisar,"'V-FIP-3P' e passiva, porem a passiva nao esta explicita em 'serão sacudidos'.","Confirmar se a glossa pretende particpio isolado, adjetivo verbal ou construao passiva completa."
σβέννυται,4570,V-PIP-3S,Verbo - Presente Indicativo Passiva - 3ª Pessoa Singular,é apagado,"ele(a) é apagado, é extinguido",passiva_a_confirmar,revisar,"'V-PIP-3S' e passiva, porem a passiva nao esta explicita em 'é apagado'.","Confirmar se a glossa pretende particpio isolado, adjetivo verbal ou construao passiva completa."
σκανδαλισθήσονται,4624,V-FIP-3P,Verbo - Futuro Indicativo Passiva - 3ª Pessoa Plural,tropeçarão,"eles(as) tropeçarão, serão ofendidos, se escandalizarão",passiva_a_confirmar,revisar,"'V-FIP-3P' e passiva, porem a passiva nao esta explicita em 'tropeçarão'.","Confirmar se a glossa pretende particpio isolado, adjetivo verbal ou construao passiva completa."
σταυρωθῆναι,4717,V-ANP,Verbo - Aoristo Infinitivo Passiva,crucificar,"ser crucificado, pendurado numa cruz ou estaca",passiva_sem_marca,alta,"'V-ANP' e passiva, mas 'pt' esta em infinitivo ativo: 'crucificar'.","Revisar para uma forma passiva adequada, por exemplo 'ser + particpio', quando o contexto nao exigir outra soluao."
σωθήσῃ,4982,V-FIP-2S,Verbo - Futuro Indicativo Passiva - 2ª Pessoa Singular,serás salvado,tu serás salvado,passiva_a_confirmar,revisar,"'V-FIP-2S' e passiva, porem a passiva nao esta explicita em 'serás salvado'.","Confirmar se a glossa pretende particpio isolado, adjetivo verbal ou construao passiva completa."
ὑστερεῖσθαι,5302,V-PNM/P,Verbo - Presente Infinitivo Média ou Passiva,faltar,"faltar, ficar aquém, estar necessitado, falhar.",media_passiva_ambigua,revisar,'V-PNM/P' e media ou passiva e 'pt' e infinitivo ativo: 'faltar'.,"Decidir pelo contexto entre leitura media/reflexiva, passiva ou ativa idiomatica; nao corrigir automaticamente."
ὑψωθήσεται,5312,V-FIP-3S,Verbo - Futuro Indicativo Passiva - 3ª Pessoa Singular,será elevado,"ele(a) será elevado, será exaltado, será elevado alto",passiva_a_confirmar,revisar,"'V-FIP-3S' e passiva, porem a passiva nao esta explicita em 'será elevado'.","Confirmar se a glossa pretende particpio isolado, adjetivo verbal ou construao passiva completa."
φοβηθεὶς,5399,V-APP-NMS,Verbo - Aoristo Particípio Passiva - Nominativo Masculino Singular,tendo temido,"tendo temido, tendo ficado alarmado, tendo reverenciado",passiva_a_confirmar,revisar,"'V-APP-NMS' e passiva, porem a passiva nao esta explicita em 'tendo temido'.","Confirmar se a glossa pretende particpio isolado, adjetivo verbal ou construao passiva completa."
Ἄρθητι,142,V-AMP-2S,Verbo - Aoristo Imperativo Passiva - 2ª Pessoa Singular,és erguido,"tu és erguido, és levantado, és tomado, és carregado, és removido",passiva_a_confirmar,revisar,"'V-AMP-2S' e passiva, porem a passiva nao esta explicita em 'és erguido'.","Confirmar se a glossa pretende particpio isolado, adjetivo verbal ou construao passiva completa."
ἀλλαγησόμεθα,236,V-FIP-1P,Verbo - Futuro Indicativo Passiva - 1ª Pessoa Plural,seremos mudado,"nós seremos mudado, seremos trocado, seremos transformado",concordancia_participio,alta,Auxiliar plural com particpio aparentemente singular: 'seremos mudado'.,Revisar o numero do particpio; provavel forma plural: 'mudados'.
ἀνάγεσθαι,321,V-PNM/P,Verbo - Presente Infinitivo Média ou Passiva,conduzir,conduzir,media_passiva_ambigua,revisar,'V-PNM/P' e media ou passiva e 'pt' e infinitivo ativo: 'conduzir'.,"Decidir pelo contexto entre leitura media/reflexiva, passiva ou ativa idiomatica; nao corrigir automaticamente."
ἀναχθῆναι,321,V-ANP,Verbo - Aoristo Infinitivo Passiva,conduzir,conduzir,passiva_sem_marca,alta,"'V-ANP' e passiva, mas 'pt' esta em infinitivo ativo: 'conduzir'.","Revisar para uma forma passiva adequada, por exemplo 'ser + particpio', quando o contexto nao exigir outra soluao."
ἀναιρεθῆναι,337,V-ANP,Verbo - Aoristo Infinitivo Passiva,tomar,"tomar, matar, abolir, destruir",passiva_sem_marca,alta,"'V-ANP' e passiva, mas 'pt' esta em infinitivo ativo: 'tomar'.","Revisar para uma forma passiva adequada, por exemplo 'ser + particpio', quando o contexto nao exigir outra soluao."
ἀναστρέφεσθαι,390,V-PNM/P,Verbo - Presente Infinitivo Média ou Passiva,conduzir,"conduzir, viver, comportar, voltar, derrubar.",media_passiva_ambigua,revisar,'V-PNM/P' e media ou passiva e 'pt' e infinitivo ativo: 'conduzir'.,"Decidir pelo contexto entre leitura media/reflexiva, passiva ou ativa idiomatica; nao corrigir automaticamente."
ἀνεστράφημέν,390,V-AIP-1P,Verbo - Aoristo Indicativo Passiva - 1ª Pessoa Plural,fomos conduzido,"nós fomos conduzido, fomos vivido, fomos comportado, fomos voltado, fomos derrubado.",concordancia_participio,alta,Auxiliar plural com particpio aparentemente singular: 'fomos conduzido'.,Revisar o numero do particpio; provavel forma plural: 'conduzidos'.
ἀνταποδοθήσεται,467,V-FIP-3S,Verbo - Futuro Indicativo Passiva - 3ª Pessoa Singular,será retribuído,"ele(a) será retribuído, será recompensado, será rendido, será retribuído.",passiva_a_confirmar,revisar,"'V-FIP-3S' e passiva, porem a passiva nao esta explicita em 'será retribuído'.","Confirmar se a glossa pretende particpio isolado, adjetivo verbal ou construao passiva completa."
ἀποδοθῆναι,591,V-ANP,Verbo - Aoristo Infinitivo Passiva,retribuir,"retribuir, devolver, render",passiva_sem_marca,alta,"'V-ANP' e passiva, mas 'pt' esta em infinitivo ativo: 'retribuir'.","Revisar para uma forma passiva adequada, por exemplo 'ser + particpio', quando o contexto nao exigir outra soluao."
ἀπολογεῖσθαι,626,V-PNM/P,Verbo - Presente Infinitivo Média ou Passiva,defender,"defender, fazer uma defesa, prestar contas",media_passiva_ambigua,revisar,'V-PNM/P' e media ou passiva e 'pt' e infinitivo ativo: 'defender'.,"Decidir pelo contexto entre leitura media/reflexiva, passiva ou ativa idiomatica; nao corrigir automaticamente."
βλήθητι,906,V-AMP-2S,Verbo - Aoristo Imperativo Passiva - 2ª Pessoa Singular,sejas lançado,"tu sejas lançado, colocado, deitado",passiva_a_confirmar,revisar,"'V-AMP-2S' e passiva, porem a passiva nao esta explicita em 'sejas lançado'.","Confirmar se a glossa pretende particpio isolado, adjetivo verbal ou construao passiva completa."
βασανισθήσονται,928,V-FIP-3P,Verbo - Futuro Indicativo Passiva - 3ª Pessoa Plural,serão torturados,eles(as) serão torturados,passiva_a_confirmar,revisar,"'V-FIP-3P' e passiva, porem a passiva nao esta explicita em 'serão torturados'.","Confirmar se a glossa pretende particpio isolado, adjetivo verbal ou construao passiva completa."
βούλεται,1014,V-PIM/P-3S,Verbo - Presente Indicativo Média ou Passiva - 3ª Pessoa Singular,quer,"ele(a) quer, deseja, tem intenção",media_passiva_ambigua,revisar,'V-PIM/P-3S' e media ou passiva e 'pt' e infinitivo ativo: 'quer'.,"Decidir pelo contexto entre leitura media/reflexiva, passiva ou ativa idiomatica; nao corrigir automaticamente."
δαιμονισθείς,1139,V-APP-NMS,Verbo - Aoristo Particípio Passiva - Nominativo Masculino Singular,tendo estado endemoniado,"tendo sido estado possuído por um demônio, tendo sido estado sob o poder de um demônio.",passiva_a_confirmar,revisar,"'V-APP-NMS' e passiva, porem a passiva nao esta explicita em 'tendo estado endemoniado'.","Confirmar se a glossa pretende particpio isolado, adjetivo verbal ou construao passiva completa."
δαρήσεται,1194,V-FIP-3S,Verbo - Futuro Indicativo Passiva - 3ª Pessoa Singular,será batido,"ele(a) será batido, será atacado, será flagelado",passiva_a_confirmar,revisar,"'V-FIP-3S' e passiva, porem a passiva nao esta explicita em 'será batido'.","Confirmar se a glossa pretende particpio isolado, adjetivo verbal ou construao passiva completa."
δεθῆναι,1210,V-ANP,Verbo - Aoristo Infinitivo Passiva,amarrar,"amarrar, prender",passiva_sem_marca,alta,"'V-ANP' e passiva, mas 'pt' esta em infinitivo ativo: 'amarrar'.","Revisar para uma forma passiva adequada, por exemplo 'ser + particpio', quando o contexto nao exigir outra soluao."
διακονηθῆναι,1247,V-ANP,Verbo - Aoristo Infinitivo Passiva,servir,"servir, ministrar, atender",passiva_sem_marca,alta,"'V-ANP' e passiva, mas 'pt' esta em infinitivo ativo: 'servir'.","Revisar para uma forma passiva adequada, por exemplo 'ser + particpio', quando o contexto nao exigir outra soluao."
διασκορπισθήσονται,1287,V-FIP-3P,Verbo - Futuro Indicativo Passiva - 3ª Pessoa Plural,serão espalhado,"eles(as) serão espalhado, serão dispersado, serão desperdiçado",passiva_a_confirmar,revisar,"'V-FIP-3P' e passiva, porem a passiva nao esta explicita em 'serão espalhado'.","Confirmar se a glossa pretende particpio isolado, adjetivo verbal ou construao passiva completa."
ἐδόθησαν,1325,V-AIP-3P,Verbo - Aoristo Indicativo Passiva - 3ª Pessoa Plural,foram dado,"eles(as) foram dado, foram concedido, foram doado",concordancia_participio,alta,Auxiliar plural com particpio aparentemente singular: 'foram dado'.,Revisar o numero do particpio; provavel forma plural: 'dados'.
διέρχεσθαι,1330,V-PNM/P,Verbo - Presente Infinitivo Média ou Passiva,passar,"passar, viajar",media_passiva_ambigua,revisar,'V-PNM/P' e media ou passiva e 'pt' e infinitivo ativo: 'passar'.,"Decidir pelo contexto entre leitura media/reflexiva, passiva ou ativa idiomatica; nao corrigir automaticamente."
δικαιωθήσεται,1344,V-FIP-3S,Verbo - Futuro Indicativo Passiva - 3ª Pessoa Singular,será justificado,"ele(a) será justificado, será declarado justo, será absolvido",passiva_a_confirmar,revisar,"'V-FIP-3S' e passiva, porem a passiva nao esta explicita em 'será justificado'.","Confirmar se a glossa pretende particpio isolado, adjetivo verbal ou construao passiva completa."
δικαιωθῆναι,1344,V-ANP,Verbo - Aoristo Infinitivo Passiva,justificar,"justificar, declarar justo, absolver",passiva_sem_marca,alta,"'V-ANP' e passiva, mas 'pt' esta em infinitivo ativo: 'justificar'.","Revisar para uma forma passiva adequada, por exemplo 'ser + particpio', quando o contexto nao exigir outra soluao."
δικαιωθῶμεν,1344,V-ASP-1P,Verbo - Aoristo Subjuntivo Passiva - 1ª Pessoa Plural,sejamos justificado,"nós sejamos justificado, sejamos declarado justo, sejamos absolvido",concordancia_participio,alta,Auxiliar plural com particpio aparentemente singular: 'sejamos justificado'.,Revisar o numero do particpio; provavel forma plural: 'justificados'.
διορυχθῆναι,1358,V-ANP,Verbo - Aoristo Infinitivo Passiva,cavar,"cavar, romper",passiva_sem_marca,alta,"'V-ANP' e passiva, mas 'pt' esta em infinitivo ativo: 'cavar'.","Revisar para uma forma passiva adequada, por exemplo 'ser + particpio', quando o contexto nao exigir outra soluao."
δοξάζεται,1392,V-PIP-3S,Verbo - Presente Indicativo Passiva - 3ª Pessoa Singular,é glorificado,"ele(a) é glorificado, é honrado, é louvado",passiva_a_confirmar,revisar,"'V-PIP-3S' e passiva, porem a passiva nao esta explicita em 'é glorificado'.","Confirmar se a glossa pretende particpio isolado, adjetivo verbal ou construao passiva completa."
ἠδυνήθημεν,1410,V-AIP-1P,Verbo - Aoristo Indicativo Passiva - 1ª Pessoa Plural,fomos sido capaz,"nós fomos sido capaz, fomos tido poder",concordancia_participio,alta,Auxiliar plural com particpio aparentemente singular: 'fomos sido'.,Revisar o numero do particpio; provavel forma plural: 'sidos'.
ἠδυνήθημεν,1410,V-AIP-1P,Verbo - Aoristo Indicativo Passiva - 1ª Pessoa Plural,fomos sido capaz,"nós fomos sido capaz, fomos tido poder",construao_inadequada,alta,Construo inadequada: 'fomos sido'.,"Reescrever com forma idiomatica, por exemplo 'fomos capazes' ou 'pudemos'."
ἠγέρθησαν,1453,V-AIP-3P,Verbo - Aoristo Indicativo Passiva - 3ª Pessoa Plural,foram levantado,"eles(as) foram levantado, foram despertado",concordancia_participio,alta,Auxiliar plural com particpio aparentemente singular: 'foram levantado'.,Revisar o numero do particpio; provavel forma plural: 'levantados'.
εἰσάγεσθαι,1521,V-PNM/P,Verbo - Presente Infinitivo Média ou Passiva,trazer,"trazer, liderar, apresentar",media_passiva_ambigua,revisar,'V-PNM/P' e media ou passiva e 'pt' e infinitivo ativo: 'trazer'.,"Decidir pelo contexto entre leitura media/reflexiva, passiva ou ativa idiomatica; nao corrigir automaticamente."
ἐξεθαμβήθησαν,1568,V-AIP-3P,Verbo - Aoristo Indicativo Passiva - 3ª Pessoa Plural,foram ficado muito surpreso,"eles(as) foram ficado muito surpreso, foram ficado surpreso, foram ficado alarmado",concordancia_participio,alta,Auxiliar plural com particpio aparentemente singular: 'foram ficado'.,Revisar o numero do particpio; provavel forma plural: 'ficados'.
ἐξεθαμβήθησαν,1568,V-AIP-3P,Verbo - Aoristo Indicativo Passiva - 3ª Pessoa Plural,foram ficado muito surpreso,"eles(as) foram ficado muito surpreso, foram ficado surpreso, foram ficado alarmado",construao_inadequada,alta,Construo inadequada: 'foram ficado'.,"Reescrever com forma idiomatica, por exemplo 'ficaram' ou 'tornaram-se'."
ἐκπορεύεσθαι,1607,V-PNM/P,Verbo - Presente Infinitivo Média ou Passiva,sair,"sair, prosseguir",media_passiva_ambigua,revisar,'V-PNM/P' e media ou passiva e 'pt' e infinitivo ativo: 'sair'.,"Decidir pelo contexto entre leitura media/reflexiva, passiva ou ativa idiomatica; nao corrigir automaticamente."
ἐξετράπησαν,1624,V-AIP-3P,Verbo - Aoristo Indicativo Passiva - 3ª Pessoa Plural,foram desviado,"eles(as) foram desviado, foram evitado",concordancia_participio,alta,Auxiliar plural com particpio aparentemente singular: 'foram desviado'.,Revisar o numero do particpio; provavel forma plural: 'desviados'.
ἐνευλογηθήσονται,1757,V-FIP-3P,Verbo - Futuro Indicativo Passiva - 3ª Pessoa Plural,serão abençoado,"eles(as) serão abençoado, serão invocado uma bênção sobre",passiva_a_confirmar,revisar,"'V-FIP-3P' e passiva, porem a passiva nao esta explicita em 'serão abençoado'.","Confirmar se a glossa pretende particpio isolado, adjetivo verbal ou construao passiva completa."
ἐντελεῖται,1781,V-FIP-3S,Verbo - Futuro Indicativo Passiva - 3ª Pessoa Singular,será comandado,"ele(a) será comandado, será ordenado, será cobrado",passiva_a_confirmar,revisar,"'V-FIP-3S' e passiva, porem a passiva nao esta explicita em 'será comandado'.","Confirmar se a glossa pretende particpio isolado, adjetivo verbal ou construao passiva completa."
ἐπαισχυνθήσεται,1870,V-FIP-3S,Verbo - Futuro Indicativo Passiva - 3ª Pessoa Singular,será tido vergonha,"ele(a) será tido vergonha, será sentido vergonha",passiva_a_confirmar,revisar,"'V-FIP-3S' e passiva, porem a passiva nao esta explicita em 'será tido vergonha'.","Confirmar se a glossa pretende particpio isolado, adjetivo verbal ou construao passiva completa."
εὑρέθησαν,2147,V-AIP-3P,Verbo - Aoristo Indicativo Passiva - 3ª Pessoa Plural,foram encontrado,"eles(as) foram encontrado, foram descoberto, foram obtido",concordancia_participio,alta,Auxiliar plural com particpio aparentemente singular: 'foram encontrado'.,Revisar o numero do particpio; provavel forma plural: 'encontrados'.
ἰάθητε,2390,V-AIP-2P,Verbo - Aoristo Indicativo Passiva - 2ª Pessoa Plural,fostes curado,"vós fostes curado, fostes restaurado",concordancia_participio,alta,Auxiliar plural com particpio aparentemente singular: 'fostes curado'.,Revisar o numero do particpio; provavel forma plural: 'curados'.
ἰᾶσθαι,2390,V-PNM/P,Verbo - Presente Infinitivo Média ou Passiva,curar,"curar, restaurar",media_passiva_ambigua,revisar,'V-PNM/P' e media ou passiva e 'pt' e infinitivo ativo: 'curar'.,"Decidir pelo contexto entre leitura media/reflexiva, passiva ou ativa idiomatica; nao corrigir automaticamente."
ἐκαθαρίσθησαν,2511,V-AIP-3P,Verbo - Aoristo Indicativo Passiva - 3ª Pessoa Plural,foram limpado,"eles(as) foram limpado, foram purificado",concordancia_participio,alta,Auxiliar plural com particpio aparentemente singular: 'foram limpado'.,Revisar o numero do particpio; provavel forma plural: 'limpados'.
καθῆσθαι,2521,V-PNM/P,Verbo - Presente Infinitivo Média ou Passiva,sentar,"sentar, estar sentado, habitar",media_passiva_ambigua,revisar,'V-PNM/P' e media ou passiva e 'pt' e infinitivo ativo: 'sentar'.,"Decidir pelo contexto entre leitura media/reflexiva, passiva ou ativa idiomatica; nao corrigir automaticamente."
κληθήσονται,2564,V-FIP-3P,Verbo - Futuro Indicativo Passiva - 3ª Pessoa Plural,serão chamados,"eles(as) serão chamados, serão nomeados, serão convidados",passiva_a_confirmar,revisar,"'V-FIP-3P' e passiva, porem a passiva nao esta explicita em 'serão chamados'.","Confirmar se a glossa pretende particpio isolado, adjetivo verbal ou construao passiva completa."
κληθήσῃ,2564,V-FIP-2S,Verbo - Futuro Indicativo Passiva - 2ª Pessoa Singular,serás chamado,"tu serás chamado, serás nomeado, serás convidado",passiva_a_confirmar,revisar,"'V-FIP-2S' e passiva, porem a passiva nao esta explicita em 'serás chamado'.","Confirmar se a glossa pretende particpio isolado, adjetivo verbal ou construao passiva completa."
κληθῆτε,2564,V-ASP-2P,Verbo - Aoristo Subjuntivo Passiva - 2ª Pessoa Plural,sejais chamado,"vós sejais chamado, sejais nomeado, sejais convidado",concordancia_participio,alta,Auxiliar plural com particpio aparentemente singular: 'sejais chamado'.,Revisar o numero do particpio; provavel forma plural: 'chamados'.
κληθῇς,2564,V-ASP-2S,Verbo - Aoristo Subjuntivo Passiva - 2ª Pessoa Singular,sejas chamado,"tu sejas chamado, sejas nomeado, sejas convidado",passiva_a_confirmar,revisar,"'V-ASP-2S' e passiva, porem a passiva nao esta explicita em 'sejas chamado'.","Confirmar se a glossa pretende particpio isolado, adjetivo verbal ou construao passiva completa."
κατακεῖσθαι,2621,V-PNM/P,Verbo - Presente Infinitivo Média ou Passiva,deitar,"deitar, situar",media_passiva_ambigua,revisar,'V-PNM/P' e media ou passiva e 'pt' e infinitivo ativo: 'deitar'.,"Decidir pelo contexto entre leitura media/reflexiva, passiva ou ativa idiomatica; nao corrigir automaticamente."
καταργηθήσεται,2673,V-FIP-3S,Verbo - Futuro Indicativo Passiva - 3ª Pessoa Singular,será abolido,"ele(a) será abolido, será anulado, será tornado ineficaz, será posto fim",passiva_a_confirmar,revisar,"'V-FIP-3S' e passiva, porem a passiva nao esta explicita em 'será abolido'.","Confirmar se a glossa pretende particpio isolado, adjetivo verbal ou construao passiva completa."
κηρυχθήσεται,2784,V-FIP-3S,Verbo - Futuro Indicativo Passiva - 3ª Pessoa Singular,será proclamado,"ele(a) será proclamado, será pregado, será anunciado",passiva_a_confirmar,revisar,"'V-FIP-3S' e passiva, porem a passiva nao esta explicita em 'será proclamado'.","Confirmar se a glossa pretende particpio isolado, adjetivo verbal ou construao passiva completa."
κηρυχθῆναι,2784,V-ANP,Verbo - Aoristo Infinitivo Passiva,proclamar,"proclamar, pregar, anunciar",passiva_sem_marca,alta,"'V-ANP' e passiva, mas 'pt' esta em infinitivo ativo: 'proclamar'.","Revisar para uma forma passiva adequada, por exemplo 'ser + particpio', quando o contexto nao exigir outra soluao."
ἐκοιμήθησαν,2837,V-AIP-3P,Verbo - Aoristo Indicativo Passiva - 3ª Pessoa Plural,foram dormido,"eles(as) foram dormido, foram adormecido, foram morrido",concordancia_participio,alta,Auxiliar plural com particpio aparentemente singular: 'foram dormido'.,Revisar o numero do particpio; provavel forma plural: 'dormidos'.
ἐκρίθησαν,2919,V-AIP-3P,Verbo - Aoristo Indicativo Passiva - 3ª Pessoa Plural,foram julgado,"eles(as) foram julgado, foram decidido, foram determinado",concordancia_participio,alta,Auxiliar plural com particpio aparentemente singular: 'foram julgado'.,Revisar o numero do particpio; provavel forma plural: 'julgados'.
κρυβῆναι,2928,V-ANP,Verbo - Aoristo Infinitivo Passiva,esconder,"esconder, manter segredo",passiva_sem_marca,alta,"'V-ANP' e passiva, mas 'pt' esta em infinitivo ativo: 'esconder'.","Revisar para uma forma passiva adequada, por exemplo 'ser + particpio', quando o contexto nao exigir outra soluao."
κτᾶσθαι,2932,V-PNM/P,Verbo - Presente Infinitivo Média ou Passiva,adquirir,"adquirir, obter, possuir",media_passiva_ambigua,revisar,'V-PNM/P' e media ou passiva e 'pt' e infinitivo ativo: 'adquirir'.,"Decidir pelo contexto entre leitura media/reflexiva, passiva ou ativa idiomatica; nao corrigir automaticamente."
λαληθῆναι,2980,V-ANP,Verbo - Aoristo Infinitivo Passiva,falar,"falar, proferir",passiva_sem_marca,alta,"'V-ANP' e passiva, mas 'pt' esta em infinitivo ativo: 'falar'.","Revisar para uma forma passiva adequada, por exemplo 'ser + particpio', quando o contexto nao exigir outra soluao."
λογισθῆναι,3049,V-ANP,Verbo - Aoristo Infinitivo Passiva,calcular,"calcular, considerar, contabilizar, pensar, imputar.",passiva_sem_marca,alta,"'V-ANP' e passiva, mas 'pt' esta em infinitivo ativo: 'calcular'.","Revisar para uma forma passiva adequada, por exemplo 'ser + particpio', quando o contexto nao exigir outra soluao."
λυπεῖσθαι,3076,V-PNM/P,Verbo - Presente Infinitivo Média ou Passiva,lamentar,"lamentar, causar tristeza, angustiar",media_passiva_ambigua,revisar,'V-PNM/P' e media ou passiva e 'pt' e infinitivo ativo: 'lamentar'.,"Decidir pelo contexto entre leitura media/reflexiva, passiva ou ativa idiomatica; nao corrigir automaticamente."
ἐλυπήθησαν,3076,V-AIP-3P,Verbo - Aoristo Indicativo Passiva - 3ª Pessoa Plural,foram lamentado,"eles(as) foram lamentado, foram causado tristeza, foram angustiado",concordancia_participio,alta,Auxiliar plural com particpio aparentemente singular: 'foram lamentado'.,Revisar o numero do particpio; provavel forma plural: 'lamentados'.
λυθήσεται,3089,V-FIP-3S,Verbo - Futuro Indicativo Passiva - 3ª Pessoa Singular,será soltado,"ele(a) será soltado, será liberado, será dissolvido, será quebrado, será destruído",passiva_a_confirmar,revisar,"'V-FIP-3S' e passiva, porem a passiva nao esta explicita em 'será soltado'.","Confirmar se a glossa pretende particpio isolado, adjetivo verbal ou construao passiva completa."
μετρηθήσεται,3354,V-FIP-3S,Verbo - Futuro Indicativo Passiva - 3ª Pessoa Singular,será medido,"ele(a) será medido, será estimado",passiva_a_confirmar,revisar,"'V-FIP-3S' e passiva, porem a passiva nao esta explicita em 'será medido'.","Confirmar se a glossa pretende particpio isolado, adjetivo verbal ou construao passiva completa."
μιμεῖσθαι,3401,V-PNM/P,Verbo - Presente Infinitivo Média ou Passiva,imitar,"imitar, seguir",media_passiva_ambigua,revisar,'V-PNM/P' e media ou passiva e 'pt' e infinitivo ativo: 'imitar'.,"Decidir pelo contexto entre leitura media/reflexiva, passiva ou ativa idiomatica; nao corrigir automaticamente."
μνήσθητί,3403,V-AMP-2S,Verbo - Aoristo Imperativo Passiva - 2ª Pessoa Singular,és lembrado,"tu és lembrado, és estado atento",passiva_a_confirmar,revisar,"'V-AMP-2S' e passiva, porem a passiva nao esta explicita em 'és lembrado'.","Confirmar se a glossa pretende particpio isolado, adjetivo verbal ou construao passiva completa."
παραδίδοσθαι,3860,V-PNM/P,Verbo - Presente Infinitivo Média ou Passiva,entregar,"entregar, trair, confiar",media_passiva_ambigua,revisar,'V-PNM/P' e media ou passiva e 'pt' e infinitivo ativo: 'entregar'.,"Decidir pelo contexto entre leitura media/reflexiva, passiva ou ativa idiomatica; nao corrigir automaticamente."
παραδοθῆναι,3860,V-ANP,Verbo - Aoristo Infinitivo Passiva,entregar,"entregar, trair, confiar",passiva_sem_marca,alta,"'V-ANP' e passiva, mas 'pt' esta em infinitivo ativo: 'entregar'.","Revisar para uma forma passiva adequada, por exemplo 'ser + particpio', quando o contexto nao exigir outra soluao."
παρεκλήθημεν,3870,V-AIP-1P,Verbo - Aoristo Indicativo Passiva - 1ª Pessoa Plural,fomos chamado para o seu lado,"nós fomos chamado para o seu lado, fomos exortado, fomos encorajado, fomos confortado",concordancia_participio,alta,Auxiliar plural com particpio aparentemente singular: 'fomos chamado'.,Revisar o numero do particpio; provavel forma plural: 'chamados'.
παραλημφθήσεται,3880,V-FIP-3S,Verbo - Futuro Indicativo Passiva - 3ª Pessoa Singular,será levado,"ele(a) será levado, será recebido, será levado junto, será aceitado",passiva_a_confirmar,revisar,"'V-FIP-3S' e passiva, porem a passiva nao esta explicita em 'será levado'.","Confirmar se a glossa pretende particpio isolado, adjetivo verbal ou construao passiva completa."
πείθεσθαι,3982,V-PNM/P,Verbo - Presente Infinitivo Média ou Passiva,persuadir,"persuadir, convencer, confiar, ter confiança",media_passiva_ambigua,revisar,'V-PNM/P' e media ou passiva e 'pt' e infinitivo ativo: 'persuadir'.,"Decidir pelo contexto entre leitura media/reflexiva, passiva ou ativa idiomatica; nao corrigir automaticamente."
ἐπείσθησαν,3982,V-AIP-3P,Verbo - Aoristo Indicativo Passiva - 3ª Pessoa Plural,foram persuadido,"eles(as) foram persuadido, foram convencido, foram confiado, foram tido confiança",concordancia_participio,alta,Auxiliar plural com particpio aparentemente singular: 'foram persuadido'.,Revisar o numero do particpio; provavel forma plural: 'persuadidos'.
περισσευθήσεται,4052,V-FIP-3S,Verbo - Futuro Indicativo Passiva - 3ª Pessoa Singular,será sobrado,"ele(a) será sobrado, será abundado, será transbordado, será excedido",passiva_a_confirmar,revisar,"'V-FIP-3S' e passiva, porem a passiva nao esta explicita em 'será sobrado'.","Confirmar se a glossa pretende particpio isolado, adjetivo verbal ou construao passiva completa."
πλανῆσαι,4105,V-PNM/P,Verbo - Presente Infinitivo Média ou Passiva,desviar,"desviar, enganar, fazer vagar",media_passiva_ambigua,revisar,'V-PNM/P' e media ou passiva e 'pt' e infinitivo ativo: 'desviar'.,"Decidir pelo contexto entre leitura media/reflexiva, passiva ou ativa idiomatica; nao corrigir automaticamente."
ἐπλανήθησαν,4105,V-AIP-3P,Verbo - Aoristo Indicativo Passiva - 3ª Pessoa Plural,foram desviado,"eles(as) foram desviado, foram enganado, foram feito vagar",concordancia_participio,alta,Auxiliar plural com particpio aparentemente singular: 'foram desviado'.,Revisar o numero do particpio; provavel forma plural: 'desviados'.
πληρωθῆναι,4137,V-ANP,Verbo - Aoristo Infinitivo Passiva,preencher,"preencher, completar, cumprir",passiva_sem_marca,alta,"'V-ANP' e passiva, mas 'pt' esta em infinitivo ativo: 'preencher'.","Revisar para uma forma passiva adequada, por exemplo 'ser + particpio', quando o contexto nao exigir outra soluao."
πληρωθῆτε,4137,V-ASP-2P,Verbo - Aoristo Subjuntivo Passiva - 2ª Pessoa Plural,sejais preenchido,"vós sejais preenchido, sejais completado, sejais cumprido",concordancia_participio,alta,Auxiliar plural com particpio aparentemente singular: 'sejais preenchido'.,Revisar o numero do particpio; provavel forma plural: 'preenchidos'.
πορευθῆναι,4198,V-ANP,Verbo - Aoristo Infinitivo Passiva,ir,"ir, prosseguir, viajar",passiva_a_confirmar,revisar,"'V-ANP' e passiva, porem a passiva nao esta explicita em 'ir'.","Confirmar se a glossa pretende particpio isolado, adjetivo verbal ou construao passiva completa."
προπεμφθῆναι,4311,V-ANP,Verbo - Aoristo Infinitivo Passiva,enviar,"enviar, acompanhar, escoltar",passiva_sem_marca,alta,"'V-ANP' e passiva, mas 'pt' esta em infinitivo ativo: 'enviar'.","Revisar para uma forma passiva adequada, por exemplo 'ser + particpio', quando o contexto nao exigir outra soluao."
προσκολληθήσεται,4347,V-FIP-3S,Verbo - Futuro Indicativo Passiva - 3ª Pessoa Singular,será unido estreitamente,"ele(a) será unido estreitamente, será apegado, será aderido",passiva_a_confirmar,revisar,"'V-FIP-3S' e passiva, porem a passiva nao esta explicita em 'será unido estreitamente'.","Confirmar se a glossa pretende particpio isolado, adjetivo verbal ou construao passiva completa."
σαλευθῆναι,4531,V-ANP,Verbo - Aoristo Infinitivo Passiva,sacudir,"sacudir, mover, perturbar, ficar inquieto",passiva_sem_marca,alta,"'V-ANP' e passiva, mas 'pt' esta em infinitivo ativo: 'sacudir'.","Revisar para uma forma passiva adequada, por exemplo 'ser + particpio', quando o contexto nao exigir outra soluao."
σκανδαλισθήσεσθε,4624,V-FIP-2P,Verbo - Futuro Indicativo Passiva - 2ª Pessoa Plural,tropeçareis,"vós tropeçareis, sereis ofendidos, se escandalizarão",passiva_a_confirmar,revisar,"'V-FIP-2P' e passiva, porem a passiva nao esta explicita em 'tropeçareis'.","Confirmar se a glossa pretende particpio isolado, adjetivo verbal ou construao passiva completa."
σκανδαλισθῇ,4624,V-ASP-3S,Verbo - Aoristo Subjuntivo Passiva - 3ª Pessoa Singular,tropece,"ele(a) tropece, seja ofendido, se escandalize",passiva_a_confirmar,revisar,"'V-ASP-3S' e passiva, porem a passiva nao esta explicita em 'tropece'.","Confirmar se a glossa pretende particpio isolado, adjetivo verbal ou construao passiva completa."
σκοτισθήσεται,4654,V-FIP-3S,Verbo - Futuro Indicativo Passiva - 3ª Pessoa Singular,será escurecido,"ele(a) será escurecido, será obscurecido",passiva_a_confirmar,revisar,"'V-FIP-3S' e passiva, porem a passiva nao esta explicita em 'será escurecido'.","Confirmar se a glossa pretende particpio isolado, adjetivo verbal ou construao passiva completa."
Σταυρωθήτω,4717,V-AMP-3S,Verbo - Aoristo Imperativo Passiva - 3ª Pessoa Singular,é crucificado,ele(a) é crucificado,passiva_a_confirmar,revisar,"'V-AMP-3S' e passiva, porem a passiva nao esta explicita em 'é crucificado'.","Confirmar se a glossa pretende particpio isolado, adjetivo verbal ou construao passiva completa."
συναχθήσονται,4863,V-FIP-3P,Verbo - Futuro Indicativo Passiva - 3ª Pessoa Plural,serão reunido,eles(as) serão reunido,passiva_a_confirmar,revisar,"'V-FIP-3P' e passiva, porem a passiva nao esta explicita em 'serão reunido'.","Confirmar se a glossa pretende particpio isolado, adjetivo verbal ou construao passiva completa."
συναχθῆναι,4863,V-ANP,Verbo - Aoristo Infinitivo Passiva,reunir,reunir,passiva_sem_marca,alta,"'V-ANP' e passiva, mas 'pt' esta em infinitivo ativo: 'reunir'.","Revisar para uma forma passiva adequada, por exemplo 'ser + particpio', quando o contexto nao exigir outra soluao."
συνηγέρθητε,4891,V-AIP-2P,Verbo - Aoristo Indicativo Passiva - 2ª Pessoa Plural,fostes criado juntos,"vós fostes criado juntos, fostes despertado juntos",concordancia_participio,alta,Auxiliar plural com particpio aparentemente singular: 'fostes criado'.,Revisar o numero do particpio; provavel forma plural: 'criados'.
συνθλασθήσεται,4917,V-FIP-3S,Verbo - Futuro Indicativo Passiva - 3ª Pessoa Singular,será esmagado,"ele(a) será esmagado, será quebrado, será quebrado em pedaços.",passiva_a_confirmar,revisar,"'V-FIP-3S' e passiva, porem a passiva nao esta explicita em 'será esmagado'.","Confirmar se a glossa pretende particpio isolado, adjetivo verbal ou construao passiva completa."
συντελεῖσθαι,4931,V-PNM/P,Verbo - Presente Infinitivo Média ou Passiva,completar,"completar, realizar, pôr fim",media_passiva_ambigua,revisar,'V-PNM/P' e media ou passiva e 'pt' e infinitivo ativo: 'completar'.,"Decidir pelo contexto entre leitura media/reflexiva, passiva ou ativa idiomatica; nao corrigir automaticamente."
ἐσφραγίσθητε,4972,V-AIP-2P,Verbo - Aoristo Indicativo Passiva - 2ª Pessoa Plural,fostes selado,"vós fostes selados, fostes colocado um selo, fostes marcado com um selo",concordancia_participio,alta,Auxiliar plural com particpio aparentemente singular: 'fostes selado'.,Revisar o numero do particpio; provavel forma plural: 'selados'.
σωθησόμεθα,4982,V-FIP-1P,Verbo - Futuro Indicativo Passiva - 1ª Pessoa Plural,seremos salvado,"nós seremos salvado, seremos resgatado, seremos libertado, seremos curado, seremos preservado",concordancia_participio,alta,Auxiliar plural com particpio aparentemente singular: 'seremos salvado'.,Revisar o numero do particpio; provavel forma plural: 'salvados'.
ἐτέθησαν,5087,V-AIP-3P,Verbo - Aoristo Indicativo Passiva - 3ª Pessoa Plural,foram colocado,"eles(as) foram colocado, foram nomeado, foram estabelecido",concordancia_participio,alta,Auxiliar plural com particpio aparentemente singular: 'foram colocado'.,Revisar o numero do particpio; provavel forma plural: 'colocados'.
ὑψωθήσῃ,5312,V-FIP-2S,Verbo - Futuro Indicativo Passiva - 2ª Pessoa Singular,serás elevado,"tu serás elevado, serás exaltado, serás elevado alto",passiva_a_confirmar,revisar,"'V-FIP-2S' e passiva, porem a passiva nao esta explicita em 'serás elevado'.","Confirmar se a glossa pretende particpio isolado, adjetivo verbal ou construao passiva completa."
ὑψωθῆναι,5312,V-ANP,Verbo - Aoristo Infinitivo Passiva,elevar,"elevar, exaltar, elevar alto",passiva_sem_marca,alta,"'V-ANP' e passiva, mas 'pt' esta em infinitivo ativo: 'elevar'.","Revisar para uma forma passiva adequada, por exemplo 'ser + particpio', quando o contexto nao exigir outra soluao."
φανῶσιν,5316,V-ASP-3P,Verbo - Aoristo Subjuntivo Passiva - 3ª Pessoa Plural,sejam mostrado,"eles(as) sejam mostrado, sejam feito aparecer, sejam aparecido, sejam brilhado, sejam manifestado",concordancia_participio,alta,Auxiliar plural com particpio aparentemente singular: 'sejam mostrado'.,Revisar o numero do particpio; provavel forma plural: 'mostrados'.
φανερωθῆναι,5319,V-ANP,Verbo - Aoristo Infinitivo Passiva,tornar manifesto,"tornar manifesto, revelar, dar a conhecer, mostrar abertamente.",passiva_a_confirmar,revisar,"'V-ANP' e passiva, porem a passiva nao esta explicita em 'tornar manifesto'.","Confirmar se a glossa pretende particpio isolado, adjetivo verbal ou construao passiva completa."
Φιμώθητι,5392,V-AMP-2S,Verbo - Aoristo Imperativo Passiva - 2ª Pessoa Singular,és silenciado,"tu és silenciado, és amordaçado",passiva_a_confirmar,revisar,"'V-AMP-2S' e passiva, porem a passiva nao esta explicita em 'és silenciado'.","Confirmar se a glossa pretende particpio isolado, adjetivo verbal ou construao passiva completa."
χωρίζεσθαι,5563,V-PNM/P,Verbo - Presente Infinitivo Média ou Passiva,separar,"separar, dividir, partir",media_passiva_ambigua,revisar,'V-PNM/P' e media ou passiva e 'pt' e infinitivo ativo: 'separar'.,"Decidir pelo contexto entre leitura media/reflexiva, passiva ou ativa idiomatica; nao corrigir automaticamente."
ὠφεληθῇς,5623,V-ASP-2S,Verbo - Aoristo Subjuntivo Passiva - 2ª Pessoa Singular,sejas beneficiado,"tu sejas beneficiado, sejas lucrado, sejas ajudado",passiva_a_confirmar,revisar,"'V-ASP-2S' e passiva, porem a passiva nao esta explicita em 'sejas beneficiado'.","Confirmar se a glossa pretende particpio isolado, adjetivo verbal ou construao passiva completa."
ἀγαλλιαθῆναι,21,V-ANP,Verbo - Aoristo Infinitivo Passiva,regozijar muito,"regozijar muito, exultar, ficar extremamente feliz.",passiva_a_confirmar,revisar,"'V-ANP' e passiva, porem a passiva nao esta explicita em 'regozijar muito'.","Confirmar se a glossa pretende particpio isolado, adjetivo verbal ou construao passiva completa."
ἀγαπηθήσεται,25,V-FIP-3S,Verbo - Futuro Indicativo Passiva - 3ª Pessoa Singular,será amado,ele(a) será amado,passiva_a_confirmar,revisar,"'V-FIP-3S' e passiva, porem a passiva nao esta explicita em 'será amado'.","Confirmar se a glossa pretende particpio isolado, adjetivo verbal ou construao passiva completa."
ἡγιάσθητε,37,V-AIP-2P,Verbo - Aoristo Indicativo Passiva - 2ª Pessoa Plural,fostes santificado,"vós fostes santificado, fostes tornado santo, fostes consagrado, fostes separado",concordancia_participio,alta,Auxiliar plural com particpio aparentemente singular: 'fostes santificado'.,Revisar o numero do particpio; provavel forma plural: 'santificados'.
ἁγνίσθητι,48,V-AMP-2S,Verbo - Aoristo Imperativo Passiva - 2ª Pessoa Singular,és purificado,"tu és purificado, és limpado, és santificado",passiva_a_confirmar,revisar,"'V-AMP-2S' e passiva, porem a passiva nao esta explicita em 'és purificado'.","Confirmar se a glossa pretende particpio isolado, adjetivo verbal ou construao passiva completa."
ἠγοράσθησαν,59,V-AIP-3P,Verbo - Aoristo Indicativo Passiva - 3ª Pessoa Plural,foram comprado,"eles(as) foram comprado, foram resgatado",concordancia_participio,alta,Auxiliar plural com particpio aparentemente singular: 'foram comprado'.,Revisar o numero do particpio; provavel forma plural: 'comprados'.
ἀρθήτω,142,V-AMP-3S,Verbo - Aoristo Imperativo Passiva - 3ª Pessoa Singular,é levantado,"ele(a) é levantado, é retirado, é levado embora.",passiva_a_confirmar,revisar,"'V-AMP-3S' e passiva, porem a passiva nao esta explicita em 'é levantado'.","Confirmar se a glossa pretende particpio isolado, adjetivo verbal ou construao passiva completa."
ἀρθῶσιν,142,V-ASP-3P,Verbo - Aoristo Subjuntivo Passiva - 3ª Pessoa Plural,sejam levantado,"eles(as) sejam levantado, sejam retirado, sejam levado embora.",concordancia_participio,alta,Auxiliar plural com particpio aparentemente singular: 'sejam levantado'.,Revisar o numero do particpio; provavel forma plural: 'levantados'.
αἰσχυνθῶμεν,153,V-ASP-1P,Verbo - Aoristo Subjuntivo Passiva - 1ª Pessoa Plural,sejamos envergonhado,"nós sejamos envergonhado, sejamos desonrado",concordancia_participio,alta,Auxiliar plural com particpio aparentemente singular: 'sejamos envergonhado'.,Revisar o numero do particpio; provavel forma plural: 'envergonhados'.
αἰχμαλωτισθήσονται,163,V-FIP-3P,Verbo - Futuro Indicativo Passiva - 3ª Pessoa Plural,serão capturado,"eles(as) serão capturado, serão levado cativo",passiva_a_confirmar,revisar,"'V-FIP-3P' e passiva, porem a passiva nao esta explicita em 'serão capturado'.","Confirmar se a glossa pretende particpio isolado, adjetivo verbal ou construao passiva completa."
ἀκουσθήσεται,191,V-FIP-3S,Verbo - Futuro Indicativo Passiva - 3ª Pessoa Singular,será ouvido,"ele(a) será ouvido, será entendido",passiva_a_confirmar,revisar,"'V-FIP-3S' e passiva, porem a passiva nao esta explicita em 'será ouvido'.","Confirmar se a glossa pretende particpio isolado, adjetivo verbal ou construao passiva completa."
ἀλλαγήσονται,236,V-FIP-3P,Verbo - Futuro Indicativo Passiva - 3ª Pessoa Plural,serão mudado,"eles(as) serão mudado, serão trocado, serão transformado",passiva_a_confirmar,revisar,"'V-FIP-3P' e passiva, porem a passiva nao esta explicita em 'serão mudado'.","Confirmar se a glossa pretende particpio isolado, adjetivo verbal ou construao passiva completa."
ἀναγνωσθῆναι,314,V-ANP,Verbo - Aoristo Infinitivo Passiva,ler,"ler, reconhecer, saber de novo",passiva_sem_marca,alta,"'V-ANP' e passiva, mas 'pt' esta em infinitivo ativo: 'ler'.","Revisar para uma forma passiva adequada, por exemplo 'ser + particpio', quando o contexto nao exigir outra soluao."
ἀνήχθησαν,321,V-AIP-3P,Verbo - Aoristo Indicativo Passiva - 3ª Pessoa Plural,foram liderado,"eles(as) foram liderado, foram trazido, foram zarpado",concordancia_participio,alta,Auxiliar plural com particpio aparentemente singular: 'foram liderado'.,Revisar o numero do particpio; provavel forma plural: 'liderados'.
ἀναιρεῖσθαι,337,V-PNM/P,Verbo - Presente Infinitivo Média ou Passiva,ocupar,"ocupar, matar, abolir, destruir",media_passiva_ambigua,revisar,'V-PNM/P' e media ou passiva e 'pt' e infinitivo ativo: 'ocupar'.,"Decidir pelo contexto entre leitura media/reflexiva, passiva ou ativa idiomatica; nao corrigir automaticamente."
ἀνακλιθῆναι,347,V-ANP,Verbo - Aoristo Infinitivo Passiva,reclinar,"reclinar, deitar, recostar",passiva_sem_marca,alta,"'V-ANP' e passiva, mas 'pt' esta em infinitivo ativo: 'reclinar'.","Revisar para uma forma passiva adequada, por exemplo 'ser + particpio', quando o contexto nao exigir outra soluao."
ἀνακλῖναι,347,V-ANP,Verbo - Aoristo Infinitivo Passiva,reclinar,"reclinar, deitar, recostar",passiva_sem_marca,alta,"'V-ANP' e passiva, mas 'pt' esta em infinitivo ativo: 'reclinar'.","Revisar para uma forma passiva adequada, por exemplo 'ser + particpio', quando o contexto nao exigir outra soluao."
ἀναλωθῆτε,355,V-ASP-2P,Verbo - Aoristo Subjuntivo Passiva - 2ª Pessoa Plural,sejais consumido,"vós sejais consumido, sejais gastado, sejais esgotado",concordancia_participio,alta,Auxiliar plural com particpio aparentemente singular: 'sejais consumido'.,Revisar o numero do particpio; provavel forma plural: 'consumidos'.
ἀνανεοῦσθαι,365,V-PNM/P,Verbo - Presente Infinitivo Média ou Passiva,renovar,"renovar, fazer novo novamente",media_passiva_ambigua,revisar,'V-PNM/P' e media ou passiva e 'pt' e infinitivo ativo: 'renovar'.,"Decidir pelo contexto entre leitura media/reflexiva, passiva ou ativa idiomatica; nao corrigir automaticamente."
ἀναπαήσονται,373,V-FIP-3P,Verbo - Futuro Indicativo Passiva - 3ª Pessoa Plural,serão descansado,"eles(as) serão descansado, serão refrescado, serão dado descanso",passiva_a_confirmar,revisar,"'V-FIP-3P' e passiva, porem a passiva nao esta explicita em 'serão descansado'.","Confirmar se a glossa pretende particpio isolado, adjetivo verbal ou construao passiva completa."
ἀναφαίνεσθαι,398,V-PNM/P,Verbo - Presente Infinitivo Média ou Passiva,aparecer,"aparecer, manifestar, mostrar",media_passiva_ambigua,revisar,'V-PNM/P' e media ou passiva e 'pt' e infinitivo ativo: 'aparecer'.,"Decidir pelo contexto entre leitura media/reflexiva, passiva ou ativa idiomatica; nao corrigir automaticamente."
ἀνετάζεσθαι,426,V-PNM/P,Verbo - Presente Infinitivo Média ou Passiva,examinar,"examinar, questionar, investigar minuciosamente.",media_passiva_ambigua,revisar,'V-PNM/P' e media ou passiva e 'pt' e infinitivo ativo: 'examinar'.,"Decidir pelo contexto entre leitura media/reflexiva, passiva ou ativa idiomatica; nao corrigir automaticamente."
ἀνεῳχθῆναι,455,V-ANP,Verbo - Aoristo Infinitivo Passiva,abrir,abrir,passiva_sem_marca,alta,"'V-ANP' e passiva, mas 'pt' esta em infinitivo ativo: 'abrir'.","Revisar para uma forma passiva adequada, por exemplo 'ser + particpio', quando o contexto nao exigir outra soluao."
ἀνοιγῶσιν,455,V-ASP-3P,Verbo - Aoristo Subjuntivo Passiva - 3ª Pessoa Plural,sejam aberto,eles(as) sejam aberto,concordancia_participio,alta,Auxiliar plural com particpio aparentemente singular: 'sejam aberto'.,Revisar o numero do particpio; provavel forma plural: 'abertos'.
ἀνταποκριθῆναι,470,V-ANP,Verbo - Aoristo Infinitivo Passiva,responder de volta,"responder de volta, responder em troca",passiva_a_confirmar,revisar,"'V-ANP' e passiva, porem a passiva nao esta explicita em 'responder de volta'.","Confirmar se a glossa pretende particpio isolado, adjetivo verbal ou construao passiva completa."
ἀντιλαμβάνεσθαι,482,V-PNM/P,Verbo - Presente Infinitivo Média ou Passiva,ajudar,"ajudar, apoiar, tomar posse",media_passiva_ambigua,revisar,'V-PNM/P' e media ou passiva e 'pt' e infinitivo ativo: 'ajudar'.,"Decidir pelo contexto entre leitura media/reflexiva, passiva ou ativa idiomatica; nao corrigir automaticamente."
ἀντιμετρηθήσεται,488,V-FIP-3S,Verbo - Futuro Indicativo Passiva - 3ª Pessoa Singular,será medido em troca,"ele(a) será medido em troca, será recompensado, será retribuído.",passiva_a_confirmar,revisar,"'V-FIP-3S' e passiva, porem a passiva nao esta explicita em 'será medido em troca'.","Confirmar se a glossa pretende particpio isolado, adjetivo verbal ou construao passiva completa."
ἀξιωθήσεται,515,V-FIP-3S,Verbo - Futuro Indicativo Passiva - 3ª Pessoa Singular,será considerado digno,"ele(a) será considerado digno, será considerado merecedor",passiva_a_confirmar,revisar,"'V-FIP-3S' e passiva, porem a passiva nao esta explicita em 'será considerado digno'.","Confirmar se a glossa pretende particpio isolado, adjetivo verbal ou construao passiva completa."
ἀπαχθῆναι,520,V-ANP,Verbo - Aoristo Infinitivo Passiva,levar embora,"levar embora, tirar",passiva_a_confirmar,revisar,"'V-ANP' e passiva, porem a passiva nao esta explicita em 'levar embora'.","Confirmar se a glossa pretende particpio isolado, adjetivo verbal ou construao passiva completa."
ἀπαλλάσσεσθαι,525,V-PNM/P,Verbo - Presente Infinitivo Média ou Passiva,remover,"remover, libertar, partir",media_passiva_ambigua,revisar,'V-PNM/P' e media ou passiva e 'pt' e infinitivo ativo: 'remover'.,"Decidir pelo contexto entre leitura media/reflexiva, passiva ou ativa idiomatica; nao corrigir automaticamente."
ἀπαρνηθήσεται,533,V-FIP-3S,Verbo - Futuro Indicativo Passiva - 3ª Pessoa Singular,será negado,"ele(a) será negado, será renegado, será renunciado",passiva_a_confirmar,revisar,"'V-FIP-3S' e passiva, porem a passiva nao esta explicita em 'será negado'.","Confirmar se a glossa pretende particpio isolado, adjetivo verbal ou construao passiva completa."
ἀποκατασταθῶ,600,V-ASP-2S,Verbo - Aoristo Subjuntivo Passiva - 2ª Pessoa Singular,sejas restaurado,"tu sejas restaurado, sejas restabelecido, sejas retornado ao estado anterior.",passiva_a_confirmar,revisar,"'V-ASP-2S' e passiva, porem a passiva nao esta explicita em 'sejas restaurado'.","Confirmar se a glossa pretende particpio isolado, adjetivo verbal ou construao passiva completa."
ἀποκαλυφθῶσιν,601,V-ASP-3P,Verbo - Aoristo Subjuntivo Passiva - 3ª Pessoa Plural,sejam revelado,"eles(as) sejam revelado, sejam descoberto",concordancia_participio,alta,Auxiliar plural com particpio aparentemente singular: 'sejam revelado'.,Revisar o numero do particpio; provavel forma plural: 'revelados'.
ἀποκαλύπτεσθαι,601,V-PNM/P,Verbo - Presente Infinitivo Média ou Passiva,revelar,"revelar, descobrir",media_passiva_ambigua,revisar,'V-PNM/P' e media ou passiva e 'pt' e infinitivo ativo: 'revelar'.,"Decidir pelo contexto entre leitura media/reflexiva, passiva ou ativa idiomatica; nao corrigir automaticamente."
ἀποκρίνεσθαι,611,V-PNM/P,Verbo - Presente Infinitivo Média ou Passiva,responder,responder,media_passiva_ambigua,revisar,'V-PNM/P' e media ou passiva e 'pt' e infinitivo ativo: 'responder'.,"Decidir pelo contexto entre leitura media/reflexiva, passiva ou ativa idiomatica; nao corrigir automaticamente."
ἀποκριθῆναι,611,V-ANP,Verbo - Aoristo Infinitivo Passiva,responder,responder,passiva_sem_marca,alta,"'V-ANP' e passiva, mas 'pt' esta em infinitivo ativo: 'responder'.","Revisar para uma forma passiva adequada, por exemplo 'ser + particpio', quando o contexto nao exigir outra soluao."
ἀποκριθῶσιν,611,V-ASP-3P,Verbo - Aoristo Subjuntivo Passiva - 3ª Pessoa Plural,sejam respondido,eles(as) sejam respondido,concordancia_participio,alta,Auxiliar plural com particpio aparentemente singular: 'sejam respondido'.,Revisar o numero do particpio; provavel forma plural: 'respondidos'.
ἀποκτέννεσθαι,615,V-PNM/P,Verbo - Presente Infinitivo Média ou Passiva,matar,"matar, assassinar, condenar à morte",media_passiva_ambigua,revisar,'V-PNM/P' e media ou passiva e 'pt' e infinitivo ativo: 'matar'.,"Decidir pelo contexto entre leitura media/reflexiva, passiva ou ativa idiomatica; nao corrigir automaticamente."
ἀποκτανθῶσιν,615,V-ASP-3P,Verbo - Aoristo Subjuntivo Passiva - 3ª Pessoa Plural,sejam matado,"eles(as) sejam matado, sejam assassinado, sejam condenado à morte",concordancia_participio,alta,Auxiliar plural com particpio aparentemente singular: 'sejam matado'.,Revisar o numero do particpio; provavel forma plural: 'matados'.
ἀπολογηθῆναι,626,V-ANP,Verbo - Aoristo Infinitivo Passiva,defender,"defender, fazer uma defesa, prestar contas",passiva_sem_marca,alta,"'V-ANP' e passiva, mas 'pt' esta em infinitivo ativo: 'defender'.","Revisar para uma forma passiva adequada, por exemplo 'ser + particpio', quando o contexto nao exigir outra soluao."
ἀπελύθησαν,630,V-AIP-3P,Verbo - Aoristo Indicativo Passiva - 3ª Pessoa Plural,foram liberado,"eles(as) foram liberado, foram despedido, foram mandado embora, foram divorciado",concordancia_participio,alta,Auxiliar plural com particpio aparentemente singular: 'foram liberado'.,Revisar o numero do particpio; provavel forma plural: 'liberados'.
ἀπολυθήσεσθε,630,V-FIP-2P,Verbo - Futuro Indicativo Passiva - 2ª Pessoa Plural,sereis liberado,"vós sereis liberado, sereis despedido, sereis mandado embora, sereis divorciado",concordancia_participio,alta,Auxiliar plural com particpio aparentemente singular: 'sereis liberado'.,Revisar o numero do particpio; provavel forma plural: 'liberados'.
ἀπολυθῆτε,630,V-ASP-2P,Verbo - Aoristo Subjuntivo Passiva - 2ª Pessoa Plural,sejais liberado,"vós sejais liberado, sejais despedido, sejais mandado embora, sejais divorciado",concordancia_participio,alta,Auxiliar plural com particpio aparentemente singular: 'sejais liberado'.,Revisar o numero do particpio; provavel forma plural: 'liberados'.
ἀπεπλανήθησαν,635,V-AIP-3P,Verbo - Aoristo Indicativo Passiva - 3ª Pessoa Plural,foram desviado,"eles(as) foram desviado, foram enganado, foram feito vagar",concordancia_participio,alta,Auxiliar plural com particpio aparentemente singular: 'foram desviado'.,Revisar o numero do particpio; provavel forma plural: 'desviados'.
ἀπεστράφησάν,654,V-AIP-3P,Verbo - Aoristo Indicativo Passiva - 3ª Pessoa Plural,deram as costas,"eles(as) deram as costas, afastaram-se",passiva_a_confirmar,revisar,"'V-AIP-3P' e passiva, porem a passiva nao esta explicita em 'deram as costas'.","Confirmar se a glossa pretende particpio isolado, adjetivo verbal ou construao passiva completa."
ἀποστραφῇς,654,V-ASP-2S,Verbo - Aoristo Subjuntivo Passiva - 2ª Pessoa Singular,dês as costas,"tu dês as costas, te afastes",passiva_a_confirmar,revisar,"'V-ASP-2S' e passiva, porem a passiva nao esta explicita em 'dês as costas'.","Confirmar se a glossa pretende particpio isolado, adjetivo verbal ou construao passiva completa."
ἀπενεχθῆναι,667,V-ANP,Verbo - Aoristo Infinitivo Passiva,levar embora,"levar embora, remover",passiva_a_confirmar,revisar,"'V-ANP' e passiva, porem a passiva nao esta explicita em 'levar embora'.","Confirmar se a glossa pretende particpio isolado, adjetivo verbal ou construao passiva completa."
ἀποφθέγγεσθαι,669,V-PNM/P,Verbo - Presente Infinitivo Média ou Passiva,falar,"falar, declarar ou proferir",media_passiva_ambigua,revisar,'V-PNM/P' e media ou passiva e 'pt' e infinitivo ativo: 'falar'.,"Decidir pelo contexto entre leitura media/reflexiva, passiva ou ativa idiomatica; nao corrigir automaticamente."
ἀποχωρισθῆναι,673,V-ANP,Verbo - Aoristo Infinitivo Passiva,separar,"separar, partir",passiva_sem_marca,alta,"'V-ANP' e passiva, mas 'pt' esta em infinitivo ativo: 'separar'.","Revisar para uma forma passiva adequada, por exemplo 'ser + particpio', quando o contexto nao exigir outra soluao."
ἀρκεσθησόμεθα,714,V-FIP-1P,Verbo - Futuro Indicativo Passiva - 1ª Pessoa Plural,seremos sido suficiente,"nós seremos sido suficiente, seremos estado contente, seremos estado satisfeito",concordancia_participio,alta,Auxiliar plural com particpio aparentemente singular: 'seremos sido'.,Revisar o numero do particpio; provavel forma plural: 'sidos'.
ἀρκεσθησόμεθα,714,V-FIP-1P,Verbo - Futuro Indicativo Passiva - 1ª Pessoa Plural,seremos sido suficiente,"nós seremos sido suficiente, seremos estado contente, seremos estado satisfeito",construao_inadequada,alta,Construo inadequada: 'seremos sido'.,"Reescrever com forma idiomatica, por exemplo 'seremos capazes' ou 'poderemos'."
ἀρνεῖσθαι,720,V-PNM/P,Verbo - Presente Infinitivo Média ou Passiva,negar,"negar, renegar, rejeitar",media_passiva_ambigua,revisar,'V-PNM/P' e media ou passiva e 'pt' e infinitivo ativo: 'negar'.,"Decidir pelo contexto entre leitura media/reflexiva, passiva ou ativa idiomatica; nao corrigir automaticamente."
ἁρπαγησόμεθα,726,V-FIP-1P,Verbo - Futuro Indicativo Passiva - 1ª Pessoa Plural,seremos apreendido,"nós seremos apreendido, seremos arrebatado, seremos tirado à força",concordancia_participio,alta,Auxiliar plural com particpio aparentemente singular: 'seremos apreendido'.,Revisar o numero do particpio; provavel forma plural: 'apreendidos'.
ἀρτυθήσεται,741,V-FIP-3S,Verbo - Futuro Indicativo Passiva - 3ª Pessoa Singular,será temperado,"ele(a) será temperado, será preparado, será arranjado",passiva_a_confirmar,revisar,"'V-FIP-3S' e passiva, porem a passiva nao esta explicita em 'será temperado'.","Confirmar se a glossa pretende particpio isolado, adjetivo verbal ou construao passiva completa."
ἀσπάζεσθαι,782,V-PNM/P,Verbo - Presente Infinitivo Média ou Passiva,saudar,"saudar, abraçar",media_passiva_ambigua,revisar,'V-PNM/P' e media ou passiva e 'pt' e infinitivo ativo: 'saudar'.,"Decidir pelo contexto entre leitura media/reflexiva, passiva ou ativa idiomatica; nao corrigir automaticamente."
ἀσφαλισθῆναι,805,V-ANP,Verbo - Aoristo Infinitivo Passiva,proteger,"proteger, tornar seguro, prender",passiva_sem_marca,alta,"'V-ANP' e passiva, mas 'pt' esta em infinitivo ativo: 'proteger'.","Revisar para uma forma passiva adequada, por exemplo 'ser + particpio', quando o contexto nao exigir outra soluao."
ἀτιμάζεσθαι,818,V-PNM/P,Verbo - Presente Infinitivo Média ou Passiva,desonrar,"desonrar, tratar vergonhosamente, desprezar",media_passiva_ambigua,revisar,'V-PNM/P' e media ou passiva e 'pt' e infinitivo ativo: 'desonrar'.,"Decidir pelo contexto entre leitura media/reflexiva, passiva ou ativa idiomatica; nao corrigir automaticamente."
ἀτιμασθῆναι,818,V-ANP,Verbo - Aoristo Infinitivo Passiva,desonrar,"desonrar, tratar vergonhosamente, desprezar",passiva_sem_marca,alta,"'V-ANP' e passiva, mas 'pt' esta em infinitivo ativo: 'desonrar'.","Revisar para uma forma passiva adequada, por exemplo 'ser + particpio', quando o contexto nao exigir outra soluao."
αὐξηθῆτε,837,V-ASP-2P,Verbo - Aoristo Subjuntivo Passiva - 2ª Pessoa Plural,sejais crescido,"vós sejais crescido, sejais aumentado, sejais tornado maior",concordancia_participio,alta,Auxiliar plural com particpio aparentemente singular: 'sejais crescido'.,Revisar o numero do particpio; provavel forma plural: 'crescidos'.
ἀφαιρεθήσεται,851,V-FIP-3S,Verbo - Futuro Indicativo Passiva - 3ª Pessoa Singular,será tirado,"ele(a) será tirado, será retirado, será cortado",passiva_a_confirmar,revisar,"'V-FIP-3S' e passiva, porem a passiva nao esta explicita em 'será tirado'.","Confirmar se a glossa pretende particpio isolado, adjetivo verbal ou construao passiva completa."
ἀφεῖναι,863,V-ANP,Verbo - Aoristo Infinitivo Passiva,mandar embora,"mandar embora, partir, perdoar, permitir, abandonar",passiva_a_confirmar,revisar,"'V-ANP' e passiva, porem a passiva nao esta explicita em 'mandar embora'.","Confirmar se a glossa pretende particpio isolado, adjetivo verbal ou construao passiva completa."
βληθήσεται,906,V-FIP-3S,Verbo - Futuro Indicativo Passiva - 3ª Pessoa Singular,será lançado(a),"ele(a) será lançado, será colocado",passiva_a_confirmar,revisar,"'V-FIP-3S' e passiva, porem a passiva nao esta explicita em 'será lançado(a)'.","Confirmar se a glossa pretende particpio isolado, adjetivo verbal ou construao passiva completa."
βληθήσῃ,906,V-FIP-2S,Verbo - Futuro Indicativo Passiva - 2ª Pessoa Singular,serás lançado(a),"tu serás lançado, serás colocado",passiva_a_confirmar,revisar,"'V-FIP-2S' e passiva, porem a passiva nao esta explicita em 'serás lançado(a)'.","Confirmar se a glossa pretende particpio isolado, adjetivo verbal ou construao passiva completa."
βαπτισθήτω,907,V-AMP-3S,Verbo - Aoristo Imperativo Passiva - 3ª Pessoa Singular,é batizado,"ele(a) é batizado, é imergido, é mergulhado",passiva_a_confirmar,revisar,"'V-AMP-3S' e passiva, porem a passiva nao esta explicita em 'é batizado'.","Confirmar se a glossa pretende particpio isolado, adjetivo verbal ou construao passiva completa."
βαρηθῶσιν,916,V-ASP-3P,Verbo - Aoristo Subjuntivo Passiva - 3ª Pessoa Plural,sejam pesado,"eles(as) sejam pesado, sejam sobrecarregado, sejam oprimido",concordancia_participio,alta,Auxiliar plural com particpio aparentemente singular: 'sejam pesado'.,Revisar o numero do particpio; provavel forma plural: 'pesados'.
ἐβαρήθημεν,916,V-AIP-1P,Verbo - Aoristo Indicativo Passiva - 1ª Pessoa Plural,fomos pesado,"nós fomos pesado, fomos sobrecarregado, fomos oprimido",concordancia_participio,alta,Auxiliar plural com particpio aparentemente singular: 'fomos pesado'.,Revisar o numero do particpio; provavel forma plural: 'pesados'.
βασανισθήσεται,928,V-FIP-3S,Verbo - Futuro Indicativo Passiva - 3ª Pessoa Singular,será atormentado,"ele(a) será atormentado, será torturado, será irritado, será angustiado",passiva_a_confirmar,revisar,"'V-FIP-3S' e passiva, porem a passiva nao esta explicita em 'será atormentado'.","Confirmar se a glossa pretende particpio isolado, adjetivo verbal ou construao passiva completa."
βαστάζεσθαι,941,V-PNM/P,Verbo - Presente Infinitivo Média ou Passiva,suportar,"suportar, carregar, apoiar",media_passiva_ambigua,revisar,'V-PNM/P' e media ou passiva e 'pt' e infinitivo ativo: 'suportar'.,"Decidir pelo contexto entre leitura media/reflexiva, passiva ou ativa idiomatica; nao corrigir automaticamente."
βεβαιοῦσθαι,950,V-PNM/P,Verbo - Presente Infinitivo Média ou Passiva,confirmar,"confirmar, estabelecer, tornar firme, seguro",media_passiva_ambigua,revisar,'V-PNM/P' e media ou passiva e 'pt' e infinitivo ativo: 'confirmar'.,"Decidir pelo contexto entre leitura media/reflexiva, passiva ou ativa idiomatica; nao corrigir automaticamente."
βλασφημηθήσεται,987,V-FIP-3S,Verbo - Futuro Indicativo Passiva - 3ª Pessoa Singular,será blasfemado,"ele(a) será blasfemado, será falado mal, será caluniado, será injuriado.",passiva_a_confirmar,revisar,"'V-FIP-3S' e passiva, porem a passiva nao esta explicita em 'será blasfemado'.","Confirmar se a glossa pretende particpio isolado, adjetivo verbal ou construao passiva completa."
ἐβουλήθη,1014,V-AIP-3S,Verbo - Aoristo Indicativo Passiva - 3ª Pessoa Singular,desejou,"ele(a) quis, desejou, pretendeu",passiva_a_confirmar,revisar,"'V-AIP-3S' e passiva, porem a passiva nao esta explicita em 'desejou'.","Confirmar se a glossa pretende particpio isolado, adjetivo verbal ou construao passiva completa."
βυθίζεσθαι,1036,V-PNM/P,Verbo - Presente Infinitivo Média ou Passiva,afundar,"afundar, mergulhar, submergir",media_passiva_ambigua,revisar,'V-PNM/P' e media ou passiva e 'pt' e infinitivo ativo: 'afundar'.,"Decidir pelo contexto entre leitura media/reflexiva, passiva ou ativa idiomatica; nao corrigir automaticamente."
γαμηθῆναι,1060,V-ANP,Verbo - Aoristo Infinitivo Passiva,casar,casar,passiva_sem_marca,alta,"'V-ANP' e passiva, mas 'pt' esta em infinitivo ativo: 'casar'.","Revisar para uma forma passiva adequada, por exemplo 'ser + particpio', quando o contexto nao exigir outra soluao."
γεμίζεσθαι,1072,V-PNM/P,Verbo - Presente Infinitivo Média ou Passiva,preencher,"preencher, ser preenchido, carregar",media_passiva_ambigua,revisar,'V-PNM/P' e media ou passiva e 'pt' e infinitivo ativo: 'preencher'.,"Decidir pelo contexto entre leitura media/reflexiva, passiva ou ativa idiomatica; nao corrigir automaticamente."
γεγεννήμεθα,1080,V-AIP-1P,Verbo - Aoristo Indicativo Passiva - 1ª Pessoa Plural,fomos gerado,"nós fomos gerado, fomos dado à luz, fomos produzido.",concordancia_participio,alta,Auxiliar plural com particpio aparentemente singular: 'fomos gerado'.,Revisar o numero do particpio; provavel forma plural: 'gerados'.
ἐγεννήθημεν,1080,V-AIP-1P,Verbo - Aoristo Indicativo Passiva - 1ª Pessoa Plural,fomos gerado,"nós fomos gerado, fomos dado à luz, fomos produzido.",concordancia_participio,alta,Auxiliar plural com particpio aparentemente singular: 'fomos gerado'.,Revisar o numero do particpio; provavel forma plural: 'gerados'.
γενηθῆναι,1096,V-ANP,Verbo - Aoristo Infinitivo Passiva,tornar,"tornar, vir a ser, acontecer, ser feito",passiva_sem_marca,alta,"'V-ANP' e passiva, mas 'pt' esta em infinitivo ativo: 'tornar'.","Revisar para uma forma passiva adequada, por exemplo 'ser + particpio', quando o contexto nao exigir outra soluao."
γνωσθήτω,1097,V-AMP-3S,Verbo - Aoristo Imperativo Passiva - 3ª Pessoa Singular,é conhecido,"ele(a) é conhecido, é vindo a conhecer, é reconhecido, é percebido",passiva_a_confirmar,revisar,"'V-AMP-3S' e passiva, porem a passiva nao esta explicita em 'é conhecido'.","Confirmar se a glossa pretende particpio isolado, adjetivo verbal ou construao passiva completa."
γράφεσθαι,1125,V-PNM/P,Verbo - Presente Infinitivo Média ou Passiva,escrever,escrever,media_passiva_ambigua,revisar,'V-PNM/P' e media ou passiva e 'pt' e infinitivo ativo: 'escrever'.,"Decidir pelo contexto entre leitura media/reflexiva, passiva ou ativa idiomatica; nao corrigir automaticamente."
δεήθητι,1189,V-AMP-2S,Verbo - Aoristo Imperativo Passiva - 2ª Pessoa Singular,és implorado,"tu és implorado, és suplicado, és orado, és pedido sinceramente",passiva_a_confirmar,revisar,"'V-AMP-2S' e passiva, porem a passiva nao esta explicita em 'és implorado'.","Confirmar se a glossa pretende particpio isolado, adjetivo verbal ou construao passiva completa."
δαρήσεσθε,1194,V-FIP-2P,Verbo - Futuro Indicativo Passiva - 2ª Pessoa Plural,sereis batido,"vós sereis batido, sereis atacado, sereis flagelado",concordancia_participio,alta,Auxiliar plural com particpio aparentemente singular: 'sereis batido'.,Revisar o numero do particpio; provavel forma plural: 'batidos'.
διακριθῆτε,1252,V-ASP-2P,Verbo - Aoristo Subjuntivo Passiva - 2ª Pessoa Plural,sejais distinguido,"vós sejais distinguido, sejais discernido, sejais julgado, sejais duvidado",concordancia_participio,alta,Auxiliar plural com particpio aparentemente singular: 'sejais distinguido'.,Revisar o numero do particpio; provavel forma plural: 'distinguidos'.
διεκρίθητε,1252,V-AIP-2P,Verbo - Aoristo Indicativo Passiva - 2ª Pessoa Plural,fostes distinguido,"vós fostes distinguido, fostes discernido, fostes julgado, fostes duvidado",concordancia_participio,alta,Auxiliar plural com particpio aparentemente singular: 'fostes distinguido'.,Revisar o numero do particpio; provavel forma plural: 'distinguidos'.
διελέχθησαν,1256,V-AIP-3P,Verbo - Aoristo Indicativo Passiva - 3ª Pessoa Plural,foram discutido,"eles(as) foram discutido, foram raciocinado, foram argumentado, foram falado",concordancia_participio,alta,Auxiliar plural com particpio aparentemente singular: 'foram discutido'.,Revisar o numero do particpio; provavel forma plural: 'discutidos'.
διαλλάγηθι,1259,V-AMP-2S,Verbo - Aoristo Imperativo Passiva - 2ª Pessoa Singular,sejas reconciliado,tu sejas reconciliado,passiva_a_confirmar,revisar,"'V-AMP-2S' e passiva, porem a passiva nao esta explicita em 'sejas reconciliado'.","Confirmar se a glossa pretende particpio isolado, adjetivo verbal ou construao passiva completa."
διαλογίζεσθαι,1260,V-PNM/P,Verbo - Presente Infinitivo Média ou Passiva,raciocinar,"raciocinar, considerar, debater, ponderar",media_passiva_ambigua,revisar,'V-PNM/P' e media ou passiva e 'pt' e infinitivo ativo: 'raciocinar'.,"Decidir pelo contexto entre leitura media/reflexiva, passiva ou ativa idiomatica; nao corrigir automaticamente."
διελύθησαν,1262,V-AIP-3P,Verbo - Aoristo Indicativo Passiva - 3ª Pessoa Plural,foram dissolvido,"eles(as) foram dissolvido, foram quebrado, foram dispersado, foram liberado.",concordancia_participio,alta,Auxiliar plural com particpio aparentemente singular: 'foram dissolvido'.,Revisar o numero do particpio; provavel forma plural: 'dissolvidos'.
διαμερισθήσονται,1266,V-FIP-3P,Verbo - Futuro Indicativo Passiva - 3ª Pessoa Plural,serão dividido,"eles(as) serão dividido, serão distribuído, serão repartido",passiva_a_confirmar,revisar,"'V-FIP-3P' e passiva, porem a passiva nao esta explicita em 'serão dividido'.","Confirmar se a glossa pretende particpio isolado, adjetivo verbal ou construao passiva completa."
Διανοίχθητι,1272,V-AMP-2S,Verbo - Aoristo Imperativo Passiva - 2ª Pessoa Singular,és aberto completamente,tu és aberto completamente,passiva_a_confirmar,revisar,"'V-AMP-2S' e passiva, porem a passiva nao esta explicita em 'és aberto completamente'.","Confirmar se a glossa pretende particpio isolado, adjetivo verbal ou construao passiva completa."
διηνοίχθησαν,1272,V-AIP-3P,Verbo - Aoristo Indicativo Passiva - 3ª Pessoa Plural,foram aberto completamente,eles(as) foram aberto completamente,concordancia_participio,alta,Auxiliar plural com particpio aparentemente singular: 'foram aberto'.,Revisar o numero do particpio; provavel forma plural: 'abertos'.
διαπορεύεσθαι,1279,V-PNM/P,Verbo - Presente Infinitivo Média ou Passiva,passar,"passar, viajar",media_passiva_ambigua,revisar,'V-PNM/P' e media ou passiva e 'pt' e infinitivo ativo: 'passar'.,"Decidir pelo contexto entre leitura media/reflexiva, passiva ou ativa idiomatica; nao corrigir automaticamente."
διεσκορπίσθησαν,1287,V-AIP-3P,Verbo - Aoristo Indicativo Passiva - 3ª Pessoa Plural,foram espalhado,"eles(as) foram espalhado, foram dispersado, foram desperdiçado",concordancia_participio,alta,Auxiliar plural com particpio aparentemente singular: 'foram espalhado'.,Revisar o numero do particpio; provavel forma plural: 'espalhados'.
διεσπάρησαν,1289,V-AIP-3P,Verbo - Aoristo Indicativo Passiva - 3ª Pessoa Plural,foram espalhado,"eles(as) foram espalhado, foram dispersado",concordancia_participio,alta,Auxiliar plural com particpio aparentemente singular: 'foram espalhado'.,Revisar o numero do particpio; provavel forma plural: 'espalhados'.
διασωθῆναι,1295,V-ANP,Verbo - Aoristo Infinitivo Passiva,salvar,"salvar, preservar, trazer segurança",passiva_sem_marca,alta,"'V-ANP' e passiva, mas 'pt' esta em infinitivo ativo: 'salvar'.","Revisar para uma forma passiva adequada, por exemplo 'ser + particpio', quando o contexto nao exigir outra soluao."
διαχωρίζεσθαι,1316,V-PNM/P,Verbo - Presente Infinitivo Média ou Passiva,separar,"separar, dividir",media_passiva_ambigua,revisar,'V-PNM/P' e media ou passiva e 'pt' e infinitivo ativo: 'separar'.,"Decidir pelo contexto entre leitura media/reflexiva, passiva ou ativa idiomatica; nao corrigir automaticamente."
ἐδιδάχθησαν,1321,V-AIP-3P,Verbo - Aoristo Indicativo Passiva - 3ª Pessoa Plural,foram ensinado,"eles(as) foram ensinado, foram instruído",concordancia_participio,alta,Auxiliar plural com particpio aparentemente singular: 'foram ensinado'.,Revisar o numero do particpio; provavel forma plural: 'ensinados'.
δικαιοῦσθαι,1344,V-PNM/P,Verbo - Presente Infinitivo Média ou Passiva,justificar,"justificar, declarar justo, absolver",media_passiva_ambigua,revisar,'V-PNM/P' e media ou passiva e 'pt' e infinitivo ativo: 'justificar'.,"Decidir pelo contexto entre leitura media/reflexiva, passiva ou ativa idiomatica; nao corrigir automaticamente."
δικαιωθήσονται,1344,V-FIP-3P,Verbo - Futuro Indicativo Passiva - 3ª Pessoa Plural,serão justificado,"eles(as) serão justificado, serão declarado justo, serão absolvido",passiva_a_confirmar,revisar,"'V-FIP-3P' e passiva, porem a passiva nao esta explicita em 'serão justificado'.","Confirmar se a glossa pretende particpio isolado, adjetivo verbal ou construao passiva completa."
δικαιωθήσῃ,1344,V-FIP-2S,Verbo - Futuro Indicativo Passiva - 2ª Pessoa Singular,serás justificado,"tu serás justificado, serás declarado justo, serás absolvido",passiva_a_confirmar,revisar,"'V-FIP-2S' e passiva, porem a passiva nao esta explicita em 'serás justificado'.","Confirmar se a glossa pretende particpio isolado, adjetivo verbal ou construao passiva completa."
δικαιωθῇς,1344,V-ASP-2S,Verbo - Aoristo Subjuntivo Passiva - 2ª Pessoa Singular,sejas justificado,"tu sejas justificado, sejas declarado justo, sejas absolvido",passiva_a_confirmar,revisar,"'V-ASP-2S' e passiva, porem a passiva nao esta explicita em 'sejas justificado'.","Confirmar se a glossa pretende particpio isolado, adjetivo verbal ou construao passiva completa."
ἐδικαιώθητε,1344,V-AIP-2P,Verbo - Aoristo Indicativo Passiva - 2ª Pessoa Plural,fostes justificado,"vós fostes justificado, fostes declarado justo, fostes absolvido",concordancia_participio,alta,Auxiliar plural com particpio aparentemente singular: 'fostes justificado'.,Revisar o numero do particpio; provavel forma plural: 'justificados'.
διωχθήσονται,1377,V-FIP-3P,Verbo - Futuro Indicativo Passiva - 3ª Pessoa Plural,serão perseguido,"eles(as) serão perseguido, serão avançado",passiva_a_confirmar,revisar,"'V-FIP-3P' e passiva, porem a passiva nao esta explicita em 'serão perseguido'.","Confirmar se a glossa pretende particpio isolado, adjetivo verbal ou construao passiva completa."
ἐδουλώθητε,1402,V-AIP-2P,Verbo - Aoristo Indicativo Passiva - 2ª Pessoa Plural,fostes escravizado,"vós fostes escravizado, fostes trazido à escravidão, fostes feito um servo.",concordancia_participio,alta,Auxiliar plural com particpio aparentemente singular: 'fostes escravizado'.,Revisar o numero do particpio; provavel forma plural: 'escravizados'.
ἠδυνήθητε,1410,V-AIP-2P,Verbo - Aoristo Indicativo Passiva - 2ª Pessoa Plural,fostes sido capaz,"vós fostes sido capaz, fostes tido poder",concordancia_participio,alta,Auxiliar plural com particpio aparentemente singular: 'fostes sido'.,Revisar o numero do particpio; provavel forma plural: 'sidos'.
ἐδυναμώθησαν,1412,V-AIP-3P,Verbo - Aoristo Indicativo Passiva - 3ª Pessoa Plural,foram capacitado,"eles(as) foram capacitado, foram fortalecido, foram tornado forte",concordancia_participio,alta,Auxiliar plural com particpio aparentemente singular: 'foram capacitado'.,Revisar o numero do particpio; provavel forma plural: 'capacitados'.
ἐγέρθητι,1453,V-AMP-2S,Verbo - Aoristo Imperativo Passiva - 2ª Pessoa Singular,és levantado,"tu és levantado, és despertado",passiva_a_confirmar,revisar,"'V-AMP-2S' e passiva, porem a passiva nao esta explicita em 'és levantado'.","Confirmar se a glossa pretende particpio isolado, adjetivo verbal ou construao passiva completa."
ἐγκαλεῖσθαι,1458,V-PNM/P,Verbo - Presente Infinitivo Média ou Passiva,acusar,"acusar, cobrar, chamar a atenção",media_passiva_ambigua,revisar,'V-PNM/P' e media ou passiva e 'pt' e infinitivo ativo: 'acusar'.,"Decidir pelo contexto entre leitura media/reflexiva, passiva ou ativa idiomatica; nao corrigir automaticamente."
ἐγκόπτεσθαι,1465,V-PNM/P,Verbo - Presente Infinitivo Média ou Passiva,impedir,"impedir, cortar",media_passiva_ambigua,revisar,'V-PNM/P' e media ou passiva e 'pt' e infinitivo ativo: 'impedir'.,"Decidir pelo contexto entre leitura media/reflexiva, passiva ou ativa idiomatica; nao corrigir automaticamente."
εἰσακουσθήσονται,1522,V-FIP-3P,Verbo - Futuro Indicativo Passiva - 3ª Pessoa Plural,serão ouvidos,"eles(as) serão ouvidos, terão um pedido atendido",passiva_a_confirmar,revisar,"'V-FIP-3P' e passiva, porem a passiva nao esta explicita em 'serão ouvidos'.","Confirmar se a glossa pretende particpio isolado, adjetivo verbal ou construao passiva completa."
ἐκβληθήσεται,1544,V-FIP-3S,Verbo - Futuro Indicativo Passiva - 3ª Pessoa Singular,será expulso,ele(a) será expulso,passiva_a_confirmar,revisar,"'V-FIP-3S' e passiva, porem a passiva nao esta explicita em 'será expulso'.","Confirmar se a glossa pretende particpio isolado, adjetivo verbal ou construao passiva completa."
ἐκβληθήσονται,1544,V-FIP-3P,Verbo - Futuro Indicativo Passiva - 3ª Pessoa Plural,serão expulsos,eles(as) serão expulsos,passiva_a_confirmar,revisar,"'V-FIP-3P' e passiva, porem a passiva nao esta explicita em 'serão expulsos'.","Confirmar se a glossa pretende particpio isolado, adjetivo verbal ou construao passiva completa."
ἐκζητηθήσεται,1567,V-FIP-3S,Verbo - Futuro Indicativo Passiva - 3ª Pessoa Singular,será buscado,"ele(a) será buscado, será pesquisado diligentemente, será indagado seriamente.",passiva_a_confirmar,revisar,"'V-FIP-3S' e passiva, porem a passiva nao esta explicita em 'será buscado'.","Confirmar se a glossa pretende particpio isolado, adjetivo verbal ou construao passiva completa."
ἐξεκαύθησαν,1572,V-AIP-3P,Verbo - Aoristo Indicativo Passiva - 3ª Pessoa Plural,foram acendido,"eles(as) foram acendido, foram inflamado, foram queimado",concordancia_participio,alta,Auxiliar plural com particpio aparentemente singular: 'foram acendido'.,Revisar o numero do particpio; provavel forma plural: 'acendidos'.
ἐκλυθήσονται,1590,V-FIP-3P,Verbo - Futuro Indicativo Passiva - 3ª Pessoa Plural,serão desmaiado,"eles(as) serão desmaiado, serão cansado, serão desanimado",passiva_a_confirmar,revisar,"'V-FIP-3P' e passiva, porem a passiva nao esta explicita em 'serão desmaiado'.","Confirmar se a glossa pretende particpio isolado, adjetivo verbal ou construao passiva completa."
ἐκλυθῶσιν,1590,V-ASP-3P,Verbo - Aoristo Subjuntivo Passiva - 3ª Pessoa Plural,sejam desmaiado,"eles(as) sejam desmaiado, sejam cansado, sejam desanimado",concordancia_participio,alta,Auxiliar plural com particpio aparentemente singular: 'sejam desmaiado'.,Revisar o numero do particpio; provavel forma plural: 'desmaiados'.
ἐκπλήσσεσθαι,1605,V-PNM/P,Verbo - Presente Infinitivo Média ou Passiva,surpreender,"surpreender, ficar impressionado com o espanto.",media_passiva_ambigua,revisar,'V-PNM/P' e media ou passiva e 'pt' e infinitivo ativo: 'surpreender'.,"Decidir pelo contexto entre leitura media/reflexiva, passiva ou ativa idiomatica; nao corrigir automaticamente."
ἐξεπλάγησαν,1605,V-AIP-3P,Verbo - Aoristo Indicativo Passiva - 3ª Pessoa Plural,foram surpreendido,"eles(as) foram surpreendido, foram ficado impressionado com o espanto.",concordancia_participio,alta,Auxiliar plural com particpio aparentemente singular: 'foram surpreendido'.,Revisar o numero do particpio; provavel forma plural: 'surpreendidos'.
ἐκριζωθήσεται,1610,V-FIP-3S,Verbo - Futuro Indicativo Passiva - 3ª Pessoa Singular,será desenraizado,"ele(a) será desenraizado, será erradicado",passiva_a_confirmar,revisar,"'V-FIP-3S' e passiva, porem a passiva nao esta explicita em 'será desenraizado'.","Confirmar se a glossa pretende particpio isolado, adjetivo verbal ou construao passiva completa."
Ἐκριζώθητι,1610,V-AMP-2S,Verbo - Aoristo Imperativo Passiva - 2ª Pessoa Singular,és desenraizado,"tu és desenraizado, és erradicado",passiva_a_confirmar,revisar,"'V-AMP-2S' e passiva, porem a passiva nao esta explicita em 'és desenraizado'.","Confirmar se a glossa pretende particpio isolado, adjetivo verbal ou construao passiva completa."
ἐκτραπήσονται,1624,V-FIP-3P,Verbo - Futuro Indicativo Passiva - 3ª Pessoa Plural,serão desviado,"eles(as) serão desviado, serão evitado",passiva_a_confirmar,revisar,"'V-FIP-3P' e passiva, porem a passiva nao esta explicita em 'serão desviado'.","Confirmar se a glossa pretende particpio isolado, adjetivo verbal ou construao passiva completa."
ἐκχυθήσεται,1632,V-FIP-3S,Verbo - Futuro Indicativo Passiva - 3ª Pessoa Singular,será derramado,ele(a) será derramado,passiva_a_confirmar,revisar,"'V-FIP-3S' e passiva, porem a passiva nao esta explicita em 'será derramado'.","Confirmar se a glossa pretende particpio isolado, adjetivo verbal ou construao passiva completa."
ἐξεχύθησαν,1632,V-AIP-3P,Verbo - Aoristo Indicativo Passiva - 3ª Pessoa Plural,foram derramado,eles(as) foram derramado,concordancia_participio,alta,Auxiliar plural com particpio aparentemente singular: 'foram derramado'.,Revisar o numero do particpio; provavel forma plural: 'derramados'.
ἐλεηθήσονται,1653,V-FIP-3P,Verbo - Futuro Indicativo Passiva - 3ª Pessoa Plural,alcançarão misericórdia,eles(as) alcançarão misericórdia,passiva_a_confirmar,revisar,"'V-FIP-3P' e passiva, porem a passiva nao esta explicita em 'alcançarão misericórdia'.","Confirmar se a glossa pretende particpio isolado, adjetivo verbal ou construao passiva completa."
ἠλεήθημεν,1653,V-AIP-1P,Verbo - Aoristo Indicativo Passiva - 1ª Pessoa Plural,fomos tido misericórdia,"nós fomos tido misericórdia, fomos mostrado compaixão, fomos sido misericordioso.",concordancia_participio,alta,Auxiliar plural com particpio aparentemente singular: 'fomos tido'.,Revisar o numero do particpio; provavel forma plural: 'tidos'.
ἠλεήθημεν,1653,V-AIP-1P,Verbo - Aoristo Indicativo Passiva - 1ª Pessoa Plural,fomos tido misericórdia,"nós fomos tido misericórdia, fomos mostrado compaixão, fomos sido misericordioso.",construao_inadequada,alta,Construo inadequada: 'fomos tido'.,"Reescrever com forma idiomatica, por exemplo 'tivemos' ou 'recebemos'."
ἐμπαιχθήσεται,1702,V-FIP-3S,Verbo - Futuro Indicativo Passiva - 3ª Pessoa Singular,será zombado,"ele(a) será zombado, será ridicularizado",passiva_a_confirmar,revisar,"'V-FIP-3S' e passiva, porem a passiva nao esta explicita em 'será zombado'.","Confirmar se a glossa pretende particpio isolado, adjetivo verbal ou construao passiva completa."
ἐμπτυσθήσεται,1716,V-FIP-3S,Verbo - Futuro Indicativo Passiva - 3ª Pessoa Singular,será cuspido,ele(a) será cuspido,passiva_a_confirmar,revisar,"'V-FIP-3S' e passiva, porem a passiva nao esta explicita em 'será cuspido'.","Confirmar se a glossa pretende particpio isolado, adjetivo verbal ou construao passiva completa."
ἐμφανισθῆναι,1718,V-ANP,Verbo - Aoristo Infinitivo Passiva,tornar manifesto,"tornar manifesto, revelar, mostrar, declarar",passiva_a_confirmar,revisar,"'V-ANP' e passiva, porem a passiva nao esta explicita em 'tornar manifesto'.","Confirmar se a glossa pretende particpio isolado, adjetivo verbal ou construao passiva completa."
ἐνεφανίσθησαν,1718,V-AIP-3P,Verbo - Aoristo Indicativo Passiva - 3ª Pessoa Plural,foram tornado manifesto,"eles(as) foram tornado manifesto, foram revelado, foram mostrado, foram declarado",concordancia_participio,alta,Auxiliar plural com particpio aparentemente singular: 'foram tornado'.,Revisar o numero do particpio; provavel forma plural: 'tornados'.
ἐνεφανίσθησαν,1718,V-AIP-3P,Verbo - Aoristo Indicativo Passiva - 3ª Pessoa Plural,foram tornado manifesto,"eles(as) foram tornado manifesto, foram revelado, foram mostrado, foram declarado",construao_inadequada,alta,Construo inadequada: 'foram tornado'.,"Reescrever com forma idiomatica, por exemplo 'foram tornados' ou 'tornaram-se'."
ἐνυπνιασθήσονται,1797,V-FIP-3P,Verbo - Futuro Indicativo Passiva - 3ª Pessoa Plural,serão sonhado,eles(as) serão sonhado,passiva_a_confirmar,revisar,"'V-FIP-3P' e passiva, porem a passiva nao esta explicita em 'serão sonhado'.","Confirmar se a glossa pretende particpio isolado, adjetivo verbal ou construao passiva completa."
ἐξαλειφθῆναι,1813,V-ANP,Verbo - Aoristo Infinitivo Passiva,eliminar,"eliminar, apagar, obliterar",passiva_sem_marca,alta,"'V-ANP' e passiva, mas 'pt' esta em infinitivo ativo: 'eliminar'.","Revisar para uma forma passiva adequada, por exemplo 'ser + particpio', quando o contexto nao exigir outra soluao."
ἐξαπορηθῆναι,1820,V-ANP,Verbo - Aoristo Infinitivo Passiva,estar totalmente perdido,"estar totalmente perdido, estar em desespero",passiva_a_confirmar,revisar,"'V-ANP' e passiva, porem a passiva nao esta explicita em 'estar totalmente perdido'.","Confirmar se a glossa pretende particpio isolado, adjetivo verbal ou construao passiva completa."
ἐξολεθρευθήσεται,1842,V-FIP-3S,Verbo - Futuro Indicativo Passiva - 3ª Pessoa Singular,será destruído completamente,"ele(a) será destruído completamente, será exterminado, será erradicado",passiva_a_confirmar,revisar,"'V-FIP-3S' e passiva, porem a passiva nao esta explicita em 'será destruído completamente'.","Confirmar se a glossa pretende particpio isolado, adjetivo verbal ou construao passiva completa."
ἐπηγγείλαντο,1861,V-AIP-3P,Verbo - Aoristo Indicativo Passiva - 3ª Pessoa Plural,foram prometido,"eles(as) foram prometido, foram proclamado, foram anunciado",concordancia_participio,alta,Auxiliar plural com particpio aparentemente singular: 'foram prometido'.,Revisar o numero do particpio; provavel forma plural: 'prometidos'.
ἐπαισχυνθῇς,1870,V-ASP-2S,Verbo - Aoristo Subjuntivo Passiva - 2ª Pessoa Singular,sejas tido vergonha,"tu sejas tido vergonha, sejas sentido vergonha",passiva_a_confirmar,revisar,"'V-ASP-2S' e passiva, porem a passiva nao esta explicita em 'sejas tido vergonha'.","Confirmar se a glossa pretende particpio isolado, adjetivo verbal ou construao passiva completa."
ἐπανέρχεσθαί,1880,V-PNM/P,Verbo - Presente Infinitivo Média ou Passiva,voltar,voltar,media_passiva_ambigua,revisar,'V-PNM/P' e media ou passiva e 'pt' e infinitivo ativo: 'voltar'.,"Decidir pelo contexto entre leitura media/reflexiva, passiva ou ativa idiomatica; nao corrigir automaticamente."
ἐπικαλεῖσθαι,1941,V-PNM/P,Verbo - Presente Infinitivo Média ou Passiva,chamar,"chamar, invocar, apelar, nomear",media_passiva_ambigua,revisar,'V-PNM/P' e media ou passiva e 'pt' e infinitivo ativo: 'chamar'.,"Decidir pelo contexto entre leitura media/reflexiva, passiva ou ativa idiomatica; nao corrigir automaticamente."
ἐπικεῖσθαι,1945,V-PNM/P,Verbo - Presente Infinitivo Média ou Passiva,deitar,"deitar, ser imposto, pressionar",media_passiva_ambigua,revisar,'V-PNM/P' e media ou passiva e 'pt' e infinitivo ativo: 'deitar'.,"Decidir pelo contexto entre leitura media/reflexiva, passiva ou ativa idiomatica; nao corrigir automaticamente."
ἐπιλυθήσεται,1956,V-FIP-3S,Verbo - Futuro Indicativo Passiva - 3ª Pessoa Singular,será explicado,"ele(a) será explicado, será interpretado, será resolvido",passiva_a_confirmar,revisar,"'V-FIP-3S' e passiva, porem a passiva nao esta explicita em 'será explicado'.","Confirmar se a glossa pretende particpio isolado, adjetivo verbal ou construao passiva completa."
Ἐπιμελήθητι,1959,V-AMP-2S,Verbo - Aoristo Imperativo Passiva - 2ª Pessoa Singular,és cuidado,tu és cuidado,passiva_a_confirmar,revisar,"'V-AMP-2S' e passiva, porem a passiva nao esta explicita em 'és cuidado'.","Confirmar se a glossa pretende particpio isolado, adjetivo verbal ou construao passiva completa."
ἐπισκέπτεσθαι,1980,V-PNM/P,Verbo - Presente Infinitivo Média ou Passiva,visitar,"visitar, cuidar",media_passiva_ambigua,revisar,'V-PNM/P' e media ou passiva e 'pt' e infinitivo ativo: 'visitar'.,"Decidir pelo contexto entre leitura media/reflexiva, passiva ou ativa idiomatica; nao corrigir automaticamente."
ἐπεστράφητε,1994,V-AIP-2P,Verbo - Aoristo Indicativo Passiva - 2ª Pessoa Plural,fostes virado,"vós fostes virado, fostes voltado, fostes voltado atrás, fostes convertido",concordancia_participio,alta,Auxiliar plural com particpio aparentemente singular: 'fostes virado'.,Revisar o numero do particpio; provavel forma plural: 'virados'.
ἐπιστραφήτω,1994,V-AMP-3S,Verbo - Aoristo Imperativo Passiva - 3ª Pessoa Singular,retorne,"ele(a) sê convertido(a), retorne",passiva_a_confirmar,revisar,"'V-AMP-3S' e passiva, porem a passiva nao esta explicita em 'retorne'.","Confirmar se a glossa pretende particpio isolado, adjetivo verbal ou construao passiva completa."
ἐπισυναχθήσονται,1996,V-FIP-3P,Verbo - Futuro Indicativo Passiva - 3ª Pessoa Plural,serão reunido,eles(as) serão reunido,passiva_a_confirmar,revisar,"'V-FIP-3P' e passiva, porem a passiva nao esta explicita em 'serão reunido'.","Confirmar se a glossa pretende particpio isolado, adjetivo verbal ou construao passiva completa."
ἐπιτελεῖσθαι,2005,V-PNM/P,Verbo - Presente Infinitivo Média ou Passiva,completar,"completar, realizar, aperfeiçoar, terminar",media_passiva_ambigua,revisar,'V-PNM/P' e media ou passiva e 'pt' e infinitivo ativo: 'completar'.,"Decidir pelo contexto entre leitura media/reflexiva, passiva ou ativa idiomatica; nao corrigir automaticamente."
ἐπιχορηγηθήσεται,2023,V-FIP-3S,Verbo - Futuro Indicativo Passiva - 3ª Pessoa Singular,será fornecido,"ele(a) será fornecido, será fornecido abundantemente",passiva_a_confirmar,revisar,"'V-FIP-3S' e passiva, porem a passiva nao esta explicita em 'será fornecido'.","Confirmar se a glossa pretende particpio isolado, adjetivo verbal ou construao passiva completa."
ἐρρέθησαν,2046,V-AIP-3P,Verbo - Aoristo Indicativo Passiva - 3ª Pessoa Plural,foram dito,"eles(as) foram dito, foram falado, foram contado",concordancia_participio,alta,Auxiliar plural com particpio aparentemente singular: 'foram dito'.,Revisar o numero do particpio; provavel forma plural: 'ditos'.
εὐοδοῦσθαι,2137,V-PNM/P,Verbo - Presente Infinitivo Média ou Passiva,prosperar,"prosperar, ter sucesso, ter uma boa jornada",media_passiva_ambigua,revisar,'V-PNM/P' e media ou passiva e 'pt' e infinitivo ativo: 'prosperar'.,"Decidir pelo contexto entre leitura media/reflexiva, passiva ou ativa idiomatica; nao corrigir automaticamente."
εὑρέθημεν,2147,V-AIP-1P,Verbo - Aoristo Indicativo Passiva - 1ª Pessoa Plural,fomos encontrado,"nós fomos encontrado, fomos descoberto, obtivemos",concordancia_participio,alta,Auxiliar plural com particpio aparentemente singular: 'fomos encontrado'.,Revisar o numero do particpio; provavel forma plural: 'encontrados'.
εὑρεθήσεται,2147,V-FIP-3S,Verbo - Futuro Indicativo Passiva - 3ª Pessoa Singular,será encontrado,"ele(a) será encontrado, será descoberto, será obtido",passiva_a_confirmar,revisar,"'V-FIP-3S' e passiva, porem a passiva nao esta explicita em 'será encontrado'.","Confirmar se a glossa pretende particpio isolado, adjetivo verbal ou construao passiva completa."
εὑρεθησόμεθα,2147,V-FIP-1P,Verbo - Futuro Indicativo Passiva - 1ª Pessoa Plural,seremos encontrado,"nós seremos encontrado, seremos descoberto, seremos obtido",concordancia_participio,alta,Auxiliar plural com particpio aparentemente singular: 'seremos encontrado'.,Revisar o numero do particpio; provavel forma plural: 'encontrados'.
εὑρεθῆναι,2147,V-ANP,Verbo - Aoristo Infinitivo Passiva,encontrar,"encontrar, descobrir, obter",passiva_sem_marca,alta,"'V-ANP' e passiva, mas 'pt' esta em infinitivo ativo: 'encontrar'.","Revisar para uma forma passiva adequada, por exemplo 'ser + particpio', quando o contexto nao exigir outra soluao."
εὑρεθῆτε,2147,V-ASP-2P,Verbo - Aoristo Subjuntivo Passiva - 2ª Pessoa Plural,sejais encontrado,"vós sejais encontrado, sejais descoberto, sejais obtido",concordancia_participio,alta,Auxiliar plural com particpio aparentemente singular: 'sejais encontrado'.,Revisar o numero do particpio; provavel forma plural: 'encontrados'.
εὑρεθῶσιν,2147,V-ASP-3P,Verbo - Aoristo Subjuntivo Passiva - 3ª Pessoa Plural,sejam encontrado,"eles(as) sejam encontrado, sejam descoberto, sejam obtido",concordancia_participio,alta,Auxiliar plural com particpio aparentemente singular: 'sejam encontrado'.,Revisar o numero do particpio; provavel forma plural: 'encontrados'.
εὐφράνθητι,2165,V-AMP-2S,Verbo - Aoristo Imperativo Passiva - 2ª Pessoa Singular,és alegrado,tu és alegrado,passiva_a_confirmar,revisar,"'V-AMP-2S' e passiva, porem a passiva nao esta explicita em 'és alegrado'.","Confirmar se a glossa pretende particpio isolado, adjetivo verbal ou construao passiva completa."
εὐφραίνεσθαι,2165,V-PNM/P,Verbo - Presente Infinitivo Média ou Passiva,alegrar,alegrar,media_passiva_ambigua,revisar,'V-PNM/P' e media ou passiva e 'pt' e infinitivo ativo: 'alegrar'.,"Decidir pelo contexto entre leitura media/reflexiva, passiva ou ativa idiomatica; nao corrigir automaticamente."
εὐφρανθῆναι,2165,V-ANP,Verbo - Aoristo Infinitivo Passiva,alegrar,alegrar,passiva_sem_marca,alta,"'V-ANP' e passiva, mas 'pt' esta em infinitivo ativo: 'alegrar'.","Revisar para uma forma passiva adequada, por exemplo 'ser + particpio', quando o contexto nao exigir outra soluao."
εὐφρανθῶμεν,2165,V-ASP-1P,Verbo - Aoristo Subjuntivo Passiva - 1ª Pessoa Plural,sejamos alegrado,nós sejamos alegrado,concordancia_participio,alta,Auxiliar plural com particpio aparentemente singular: 'sejamos alegrado'.,Revisar o numero do particpio; provavel forma plural: 'alegrados'.
ζημιωθήσεται,2210,V-FIP-3S,Verbo - Futuro Indicativo Passiva - 3ª Pessoa Singular,será sofrido perdas,"ele(a) será sofrido perdas, será perdido, será sido punido, será sofrido danos",passiva_a_confirmar,revisar,"'V-FIP-3S' e passiva, porem a passiva nao esta explicita em 'será sofrido perdas'.","Confirmar se a glossa pretende particpio isolado, adjetivo verbal ou construao passiva completa."
ζημιωθῆναι,2210,V-ANP,Verbo - Aoristo Infinitivo Passiva,sofrer perdas,"sofrer perdas, perder, ser punido, sofrer danos",passiva_a_confirmar,revisar,"'V-ANP' e passiva, porem a passiva nao esta explicita em 'sofrer perdas'.","Confirmar se a glossa pretende particpio isolado, adjetivo verbal ou construao passiva completa."
ζημιωθῆτε,2210,V-ASP-2P,Verbo - Aoristo Subjuntivo Passiva - 2ª Pessoa Plural,sejais sofrido perdas,"vós sejais sofrido perdas, sejais perdido, sejais sido punido, sejais sofrido danos",concordancia_participio,alta,Auxiliar plural com particpio aparentemente singular: 'sejais sofrido'.,Revisar o numero do particpio; provavel forma plural: 'sofridos'.
ζητηθήσεται,2212,V-FIP-3S,Verbo - Futuro Indicativo Passiva - 3ª Pessoa Singular,será buscado,"ele(a) será buscado, será procurado, será desejado, será lutado por",passiva_a_confirmar,revisar,"'V-FIP-3S' e passiva, porem a passiva nao esta explicita em 'será buscado'.","Confirmar se a glossa pretende particpio isolado, adjetivo verbal ou construao passiva completa."
ζωοποιηθήσονται,2227,V-FIP-3P,Verbo - Futuro Indicativo Passiva - 3ª Pessoa Plural,serão tornado vivo,"eles(as) serão tornado vivo, serão dado vida, serão acelerado",passiva_a_confirmar,revisar,"'V-FIP-3P' e passiva, porem a passiva nao esta explicita em 'serão tornado vivo'.","Confirmar se a glossa pretende particpio isolado, adjetivo verbal ou construao passiva completa."
ἡγεῖσθαι,2233,V-PNM/P,Verbo - Presente Infinitivo Média ou Passiva,liderar,"liderar, considerar, pensar",media_passiva_ambigua,revisar,'V-PNM/P' e media ou passiva e 'pt' e infinitivo ativo: 'liderar'.,"Decidir pelo contexto entre leitura media/reflexiva, passiva ou ativa idiomatica; nao corrigir automaticamente."
ἡσσώθητε,2274,V-AIP-2P,Verbo - Aoristo Indicativo Passiva - 2ª Pessoa Plural,fostes sido derrotado,"vós fostes sido derrotado, fostes sido inferior, fostes sido superado",concordancia_participio,alta,Auxiliar plural com particpio aparentemente singular: 'fostes sido'.,Revisar o numero do particpio; provavel forma plural: 'sidos'.
ἐθαμβήθησαν,2284,V-AIP-3P,Verbo - Aoristo Indicativo Passiva - 3ª Pessoa Plural,foram surpreendido,eles(as) foram surpreendido,concordancia_participio,alta,Auxiliar plural com particpio aparentemente singular: 'foram surpreendido'.,Revisar o numero do particpio; provavel forma plural: 'surpreendidos'.
θαυμασθήσονται,2296,V-FIP-3P,Verbo - Futuro Indicativo Passiva - 3ª Pessoa Plural,serão maravilhado,"eles(as) serão maravilhado, serão surpreendido",passiva_a_confirmar,revisar,"'V-FIP-3P' e passiva, porem a passiva nao esta explicita em 'serão maravilhado'.","Confirmar se a glossa pretende particpio isolado, adjetivo verbal ou construao passiva completa."
θαυμασθῆναι,2296,V-ANP,Verbo - Aoristo Infinitivo Passiva,maravilhar,"maravilhar, surpreender",passiva_sem_marca,alta,"'V-ANP' e passiva, mas 'pt' esta em infinitivo ativo: 'maravilhar'.","Revisar para uma forma passiva adequada, por exemplo 'ser + particpio', quando o contexto nao exigir outra soluao."
θεραπευθῆναι,2323,V-ANP,Verbo - Aoristo Infinitivo Passiva,curar,"curar, restaurar a saúde",passiva_sem_marca,alta,"'V-ANP' e passiva, mas 'pt' esta em infinitivo ativo: 'curar'.","Revisar para uma forma passiva adequada, por exemplo 'ser + particpio', quando o contexto nao exigir outra soluao."
θεραπεύεσθαι,2323,V-PNM/P,Verbo - Presente Infinitivo Média ou Passiva,curar,"curar, restaurar a saúde",media_passiva_ambigua,revisar,'V-PNM/P' e media ou passiva e 'pt' e infinitivo ativo: 'curar'.,"Decidir pelo contexto entre leitura media/reflexiva, passiva ou ativa idiomatica; nao corrigir automaticamente."
ἐθεραπεύθησαν,2323,V-AIP-3P,Verbo - Aoristo Indicativo Passiva - 3ª Pessoa Plural,foram curado,"eles(as) foram curado, foram restaurado a saúde",concordancia_participio,alta,Auxiliar plural com particpio aparentemente singular: 'foram curado'.,Revisar o numero do particpio; provavel forma plural: 'curados'.
θλίβεσθαι,2346,V-PNM/P,Verbo - Presente Infinitivo Média ou Passiva,pressionar,"pressionar, afligir, perturbar, oprimir",media_passiva_ambigua,revisar,'V-PNM/P' e media ou passiva e 'pt' e infinitivo ativo: 'pressionar'.,"Decidir pelo contexto entre leitura media/reflexiva, passiva ou ativa idiomatica; nao corrigir automaticamente."
θύεσθαι,2380,V-PNM/P,Verbo - Presente Infinitivo Média ou Passiva,sacrificar,"sacrificar, matar",media_passiva_ambigua,revisar,'V-PNM/P' e media ou passiva e 'pt' e infinitivo ativo: 'sacrificar'.,"Decidir pelo contexto entre leitura media/reflexiva, passiva ou ativa idiomatica; nao corrigir automaticamente."
ἰαθήσεται,2390,V-FIP-3S,Verbo - Futuro Indicativo Passiva - 3ª Pessoa Singular,será curado,"ele(a) será curado, será restaurado",passiva_a_confirmar,revisar,"'V-FIP-3S' e passiva, porem a passiva nao esta explicita em 'será curado'.","Confirmar se a glossa pretende particpio isolado, adjetivo verbal ou construao passiva completa."
ἰαθήτω,2390,V-AMP-3S,Verbo - Aoristo Imperativo Passiva - 3ª Pessoa Singular,é curado,"ele(a) é curado, é restaurado",passiva_a_confirmar,revisar,"'V-AMP-3S' e passiva, porem a passiva nao esta explicita em 'é curado'.","Confirmar se a glossa pretende particpio isolado, adjetivo verbal ou construao passiva completa."
ἰαθῆναι,2390,V-ANP,Verbo - Aoristo Infinitivo Passiva,curar,"curar, restaurar",passiva_sem_marca,alta,"'V-ANP' e passiva, mas 'pt' esta em infinitivo ativo: 'curar'.","Revisar para uma forma passiva adequada, por exemplo 'ser + particpio', quando o contexto nao exigir outra soluao."
ἱλάσθητί,2433,V-AMP-2S,Verbo - Aoristo Imperativo Passiva - 2ª Pessoa Singular,és propiciado,"tu és propiciado, és apaziguado, és expiado",passiva_a_confirmar,revisar,"'V-AMP-2S' e passiva, porem a passiva nao esta explicita em 'és propiciado'.","Confirmar se a glossa pretende particpio isolado, adjetivo verbal ou construao passiva completa."
ἱλάσκεσθαι,2433,V-PNM/P,Verbo - Presente Infinitivo Média ou Passiva,propiciar,"propiciar, apaziguar, expiar",media_passiva_ambigua,revisar,'V-PNM/P' e media ou passiva e 'pt' e infinitivo ativo: 'propiciar'.,"Decidir pelo contexto entre leitura media/reflexiva, passiva ou ativa idiomatica; nao corrigir automaticamente."
σταθήσεσθε,2476,V-FIP-2P,Verbo - Futuro Indicativo Passiva - 2ª Pessoa Plural,sereis posicionado,"vós sereis posicionado, sereis estado de pé, sereis parado, sereis estabelecido",concordancia_participio,alta,Auxiliar plural com particpio aparentemente singular: 'sereis posicionado'.,Revisar o numero do particpio; provavel forma plural: 'posicionados'.
σταθῆτε,2476,V-ASP-2P,Verbo - Aoristo Subjuntivo Passiva - 2ª Pessoa Plural,sejais posicionado,"vós sejais posicionado, sejais estado de pé, sejais parado, sejais estabelecido",concordancia_participio,alta,Auxiliar plural com particpio aparentemente singular: 'sejais posicionado'.,Revisar o numero do particpio; provavel forma plural: 'posicionados'.
ἐστάθησαν,2476,V-AIP-3P,Verbo - Aoristo Indicativo Passiva - 3ª Pessoa Plural,foram posicionado,"eles(as) foram posicionado, foram estado de pé, foram parado, foram estabelecido",concordancia_participio,alta,Auxiliar plural com particpio aparentemente singular: 'foram posicionado'.,Revisar o numero do particpio; provavel forma plural: 'posicionados'.
καθαιρεῖσθαι,2507,V-PNM/P,Verbo - Presente Infinitivo Média ou Passiva,derrubar,"derrubar, destruir, demolir, destronar",media_passiva_ambigua,revisar,'V-PNM/P' e media ou passiva e 'pt' e infinitivo ativo: 'derrubar'.,"Decidir pelo contexto entre leitura media/reflexiva, passiva ou ativa idiomatica; nao corrigir automaticamente."
καθαρίζεσθαι,2511,V-PNM/P,Verbo - Presente Infinitivo Média ou Passiva,limpar,"limpar, purificar",media_passiva_ambigua,revisar,'V-PNM/P' e media ou passiva e 'pt' e infinitivo ativo: 'limpar'.,"Decidir pelo contexto entre leitura media/reflexiva, passiva ou ativa idiomatica; nao corrigir automaticamente."
κατασταθήσονται,2525,V-FIP-3P,Verbo - Futuro Indicativo Passiva - 3ª Pessoa Plural,serão nomeados,"eles(as) serão nomeados, serão fixados, serão estabelecidos, serão constituídos",passiva_a_confirmar,revisar,"'V-FIP-3P' e passiva, porem a passiva nao esta explicita em 'serão nomeados'.","Confirmar se a glossa pretende particpio isolado, adjetivo verbal ou construao passiva completa."
κατεστάθησαν,2525,V-AIP-3P,Verbo - Aoristo Indicativo Passiva - 3ª Pessoa Plural,foram nomeado,"eles(as) foram nomeado, foram fixado, foram estabelecido, foram constituído",concordancia_participio,alta,Auxiliar plural com particpio aparentemente singular: 'foram nomeado'.,Revisar o numero do particpio; provavel forma plural: 'nomeados'.
κληθῶμεν,2564,V-ASP-1P,Verbo - Aoristo Subjuntivo Passiva - 1ª Pessoa Plural,sejamos chamado,"nós sejamos chamado, sejamos nomeado, sejamos convidado",concordancia_participio,alta,Auxiliar plural com particpio aparentemente singular: 'sejamos chamado'.,Revisar o numero do particpio; provavel forma plural: 'chamados'.
κατεαγῶσιν,2608,V-ASP-3P,Verbo - Aoristo Subjuntivo Passiva - 3ª Pessoa Plural,sejam quebrado,eles(as) sejam quebrado,concordancia_participio,alta,Auxiliar plural com particpio aparentemente singular: 'sejam quebrado'.,Revisar o numero do particpio; provavel forma plural: 'quebrados'.
καταδικασθήσῃ,2613,V-FIP-2S,Verbo - Futuro Indicativo Passiva - 2ª Pessoa Singular,serás condenado,"tu serás condenado, serás julgado",passiva_a_confirmar,revisar,"'V-FIP-2S' e passiva, porem a passiva nao esta explicita em 'serás condenado'.","Confirmar se a glossa pretende particpio isolado, adjetivo verbal ou construao passiva completa."
καταδικασθῆτε,2613,V-ASP-2P,Verbo - Aoristo Subjuntivo Passiva - 2ª Pessoa Plural,sejais condenado,"vós sejais condenado, sejais julgado",concordancia_participio,alta,Auxiliar plural com particpio aparentemente singular: 'sejais condenado'.,Revisar o numero do particpio; provavel forma plural: 'condenados'.
καταισχυνθῶμεν,2617,V-ASP-1P,Verbo - Aoristo Subjuntivo Passiva - 1ª Pessoa Plural,sejamos envergonhado,"nós sejamos envergonhado, sejamos desonrado, sejamos confundido",concordancia_participio,alta,Auxiliar plural com particpio aparentemente singular: 'sejamos envergonhado'.,Revisar o numero do particpio; provavel forma plural: 'envergonhados'.
καταισχυνθῶσιν,2617,V-ASP-3P,Verbo - Aoristo Subjuntivo Passiva - 3ª Pessoa Plural,sejam envergonhado,"eles(as) sejam envergonhado, sejam desonrado, sejam confundido",concordancia_participio,alta,Auxiliar plural com particpio aparentemente singular: 'sejam envergonhado'.,Revisar o numero do particpio; provavel forma plural: 'envergonhados'.
κατακαήσεται,2618,V-FIP-3S,Verbo - Futuro Indicativo Passiva - 3ª Pessoa Singular,será queimado,"ele(a) será queimado, será consumido pelo fogo, será destruído totalmente pela queima.",passiva_a_confirmar,revisar,"'V-FIP-3S' e passiva, porem a passiva nao esta explicita em 'será queimado'.","Confirmar se a glossa pretende particpio isolado, adjetivo verbal ou construao passiva completa."
κατακαυθήσεται,2618,V-FIP-3S,Verbo - Futuro Indicativo Passiva - 3ª Pessoa Singular,será queimado,"ele(a) será queimado, será consumido pelo fogo, será destruído totalmente pela queima.",passiva_a_confirmar,revisar,"'V-FIP-3S' e passiva, porem a passiva nao esta explicita em 'será queimado'.","Confirmar se a glossa pretende particpio isolado, adjetivo verbal ou construao passiva completa."
κατακαλύπτεσθαι,2619,V-PNM/P,Verbo - Presente Infinitivo Média ou Passiva,cobrir,"cobrir, velar",media_passiva_ambigua,revisar,'V-PNM/P' e media ou passiva e 'pt' e infinitivo ativo: 'cobrir'.,"Decidir pelo contexto entre leitura media/reflexiva, passiva ou ativa idiomatica; nao corrigir automaticamente."
κατακλιθῆναι,2625,V-ANP,Verbo - Aoristo Infinitivo Passiva,reclinar,"reclinar, deitar",passiva_sem_marca,alta,"'V-ANP' e passiva, mas 'pt' esta em infinitivo ativo: 'reclinar'.","Revisar para uma forma passiva adequada, por exemplo 'ser + particpio', quando o contexto nao exigir outra soluao."
κατακλιθῇς,2625,V-ASP-2S,Verbo - Aoristo Subjuntivo Passiva - 2ª Pessoa Singular,sejas reclinado,"tu sejas reclinado, sejas deitado",passiva_a_confirmar,revisar,"'V-ASP-2S' e passiva, porem a passiva nao esta explicita em 'sejas reclinado'.","Confirmar se a glossa pretende particpio isolado, adjetivo verbal ou construao passiva completa."
κατακριθήσεται,2632,V-FIP-3S,Verbo - Futuro Indicativo Passiva - 3ª Pessoa Singular,será condenado,"ele(a) será condenado, será julgado contra, será sentenciado.",passiva_a_confirmar,revisar,"'V-FIP-3S' e passiva, porem a passiva nao esta explicita em 'será condenado'.","Confirmar se a glossa pretende particpio isolado, adjetivo verbal ou construao passiva completa."
κατακριθῶμεν,2632,V-ASP-1P,Verbo - Aoristo Subjuntivo Passiva - 1ª Pessoa Plural,sejamos condenado,"nós sejamos condenado, sejamos julgado contra, sejamos sentenciado.",concordancia_participio,alta,Auxiliar plural com particpio aparentemente singular: 'sejamos condenado'.,Revisar o numero do particpio; provavel forma plural: 'condenados'.
καταλειφθῆναι,2641,V-ANP,Verbo - Aoristo Infinitivo Passiva,deixar para trás,"deixar para trás, abandonar",passiva_a_confirmar,revisar,"'V-ANP' e passiva, porem a passiva nao esta explicita em 'deixar para trás'.","Confirmar se a glossa pretende particpio isolado, adjetivo verbal ou construao passiva completa."
καταλλαγήτω,2644,V-AMP-3S,Verbo - Aoristo Imperativo Passiva - 3ª Pessoa Singular,é reconciliado,"ele(a) é reconciliado, é restaurado a favor",passiva_a_confirmar,revisar,"'V-AMP-3S' e passiva, porem a passiva nao esta explicita em 'é reconciliado'.","Confirmar se a glossa pretende particpio isolado, adjetivo verbal ou construao passiva completa."
κατηλλάγημεν,2644,V-AIP-1P,Verbo - Aoristo Indicativo Passiva - 1ª Pessoa Plural,fomos reconciliado,"nós fomos reconciliado, fomos restaurado a favor",concordancia_participio,alta,Auxiliar plural com particpio aparentemente singular: 'fomos reconciliado'.,Revisar o numero do particpio; provavel forma plural: 'reconciliados'.
κατενύγησαν,2660,V-AIP-3P,Verbo - Aoristo Indicativo Passiva - 3ª Pessoa Plural,foram perfurado completamente,"eles(as) foram perfurado completamente, foram sido picado, foram sido profundamente comovido ou afetado.",concordancia_participio,alta,Auxiliar plural com particpio aparentemente singular: 'foram perfurado'.,Revisar o numero do particpio; provavel forma plural: 'perfurados'.
καταξιωθῆναι,2661,V-ANP,Verbo - Aoristo Infinitivo Passiva,considerar digno,considerar digno,passiva_a_confirmar,revisar,"'V-ANP' e passiva, porem a passiva nao esta explicita em 'considerar digno'.","Confirmar se a glossa pretende particpio isolado, adjetivo verbal ou construao passiva completa."
κατηξιώθησαν,2661,V-AIP-3P,Verbo - Aoristo Indicativo Passiva - 3ª Pessoa Plural,foram considerado digno,eles(as) foram considerado digno,concordancia_participio,alta,Auxiliar plural com particpio aparentemente singular: 'foram considerado'.,Revisar o numero do particpio; provavel forma plural: 'considerados'.
κατεπόθησαν,2666,V-AIP-3P,Verbo - Aoristo Indicativo Passiva - 3ª Pessoa Plural,foram engolido,"eles(as) foram engolido, foram devorado, foram consumido",concordancia_participio,alta,Auxiliar plural com particpio aparentemente singular: 'foram engolido'.,Revisar o numero do particpio; provavel forma plural: 'engolidos'.
καταποντίζεσθαι,2670,V-PNM/P,Verbo - Presente Infinitivo Média ou Passiva,afundar,"afundar, submergir",media_passiva_ambigua,revisar,'V-PNM/P' e media ou passiva e 'pt' e infinitivo ativo: 'afundar'.,"Decidir pelo contexto entre leitura media/reflexiva, passiva ou ativa idiomatica; nao corrigir automaticamente."
καταργηθήσονται,2673,V-FIP-3P,Verbo - Futuro Indicativo Passiva - 3ª Pessoa Plural,serão abolido,"eles(as) serão abolido, serão anulado, serão tornado ineficaz, serão posto fim",passiva_a_confirmar,revisar,"'V-FIP-3P' e passiva, porem a passiva nao esta explicita em 'serão abolido'.","Confirmar se a glossa pretende particpio isolado, adjetivo verbal ou construao passiva completa."
κατηργήθητε,2673,V-AIP-2P,Verbo - Aoristo Indicativo Passiva - 2ª Pessoa Plural,fostes abolido,"vós fostes abolido, fostes anulado, fostes tornado ineficaz, fostes posto fim",concordancia_participio,alta,Auxiliar plural com particpio aparentemente singular: 'fostes abolido'.,Revisar o numero do particpio; provavel forma plural: 'abolidos'.
κατεστρώθησαν,2693,V-AIP-3P,Verbo - Aoristo Indicativo Passiva - 3ª Pessoa Plural,foram espalhado,"eles(as) foram espalhado, foram deitado",concordancia_participio,alta,Auxiliar plural com particpio aparentemente singular: 'foram espalhado'.,Revisar o numero do particpio; provavel forma plural: 'espalhados'.
κατηγορεῖσθαι,2723,V-PNM/P,Verbo - Presente Infinitivo Média ou Passiva,acusar,"acusar, cobrar",media_passiva_ambigua,revisar,'V-PNM/P' e media ou passiva e 'pt' e infinitivo ativo: 'acusar'.,"Decidir pelo contexto entre leitura media/reflexiva, passiva ou ativa idiomatica; nao corrigir automaticamente."
ἐκαυματίσθησαν,2739,V-AIP-3P,Verbo - Aoristo Indicativo Passiva - 3ª Pessoa Plural,foram queimado,"eles(as) foram queimado, foram sido queimado com calor",concordancia_participio,alta,Auxiliar plural com particpio aparentemente singular: 'foram queimado'.,Revisar o numero do particpio; provavel forma plural: 'queimados'.
κερδηθήσονται,2770,V-FIP-3P,Verbo - Futuro Indicativo Passiva - 3ª Pessoa Plural,serão ganhado,"eles(as) serão ganhado, serão ganhado, serão lucrado",passiva_a_confirmar,revisar,"'V-FIP-3P' e passiva, porem a passiva nao esta explicita em 'serão ganhado'.","Confirmar se a glossa pretende particpio isolado, adjetivo verbal ou construao passiva completa."
ἐκινήθησαν,2795,V-AIP-3P,Verbo - Aoristo Indicativo Passiva - 3ª Pessoa Plural,foram movido,"eles(as) foram movido, foram agitado, foram colocado em movimento",concordancia_participio,alta,Auxiliar plural com particpio aparentemente singular: 'foram movido'.,Revisar o numero do particpio; provavel forma plural: 'movidos'.
κλεισθῶσιν,2808,V-ASP-3P,Verbo - Aoristo Subjuntivo Passiva - 3ª Pessoa Plural,sejam fechado,"eles(as) sejam fechado, sejam trancado",concordancia_participio,alta,Auxiliar plural com particpio aparentemente singular: 'sejam fechado'.,Revisar o numero do particpio; provavel forma plural: 'fechados'.
ἐκλείσθησαν,2808,V-AIP-3P,Verbo - Aoristo Indicativo Passiva - 3ª Pessoa Plural,foram fechado,"eles(as) foram fechado, foram trancado",concordancia_participio,alta,Auxiliar plural com particpio aparentemente singular: 'foram fechado'.,Revisar o numero do particpio; provavel forma plural: 'fechados'.
κοιμηθησόμεθα,2837,V-FIP-1P,Verbo - Futuro Indicativo Passiva - 1ª Pessoa Plural,seremos dormido,"nós seremos dormido, seremos adormecido, seremos morrido",concordancia_participio,alta,Auxiliar plural com particpio aparentemente singular: 'seremos dormido'.,Revisar o numero do particpio; provavel forma plural: 'dormidos'.
κολλήθητι,2853,V-AMP-2S,Verbo - Aoristo Imperativo Passiva - 2ª Pessoa Singular,és unido,"tu és unido, és aderido",passiva_a_confirmar,revisar,"'V-AMP-2S' e passiva, porem a passiva nao esta explicita em 'és unido'.","Confirmar se a glossa pretende particpio isolado, adjetivo verbal ou construao passiva completa."
κολληθήσεται,2853,V-FIP-3S,Verbo - Futuro Indicativo Passiva - 3ª Pessoa Singular,será unido,"ele(a) será unido, será aderido",passiva_a_confirmar,revisar,"'V-FIP-3S' e passiva, porem a passiva nao esta explicita em 'será unido'.","Confirmar se a glossa pretende particpio isolado, adjetivo verbal ou construao passiva completa."
ἐκολλήθησαν,2853,V-AIP-3P,Verbo - Aoristo Indicativo Passiva - 3ª Pessoa Plural,foram unido,"eles(as) foram unido, foram aderido",concordancia_participio,alta,Auxiliar plural com particpio aparentemente singular: 'foram unido'.,Revisar o numero do particpio; provavel forma plural: 'unidos'.
κολοβωθήσονται,2856,V-FIP-3P,Verbo - Futuro Indicativo Passiva - 3ª Pessoa Plural,serão encurtado,eles(as) serão encurtado,passiva_a_confirmar,revisar,"'V-FIP-3P' e passiva, porem a passiva nao esta explicita em 'serão encurtado'.","Confirmar se a glossa pretende particpio isolado, adjetivo verbal ou construao passiva completa."
ἐκολοβώθησαν,2856,V-AIP-3P,Verbo - Aoristo Indicativo Passiva - 3ª Pessoa Plural,foram encurtado,eles(as) foram encurtado,concordancia_participio,alta,Auxiliar plural com particpio aparentemente singular: 'foram encurtado'.,Revisar o numero do particpio; provavel forma plural: 'encurtados'.
κραταιωθῆναι,2901,V-ANP,Verbo - Aoristo Infinitivo Passiva,fortalecer,"fortalecer, tornar forte, capacitar",passiva_sem_marca,alta,"'V-ANP' e passiva, mas 'pt' esta em infinitivo ativo: 'fortalecer'.","Revisar para uma forma passiva adequada, por exemplo 'ser + particpio', quando o contexto nao exigir outra soluao."
κρατεῖσθαι,2902,V-PNM/P,Verbo - Presente Infinitivo Média ou Passiva,apreender,"apreender, segurar, agarrar, reter, manter",media_passiva_ambigua,revisar,'V-PNM/P' e media ou passiva e 'pt' e infinitivo ativo: 'apreender'.,"Decidir pelo contexto entre leitura media/reflexiva, passiva ou ativa idiomatica; nao corrigir automaticamente."
κριθήσονται,2919,V-FIP-3P,Verbo - Futuro Indicativo Passiva - 3ª Pessoa Plural,serão julgado,"eles(as) serão julgado, serão decidido, serão determinado",passiva_a_confirmar,revisar,"'V-FIP-3P' e passiva, porem a passiva nao esta explicita em 'serão julgado'.","Confirmar se a glossa pretende particpio isolado, adjetivo verbal ou construao passiva completa."
κριθῶσι,2919,V-ASP-3P,Verbo - Aoristo Subjuntivo Passiva - 3ª Pessoa Plural,sejam julgado,"eles(as) sejam julgado, sejam decidido, sejam determinado",concordancia_participio,alta,Auxiliar plural com particpio aparentemente singular: 'sejam julgado'.,Revisar o numero do particpio; provavel forma plural: 'julgados'.
κριθῶσιν,2919,V-ASP-3P,Verbo - Aoristo Subjuntivo Passiva - 3ª Pessoa Plural,sejam julgado,"eles(as) sejam julgado, sejam decidido, sejam determinado",concordancia_participio,alta,Auxiliar plural com particpio aparentemente singular: 'sejam julgado'.,Revisar o numero do particpio; provavel forma plural: 'julgados'.
ἐκτίσθησαν,2936,V-AIP-3P,Verbo - Aoristo Indicativo Passiva - 3ª Pessoa Plural,foram criado,"eles(as) foram criado, foram formado, foram feito",concordancia_participio,alta,Auxiliar plural com particpio aparentemente singular: 'foram criado'.,Revisar o numero do particpio; provavel forma plural: 'criados'.
κωλύεσθαι,2967,V-PNM/P,Verbo - Presente Infinitivo Média ou Passiva,impedir,"impedir, proibir, restringir",media_passiva_ambigua,revisar,'V-PNM/P' e media ou passiva e 'pt' e infinitivo ativo: 'impedir'.,"Decidir pelo contexto entre leitura media/reflexiva, passiva ou ativa idiomatica; nao corrigir automaticamente."
λαλεῖσθαι,2980,V-PNM/P,Verbo - Presente Infinitivo Média ou Passiva,falar,"falar, proferir",media_passiva_ambigua,revisar,'V-PNM/P' e media ou passiva e 'pt' e infinitivo ativo: 'falar'.,"Decidir pelo contexto entre leitura media/reflexiva, passiva ou ativa idiomatica; nao corrigir automaticamente."
λαληθησομένων,2980,V-FPP-GNP,Verbo - Futuro Particípio Passiva - Genitivo Neutro Plural,prestes a falar,"prestes a falar, prestes a proferir",passiva_a_confirmar,revisar,"'V-FPP-GNP' e passiva, porem a passiva nao esta explicita em 'prestes a falar'.","Confirmar se a glossa pretende particpio isolado, adjetivo verbal ou construao passiva completa."
λιθασθῶσιν,3034,V-ASP-3P,Verbo - Aoristo Subjuntivo Passiva - 3ª Pessoa Plural,sejam apedrejado,"eles(as) sejam apedrejado, sejam atirado pedras",concordancia_participio,alta,Auxiliar plural com particpio aparentemente singular: 'sejam apedrejado'.,Revisar o numero do particpio; provavel forma plural: 'apedrejados'.
λιθοβοληθήσεται,3036,V-FIP-3S,Verbo - Futuro Indicativo Passiva - 3ª Pessoa Singular,será apedrejado,"ele(a) será apedrejado, será atirado pedras",passiva_a_confirmar,revisar,"'V-FIP-3S' e passiva, porem a passiva nao esta explicita em 'será apedrejado'.","Confirmar se a glossa pretende particpio isolado, adjetivo verbal ou construao passiva completa."
ἐλιθοβόλησαν,3036,V-AIP-3P,Verbo - Aoristo Indicativo Passiva - 3ª Pessoa Plural,foram apedrejado,"eles(as) foram apedrejado, foram atirado pedras",concordancia_participio,alta,Auxiliar plural com particpio aparentemente singular: 'foram apedrejado'.,Revisar o numero do particpio; provavel forma plural: 'apedrejados'.
λογισθήσεται,3049,V-FIP-3S,Verbo - Futuro Indicativo Passiva - 3ª Pessoa Singular,será calculado,"ele(a) será calculado, será considerado, será contabilizado, será pensado, será imputado.",passiva_a_confirmar,revisar,"'V-FIP-3S' e passiva, porem a passiva nao esta explicita em 'será calculado'.","Confirmar se a glossa pretende particpio isolado, adjetivo verbal ou construao passiva completa."
λυπηθήσεσθε,3076,V-FIP-2P,Verbo - Futuro Indicativo Passiva - 2ª Pessoa Plural,sereis lamentado,"vós sereis lamentado, sereis causado tristeza, sereis angustiado",concordancia_participio,alta,Auxiliar plural com particpio aparentemente singular: 'sereis lamentado'.,Revisar o numero do particpio; provavel forma plural: 'lamentados'.
λυπηθῆναι,3076,V-ANP,Verbo - Aoristo Infinitivo Passiva,lamentar,"lamentar, causar tristeza, angustiar",passiva_sem_marca,alta,"'V-ANP' e passiva, mas 'pt' esta em infinitivo ativo: 'lamentar'.","Revisar para uma forma passiva adequada, por exemplo 'ser + particpio', quando o contexto nao exigir outra soluao."
λυπηθῆτε,3076,V-ASP-2P,Verbo - Aoristo Subjuntivo Passiva - 2ª Pessoa Plural,sejais lamentado,"vós sejais lamentado, sejais causado tristeza, sejais angustiado",concordancia_participio,alta,Auxiliar plural com particpio aparentemente singular: 'sejais lamentado'.,Revisar o numero do particpio; provavel forma plural: 'lamentados'.
ἐλυτρώθητε,3084,V-AIP-2P,Verbo - Aoristo Indicativo Passiva - 2ª Pessoa Plural,fostes redimido,"vós fostes redimido, fostes resgatado, fostes libertado",concordancia_participio,alta,Auxiliar plural com particpio aparentemente singular: 'fostes redimido'.,Revisar o numero do particpio; provavel forma plural: 'redimidos'.
λυθήσονται,3089,V-FIP-3P,Verbo - Futuro Indicativo Passiva - 3ª Pessoa Plural,serão soltado,"eles(as) serão soltado, serão liberado, serão dissolvido, serão quebrado, serão destruído",passiva_a_confirmar,revisar,"'V-FIP-3P' e passiva, porem a passiva nao esta explicita em 'serão soltado'.","Confirmar se a glossa pretende particpio isolado, adjetivo verbal ou construao passiva completa."
ἐλύθησαν,3089,V-AIP-3P,Verbo - Aoristo Indicativo Passiva - 3ª Pessoa Plural,foram soltado,"eles(as) foram soltado, foram liberado, foram dissolvido, foram quebrado, foram destruído",concordancia_participio,alta,Auxiliar plural com particpio aparentemente singular: 'foram soltado'.,Revisar o numero do particpio; provavel forma plural: 'soltados'.
μαρανθήσεται,3133,V-FIP-3S,Verbo - Futuro Indicativo Passiva - 3ª Pessoa Singular,será murchado,"ele(a) será murchado, será desbotado, será definhado",passiva_a_confirmar,revisar,"'V-FIP-3S' e passiva, porem a passiva nao esta explicita em 'será murchado'.","Confirmar se a glossa pretende particpio isolado, adjetivo verbal ou construao passiva completa."
ἐμαρτυρήθησαν,3140,V-AIP-3P,Verbo - Aoristo Indicativo Passiva - 3ª Pessoa Plural,foram testemunhado,"eles(as) foram testemunhado, foram prestado depoimento, foram afirmado que viu, ouviu ou vivenciou algo.",concordancia_participio,alta,Auxiliar plural com particpio aparentemente singular: 'foram testemunhado'.,Revisar o numero do particpio; provavel forma plural: 'testemunhados'.
ἐματαιώθησαν,3154,V-AIP-3P,Verbo - Aoristo Indicativo Passiva - 3ª Pessoa Plural,foram tornado fútil,"eles(as) foram tornado fútil, foram tornado vão, foram levado ao vazio",concordancia_participio,alta,Auxiliar plural com particpio aparentemente singular: 'foram tornado'.,Revisar o numero do particpio; provavel forma plural: 'tornados'.
ἐματαιώθησαν,3154,V-AIP-3P,Verbo - Aoristo Indicativo Passiva - 3ª Pessoa Plural,foram tornado fútil,"eles(as) foram tornado fútil, foram tornado vão, foram levado ao vazio",construao_inadequada,alta,Construo inadequada: 'foram tornado'.,"Reescrever com forma idiomatica, por exemplo 'foram tornados' ou 'tornaram-se'."
μάχεσθαι,3164,V-PNM/P,Verbo - Presente Infinitivo Média ou Passiva,lutar,"lutar, brigar",media_passiva_ambigua,revisar,'V-PNM/P' e media ou passiva e 'pt' e infinitivo ativo: 'lutar'.,"Decidir pelo contexto entre leitura media/reflexiva, passiva ou ativa idiomatica; nao corrigir automaticamente."
μεγαλυνθήσεται,3170,V-FIP-3S,Verbo - Futuro Indicativo Passiva - 3ª Pessoa Singular,será engrandecido,"ele(a) será engrandecido, será exaltado",passiva_a_confirmar,revisar,"'V-FIP-3S' e passiva, porem a passiva nao esta explicita em 'será engrandecido'.","Confirmar se a glossa pretende particpio isolado, adjetivo verbal ou construao passiva completa."
μεγαλυνθῆναι,3170,V-ANP,Verbo - Aoristo Infinitivo Passiva,engrandecer,"engrandecer, exaltar",passiva_sem_marca,alta,"'V-ANP' e passiva, mas 'pt' esta em infinitivo ativo: 'engrandecer'.","Revisar para uma forma passiva adequada, por exemplo 'ser + particpio', quando o contexto nao exigir outra soluao."
μεθύσκεσθαι,3182,V-PNM/P,Verbo - Presente Infinitivo Média ou Passiva,embebedar,"embebedar, intoxicar",media_passiva_ambigua,revisar,'V-PNM/P' e media ou passiva e 'pt' e infinitivo ativo: 'embebedar'.,"Decidir pelo contexto entre leitura media/reflexiva, passiva ou ativa idiomatica; nao corrigir automaticamente."
μεθύσκεσθε,3182,V-PNM/P-2P,Verbo - Presente Infinitivo Média ou Passiva - 2ª Pessoa Plural,embebedar,"vós embebedar, intoxicar",media_passiva_ambigua,revisar,'V-PNM/P-2P' e media ou passiva e 'pt' e infinitivo ativo: 'embebedar'.,"Decidir pelo contexto entre leitura media/reflexiva, passiva ou ativa idiomatica; nao corrigir automaticamente."
ἐμεθύσθησαν,3182,V-AIP-3P,Verbo - Aoristo Indicativo Passiva - 3ª Pessoa Plural,foram embebedado,"eles(as) foram embebedado, foram intoxicado",concordancia_participio,alta,Auxiliar plural com particpio aparentemente singular: 'foram embebedado'.,Revisar o numero do particpio; provavel forma plural: 'embebedados'.
μεθυσθῶσιν,3184,V-ASP-3P,Verbo - Aoristo Subjuntivo Passiva - 3ª Pessoa Plural,sejam estado bêbado,"eles(as) sejam estado bêbado, sejam ficado intoxicado",concordancia_participio,alta,Auxiliar plural com particpio aparentemente singular: 'sejam estado'.,Revisar o numero do particpio; provavel forma plural: 'estados'.
μεταστραφήσεται,3344,V-FIP-3S,Verbo - Futuro Indicativo Passiva - 3ª Pessoa Singular,será mudado,"ele(a) será mudado, será alterado, será pervertido, será transformado",passiva_a_confirmar,revisar,"'V-FIP-3S' e passiva, porem a passiva nao esta explicita em 'será mudado'.","Confirmar se a glossa pretende particpio isolado, adjetivo verbal ou construao passiva completa."
μετατραπήτω,3344,V-AMP-3S,Verbo - Aoristo Imperativo Passiva - 3ª Pessoa Singular,é mudado,"ele(a) é mudado, é alterado, é pervertido, é transformado",passiva_a_confirmar,revisar,"'V-AMP-3S' e passiva, porem a passiva nao esta explicita em 'é mudado'.","Confirmar se a glossa pretende particpio isolado, adjetivo verbal ou construao passiva completa."
μνησθῇς,3403,V-ASP-2S,Verbo - Aoristo Subjuntivo Passiva - 2ª Pessoa Singular,lembrares,"tu sejas lembrado, sejas estado atento",passiva_a_confirmar,revisar,"'V-ASP-2S' e passiva, porem a passiva nao esta explicita em 'lembrares'.","Confirmar se a glossa pretende particpio isolado, adjetivo verbal ou construao passiva completa."
μεμνηστευμένην,3423,V-RPP-AFS,Verbo - Perfeito Particípio Passiva - Acusativo Feminino Singular,estando prometida em casamento,"tendo sido noivado, se tendo sido envolvido",passiva_a_confirmar,revisar,"'V-RPP-AFS' e passiva, porem a passiva nao esta explicita em 'estando prometida em casamento'.","Confirmar se a glossa pretende particpio isolado, adjetivo verbal ou construao passiva completa."
μεμνηστευμένῃ,3423,V-RPP-DFS,Verbo - Perfeito Particípio Passiva - Dativo Feminino Singular,à prometida em casamento,"tendo sido noivado, se tendo sido envolvido",passiva_a_confirmar,revisar,"'V-RPP-DFS' e passiva, porem a passiva nao esta explicita em 'à prometida em casamento'.","Confirmar se a glossa pretende particpio isolado, adjetivo verbal ou construao passiva completa."
Μνηστευθείσης,3423,V-APP-GFS,Verbo - Aoristo Particípio Passiva - Genitivo Feminino Singular,da prometida em casamento,"tendo sido noivado, se tendo sido envolvido",passiva_a_confirmar,revisar,"'V-APP-GFS' e passiva, porem a passiva nao esta explicita em 'da prometida em casamento'.","Confirmar se a glossa pretende particpio isolado, adjetivo verbal ou construao passiva completa."
μοιχευθῆναι,3431,V-ANP,Verbo - Aoristo Infinitivo Passiva,cometer adultério,cometer adultério,passiva_a_confirmar,revisar,"'V-ANP' e passiva, porem a passiva nao esta explicita em 'cometer adultério'.","Confirmar se a glossa pretende particpio isolado, adjetivo verbal ou construao passiva completa."
ἐμολύνθησαν,3435,V-AIP-3P,Verbo - Aoristo Indicativo Passiva - 3ª Pessoa Plural,foram contaminado,"eles(as) foram contaminado, foram manchado, foram poluído",concordancia_participio,alta,Auxiliar plural com particpio aparentemente singular: 'foram contaminado'.,Revisar o numero do particpio; provavel forma plural: 'contaminados'.
ξενισθῶμεν,3579,V-ASP-1P,Verbo - Aoristo Subjuntivo Passiva - 1ª Pessoa Plural,sejamos entretido,"nós sejamos entretido, sejamos hospedado, sejamos surpreendido",concordancia_participio,alta,Auxiliar plural com particpio aparentemente singular: 'sejamos entretido'.,Revisar o numero do particpio; provavel forma plural: 'entretidos'.
οἰκοδομηθήσεται,3618,V-FIP-3S,Verbo - Futuro Indicativo Passiva - 3ª Pessoa Singular,será construído,"ele(a) será construído, será edificado",passiva_a_confirmar,revisar,"'V-FIP-3S' e passiva, porem a passiva nao esta explicita em 'será construído'.","Confirmar se a glossa pretende particpio isolado, adjetivo verbal ou construao passiva completa."
ὀφθήσεται,3708,V-FIP-3S,Verbo - Futuro Indicativo Passiva - 3ª Pessoa Singular,será visto,"ele(a) será visto, será percebido, será atentado",passiva_a_confirmar,revisar,"'V-FIP-3S' e passiva, porem a passiva nao esta explicita em 'será visto'.","Confirmar se a glossa pretende particpio isolado, adjetivo verbal ou construao passiva completa."
ὤφθησαν,3708,V-AIP-3P,Verbo - Aoristo Indicativo Passiva - 3ª Pessoa Plural,foram visto,"eles(as) foram visto, foram percebido, foram atentado",concordancia_participio,alta,Auxiliar plural com particpio aparentemente singular: 'foram visto'.,Revisar o numero do particpio; provavel forma plural: 'vistos'.
ὠργίσθησαν,3710,V-AIP-3P,Verbo - Aoristo Indicativo Passiva - 3ª Pessoa Plural,foram estado com raiva,"eles(as) foram estado com raiva, foram provocado a raiva",concordancia_participio,alta,Auxiliar plural com particpio aparentemente singular: 'foram estado'.,Revisar o numero do particpio; provavel forma plural: 'estados'.
παιδευθῶσιν,3811,V-ASP-3P,Verbo - Aoristo Subjuntivo Passiva - 3ª Pessoa Plural,sejam treinado,"eles(as) sejam treinado, sejam educado, sejam disciplinado, sejam instruído, sejam corrigido.",concordancia_participio,alta,Auxiliar plural com particpio aparentemente singular: 'sejam treinado'.,Revisar o numero do particpio; provavel forma plural: 'treinados'.
παλαιωθήσονται,3822,V-FIP-3P,Verbo - Futuro Indicativo Passiva - 3ª Pessoa Plural,serão envelhecido,"eles(as) serão envelhecido, serão tornado obsoleto",passiva_a_confirmar,revisar,"'V-FIP-3P' e passiva, porem a passiva nao esta explicita em 'serão envelhecido'.","Confirmar se a glossa pretende particpio isolado, adjetivo verbal ou construao passiva completa."
παραδέξονταί,3858,V-FIP-3P,Verbo - Futuro Indicativo Passiva - 3ª Pessoa Plural,serão recebido,"eles(as) serão recebido, serão aceitado, serão reconhecido",passiva_a_confirmar,revisar,"'V-FIP-3P' e passiva, porem a passiva nao esta explicita em 'serão recebido'.","Confirmar se a glossa pretende particpio isolado, adjetivo verbal ou construao passiva completa."
παραδέχεσθαι,3858,V-PNM/P,Verbo - Presente Infinitivo Média ou Passiva,receber,"receber, aceitar, reconhecer",media_passiva_ambigua,revisar,'V-PNM/P' e media ou passiva e 'pt' e infinitivo ativo: 'receber'.,"Decidir pelo contexto entre leitura media/reflexiva, passiva ou ativa idiomatica; nao corrigir automaticamente."
παρεδέχθησαν,3858,V-AIP-3P,Verbo - Aoristo Indicativo Passiva - 3ª Pessoa Plural,foram recebido,"eles(as) foram recebido, foram aceitado, foram reconhecido",concordancia_participio,alta,Auxiliar plural com particpio aparentemente singular: 'foram recebido'.,Revisar o numero do particpio; provavel forma plural: 'recebidos'.
παραδοθήσεσθε,3860,V-FIP-2P,Verbo - Futuro Indicativo Passiva - 2ª Pessoa Plural,sereis entregado,"vós sereis entregado, sereis traído, sereis confiado",concordancia_participio,alta,Auxiliar plural com particpio aparentemente singular: 'sereis entregado'.,Revisar o numero do particpio; provavel forma plural: 'entregados'.
παρεδόθητε,3860,V-AIP-2P,Verbo - Aoristo Indicativo Passiva - 2ª Pessoa Plural,fostes entregado,"vós fostes entregado, fostes traído, fostes confiado",concordancia_participio,alta,Auxiliar plural com particpio aparentemente singular: 'fostes entregado'.,Revisar o numero do particpio; provavel forma plural: 'entregados'.
παραιτεῖσθαι,3868,V-PNM/P,Verbo - Presente Infinitivo Média ou Passiva,recusar,"recusar, rejeitar, evitar",media_passiva_ambigua,revisar,'V-PNM/P' e media ou passiva e 'pt' e infinitivo ativo: 'recusar'.,"Decidir pelo contexto entre leitura media/reflexiva, passiva ou ativa idiomatica; nao corrigir automaticamente."
παρακληθήσονται,3870,V-FIP-3P,Verbo - Futuro Indicativo Passiva - 3ª Pessoa Plural,serão chamado para o seu lado,"eles(as) serão chamado para o seu lado, serão exortado, serão encorajado, serão confortado",passiva_a_confirmar,revisar,"'V-FIP-3P' e passiva, porem a passiva nao esta explicita em 'serão chamado para o seu lado'.","Confirmar se a glossa pretende particpio isolado, adjetivo verbal ou construao passiva completa."
παρακληθῆναι,3870,V-ANP,Verbo - Aoristo Infinitivo Passiva,chamar para o seu lado,"chamar para o seu lado, exortar, encorajar, confortar",passiva_a_confirmar,revisar,"'V-ANP' e passiva, porem a passiva nao esta explicita em 'chamar para o seu lado'.","Confirmar se a glossa pretende particpio isolado, adjetivo verbal ou construao passiva completa."
παρακληθῶσιν,3870,V-ASP-3P,Verbo - Aoristo Subjuntivo Passiva - 3ª Pessoa Plural,sejam chamado para o seu lado,"eles(as) sejam chamado para o seu lado, sejam exortado, sejam encorajado, sejam confortado",concordancia_participio,alta,Auxiliar plural com particpio aparentemente singular: 'sejam chamado'.,Revisar o numero do particpio; provavel forma plural: 'chamados'.
παρεκλήθησαν,3870,V-AIP-3P,Verbo - Aoristo Indicativo Passiva - 3ª Pessoa Plural,foram chamado para o seu lado,"eles(as) foram chamado para o seu lado, foram exortado, foram encorajado, foram confortado",concordancia_participio,alta,Auxiliar plural com particpio aparentemente singular: 'foram chamado'.,Revisar o numero do particpio; provavel forma plural: 'chamados'.
παραπορεύεσθαι,3899,V-PNM/P,Verbo - Presente Infinitivo Média ou Passiva,passar,"passar, viajar",media_passiva_ambigua,revisar,'V-PNM/P' e media ou passiva e 'pt' e infinitivo ativo: 'passar'.,"Decidir pelo contexto entre leitura media/reflexiva, passiva ou ativa idiomatica; nao corrigir automaticamente."
παρατιθέναι,3908,V-ANP,Verbo - Aoristo Infinitivo Passiva,colocar ao lado,"colocar ao lado, colocar diante, confiar, comprometer",passiva_a_confirmar,revisar,"'V-ANP' e passiva, porem a passiva nao esta explicita em 'colocar ao lado'.","Confirmar se a glossa pretende particpio isolado, adjetivo verbal ou construao passiva completa."
παρεισέδυσαν,3921,V-AIP-3P,Verbo - Aoristo Indicativo Passiva - 3ª Pessoa Plural,foram entrado secretamente,"eles(as) foram entrado secretamente, se foram infiltrado",concordancia_participio,alta,Auxiliar plural com particpio aparentemente singular: 'foram entrado'.,Revisar o numero do particpio; provavel forma plural: 'entrados'.
πεισθήσονται,3982,V-FIP-3P,Verbo - Futuro Indicativo Passiva - 3ª Pessoa Plural,serão persuadidos,"eles(as) serão persuadidos, serão convencidos, serão confiados, terão confiança",passiva_a_confirmar,revisar,"'V-FIP-3P' e passiva, porem a passiva nao esta explicita em 'serão persuadidos'.","Confirmar se a glossa pretende particpio isolado, adjetivo verbal ou construao passiva completa."
πεισθῇς,3982,V-ASP-2S,Verbo - Aoristo Subjuntivo Passiva - 2ª Pessoa Singular,sejas persuadido,"tu sejas persuadido, sejas convencido, sejas confiado, sejas tido confiança",passiva_a_confirmar,revisar,"'V-ASP-2S' e passiva, porem a passiva nao esta explicita em 'sejas persuadido'.","Confirmar se a glossa pretende particpio isolado, adjetivo verbal ou construao passiva completa."
πειρασθῆτε,3985,V-ASP-2P,Verbo - Aoristo Subjuntivo Passiva - 2ª Pessoa Plural,sejais testado,"vós sejais testado, sejais tentado, sejais examinado",concordancia_participio,alta,Auxiliar plural com particpio aparentemente singular: 'sejais testado'.,Revisar o numero do particpio; provavel forma plural: 'testados'.
πειρασθῇς,3985,V-ASP-2S,Verbo - Aoristo Subjuntivo Passiva - 2ª Pessoa Singular,sejas testado,"tu sejas testado, sejas tentado, sejas examinado",passiva_a_confirmar,revisar,"'V-ASP-2S' e passiva, porem a passiva nao esta explicita em 'sejas testado'.","Confirmar se a glossa pretende particpio isolado, adjetivo verbal ou construao passiva completa."
ἐπειράσθησαν,3985,V-AIP-3P,Verbo - Aoristo Indicativo Passiva - 3ª Pessoa Plural,foram testado,"eles(as) foram testado, foram tentado, foram examinado",concordancia_participio,alta,Auxiliar plural com particpio aparentemente singular: 'foram testado'.,Revisar o numero do particpio; provavel forma plural: 'testados'.
περιετμήθητε,4059,V-AIP-2P,Verbo - Aoristo Indicativo Passiva - 2ª Pessoa Plural,fostes circuncidado,vós fostes circuncidado,concordancia_participio,alta,Auxiliar plural com particpio aparentemente singular: 'fostes circuncidado'.,Revisar o numero do particpio; provavel forma plural: 'circuncidados'.
περιτμηθῆναι,4059,V-ANP,Verbo - Aoristo Infinitivo Passiva,circuncidar,circuncidar,passiva_sem_marca,alta,"'V-ANP' e passiva, mas 'pt' esta em infinitivo ativo: 'circuncidar'.","Revisar para uma forma passiva adequada, por exemplo 'ser + particpio', quando o contexto nao exigir outra soluao."
περιτμηθῆτε,4059,V-ASP-2P,Verbo - Aoristo Subjuntivo Passiva - 2ª Pessoa Plural,sejais circuncidado,vós sejais circuncidado,concordancia_participio,alta,Auxiliar plural com particpio aparentemente singular: 'sejais circuncidado'.,Revisar o numero do particpio; provavel forma plural: 'circuncidados'.
ἐπικράνθησαν,4087,V-AIP-3P,Verbo - Aoristo Indicativo Passiva - 3ª Pessoa Plural,foram tornado amargo,"eles(as) foram tornado amargo, foram amargurado, foram exasperado",concordancia_participio,alta,Auxiliar plural com particpio aparentemente singular: 'foram tornado'.,Revisar o numero do particpio; provavel forma plural: 'tornados'.
ἐπικράνθησαν,4087,V-AIP-3P,Verbo - Aoristo Indicativo Passiva - 3ª Pessoa Plural,foram tornado amargo,"eles(as) foram tornado amargo, foram amargurado, foram exasperado",construao_inadequada,alta,Construo inadequada: 'foram tornado'.,"Reescrever com forma idiomatica, por exemplo 'foram tornados' ou 'tornaram-se'."
πίμπρασθαι,4092,V-PNM/P,Verbo - Presente Infinitivo Média ou Passiva,inchar,"inchar, inflamar",media_passiva_ambigua,revisar,'V-PNM/P' e media ou passiva e 'pt' e infinitivo ativo: 'inchar'.,"Decidir pelo contexto entre leitura media/reflexiva, passiva ou ativa idiomatica; nao corrigir automaticamente."
πιστευθῆναι,4100,V-ANP,Verbo - Aoristo Infinitivo Passiva,acreditar,"acreditar, ter fé, confiar",passiva_sem_marca,alta,"'V-ANP' e passiva, mas 'pt' esta em infinitivo ativo: 'acreditar'.","Revisar para uma forma passiva adequada, por exemplo 'ser + particpio', quando o contexto nao exigir outra soluao."
ἐπιστεύθησαν,4100,V-AIP-3P,Verbo - Aoristo Indicativo Passiva - 3ª Pessoa Plural,foram acreditado,"eles(as) foram acreditado, foram tido fé, foram confiado",concordancia_participio,alta,Auxiliar plural com particpio aparentemente singular: 'foram acreditado'.,Revisar o numero do particpio; provavel forma plural: 'acreditados'.
πλανηθῆτε,4105,V-ASP-2P,Verbo - Aoristo Subjuntivo Passiva - 2ª Pessoa Plural,sejais desviado,"vós sejais desviado, sejais enganado, sejais feito vagar",concordancia_participio,alta,Auxiliar plural com particpio aparentemente singular: 'sejais desviado'.,Revisar o numero do particpio; provavel forma plural: 'desviados'.
πλεονεκτηθῶμεν,4122,V-ASP-1P,Verbo - Aoristo Subjuntivo Passiva - 1ª Pessoa Plural,sejamos cobiçado,"nós sejamos cobiçado, sejamos fraudado, sejamos tirado vantagem",concordancia_participio,alta,Forma plural possivelmente seguida de particpio singular: 'sejamos cobiçado'.,Revisar plural do particpio.
πληθυνθῆναι,4129,V-ANP,Verbo - Aoristo Infinitivo Passiva,multiplicado,"multiplicado, aumento, medida mais completa",passiva_a_confirmar,revisar,"'V-ANP' e passiva, porem a passiva nao esta explicita em 'multiplicado'.","Confirmar se a glossa pretende particpio isolado, adjetivo verbal ou construao passiva completa."
ἐπληθύνθη,4129,V-AIP-3S,Verbo - Aoristo Indicativo Passiva - 3ª Pessoa Singular,multiplicado,"multiplicado, aumento, medida mais completa",passiva_a_confirmar,revisar,"'V-AIP-3S' e passiva, porem a passiva nao esta explicita em 'multiplicado'.","Confirmar se a glossa pretende particpio isolado, adjetivo verbal ou construao passiva completa."
πλησθήσεται,4130,V-FIP-3S,Verbo - Futuro Indicativo Passiva - 3ª Pessoa Singular,será multiplicado,"ele(a) será multiplicado, será aumentado, será abundado",passiva_a_confirmar,revisar,"'V-FIP-3S' e passiva, porem a passiva nao esta explicita em 'será multiplicado'.","Confirmar se a glossa pretende particpio isolado, adjetivo verbal ou construao passiva completa."
πλησθῆναι,4130,V-ANP,Verbo - Aoristo Infinitivo Passiva,multiplicar,"multiplicar, aumentar, abundar",passiva_sem_marca,alta,"'V-ANP' e passiva, mas 'pt' esta em infinitivo ativo: 'multiplicar'.","Revisar para uma forma passiva adequada, por exemplo 'ser + particpio', quando o contexto nao exigir outra soluao."
πλησθῇς,4130,V-ASP-2S,Verbo - Aoristo Subjuntivo Passiva - 2ª Pessoa Singular,sejas multiplicado,"tu sejas multiplicado, sejas aumentado, sejas abundado",passiva_a_confirmar,revisar,"'V-ASP-2S' e passiva, porem a passiva nao esta explicita em 'sejas multiplicado'.","Confirmar se a glossa pretende particpio isolado, adjetivo verbal ou construao passiva completa."
πληρωθήσεται,4137,V-FIP-3S,Verbo - Futuro Indicativo Passiva - 3ª Pessoa Singular,será preenchido,"ele(a) será preenchido, será completado, será cumprido",passiva_a_confirmar,revisar,"'V-FIP-3S' e passiva, porem a passiva nao esta explicita em 'será preenchido'.","Confirmar se a glossa pretende particpio isolado, adjetivo verbal ou construao passiva completa."
πληρωθήσονται,4137,V-FIP-3P,Verbo - Futuro Indicativo Passiva - 3ª Pessoa Plural,serão preenchidos,"eles(as) serão preenchidos, serão completado, serão cumprido",passiva_a_confirmar,revisar,"'V-FIP-3P' e passiva, porem a passiva nao esta explicita em 'serão preenchidos'.","Confirmar se a glossa pretende particpio isolado, adjetivo verbal ou construao passiva completa."
ἐπλουτίσθητε,4148,V-AIP-2P,Verbo - Aoristo Indicativo Passiva - 2ª Pessoa Plural,fostes enriquecido,vós fostes enriquecido,concordancia_participio,alta,Auxiliar plural com particpio aparentemente singular: 'fostes enriquecido'.,Revisar o numero do particpio; provavel forma plural: 'enriquecidos'.
ποιήμασιν,4161,S-DNP,Substantivo - Dativo Neutro Plural,aos obras,aos obras,concordancia_nominal,alta,Contraao masculina antes de feminino plural: 'aos obras'.,Trocar 'aos obras' por 'as obras'.
πορευθῆτε,4198,V-ASP-2P,Verbo - Aoristo Subjuntivo Passiva - 2ª Pessoa Plural,sejais ido,"vós sejais ido, sejais prosseguido, sejais viajado",concordancia_participio,alta,Auxiliar plural com particpio aparentemente singular: 'sejais ido'.,Revisar o numero do particpio; provavel forma plural: 'idos'.
πορευθῶσιν,4198,V-ASP-3P,Verbo - Aoristo Subjuntivo Passiva - 3ª Pessoa Plural,sejam ido,"eles(as) sejam ido, sejam prosseguido, sejam viajado",concordancia_participio,alta,Auxiliar plural com particpio aparentemente singular: 'sejam ido'.,Revisar o numero do particpio; provavel forma plural: 'idos'.
ἐποτίσθημεν,4222,V-AIP-1P,Verbo - Aoristo Indicativo Passiva - 1ª Pessoa Plural,fomos dado para beber,"nós fomos dado para beber, fomos regado",concordancia_participio,alta,Auxiliar plural com particpio aparentemente singular: 'fomos dado'.,Revisar o numero do particpio; provavel forma plural: 'dados'.
ἐπρίσθησαν,4249,V-AIP-3P,Verbo - Aoristo Indicativo Passiva - 3ª Pessoa Plural,foram serrado,"eles(as) foram serrado, foram cortado com serra",concordancia_participio,alta,Auxiliar plural com particpio aparentemente singular: 'foram serrado'.,Revisar o numero do particpio; provavel forma plural: 'serrados'.
προσέρχεσθαι,4334,V-PNM/P,Verbo - Presente Infinitivo Média ou Passiva,chegar,"chegar, aproximar",media_passiva_ambigua,revisar,'V-PNM/P' e media ou passiva e 'pt' e infinitivo ativo: 'chegar'.,"Decidir pelo contexto entre leitura media/reflexiva, passiva ou ativa idiomatica; nao corrigir automaticamente."
προσεκλίθη,4346,V-AIP-3S,Verbo - Aoristo Indicativo Passiva - 3ª Pessoa Singular,inclinação,"inclinação, apego",passiva_a_confirmar,revisar,"'V-AIP-3S' e passiva, porem a passiva nao esta explicita em 'inclinação'.","Confirmar se a glossa pretende particpio isolado, adjetivo verbal ou construao passiva completa."
προσωρμίσθησαν,4358,V-AIP-3P,Verbo - Aoristo Indicativo Passiva - 3ª Pessoa Plural,foram trazido para o porto,"eles(as) foram trazido para o porto, foram atracado, foram ancorado",concordancia_participio,alta,Auxiliar plural com particpio aparentemente singular: 'foram trazido'.,Revisar o numero do particpio; provavel forma plural: 'trazidos'.
προσετέθησαν,4369,V-AIP-3P,Verbo - Aoristo Indicativo Passiva - 3ª Pessoa Plural,foram adicionado,"eles(as) foram adicionado, foram aumentado, foram continuado, foram prosseguido",concordancia_participio,alta,Auxiliar plural com particpio aparentemente singular: 'foram adicionado'.,Revisar o numero do particpio; provavel forma plural: 'adicionados'.
προστεθῆναι,4369,V-ANP,Verbo - Aoristo Infinitivo Passiva,adicionar,"adicionar, aumentar, continuar, prosseguir",passiva_sem_marca,alta,"'V-ANP' e passiva, mas 'pt' esta em infinitivo ativo: 'adicionar'.","Revisar para uma forma passiva adequada, por exemplo 'ser + particpio', quando o contexto nao exigir outra soluao."
προσηνέχθησαν,4374,V-AIP-3P,Verbo - Aoristo Indicativo Passiva - 3ª Pessoa Plural,foram trazido,"eles(as) foram trazido, foram oferecido, foram apresentado",concordancia_participio,alta,Auxiliar plural com particpio aparentemente singular: 'foram trazido'.,Revisar o numero do particpio; provavel forma plural: 'trazidos'.
πτοηθῆτε,4422,V-ASP-2P,Verbo - Aoristo Subjuntivo Passiva - 2ª Pessoa Plural,sejais assustado,"vós sejais assustado, sejais aterrorizado, sejais ficado alarmado",concordancia_participio,alta,Auxiliar plural com particpio aparentemente singular: 'sejais assustado'.,Revisar o numero do particpio; provavel forma plural: 'assustados'.
πυνθάνεσθαι,4441,V-PNM/P,Verbo - Presente Infinitivo Média ou Passiva,perguntar,"perguntar, aprender por investigação",media_passiva_ambigua,revisar,'V-PNM/P' e media ou passiva e 'pt' e infinitivo ativo: 'perguntar'.,"Decidir pelo contexto entre leitura media/reflexiva, passiva ou ativa idiomatica; nao corrigir automaticamente."
πυροῦσθαι,4448,V-PNM/P,Verbo - Presente Infinitivo Média ou Passiva,queimar,"queimar, incendiar, inflamar",media_passiva_ambigua,revisar,'V-PNM/P' e media ou passiva e 'pt' e infinitivo ativo: 'queimar'.,"Decidir pelo contexto entre leitura media/reflexiva, passiva ou ativa idiomatica; nao corrigir automaticamente."
ῥυσθῶμεν,4506,V-ASP-1P,Verbo - Aoristo Subjuntivo Passiva - 1ª Pessoa Plural,sejamos resgatado,"nós sejamos resgatado, sejamos entregado, sejamos salvado",concordancia_participio,alta,Auxiliar plural com particpio aparentemente singular: 'sejamos resgatado'.,Revisar o numero do particpio; provavel forma plural: 'resgatados'.
ῥύεσθαι,4506,V-PNM/P,Verbo - Presente Infinitivo Média ou Passiva,resgatar,"resgatar, entregar, salvar",media_passiva_ambigua,revisar,'V-PNM/P' e media ou passiva e 'pt' e infinitivo ativo: 'resgatar'.,"Decidir pelo contexto entre leitura media/reflexiva, passiva ou ativa idiomatica; nao corrigir automaticamente."
ῥυπανθήτω,4510,V-AMP-3S,Verbo - Aoristo Imperativo Passiva - 3ª Pessoa Singular,é contaminado,"ele(a) é contaminado, é tornado imundo",passiva_a_confirmar,revisar,"'V-AMP-3S' e passiva, porem a passiva nao esta explicita em 'é contaminado'.","Confirmar se a glossa pretende particpio isolado, adjetivo verbal ou construao passiva completa."
σαίνεσθαι,4525,V-PNM/P,Verbo - Presente Infinitivo Média ou Passiva,abanar,"abanar, bajular",media_passiva_ambigua,revisar,'V-PNM/P' e media ou passiva e 'pt' e infinitivo ativo: 'abanar'.,"Decidir pelo contexto entre leitura media/reflexiva, passiva ou ativa idiomatica; nao corrigir automaticamente."
σέβεσθαι,4576,V-PNM/P,Verbo - Presente Infinitivo Média ou Passiva,adorar,"adorar, reverenciar, venerar",media_passiva_ambigua,revisar,'V-PNM/P' e media ou passiva e 'pt' e infinitivo ativo: 'adorar'.,"Decidir pelo contexto entre leitura media/reflexiva, passiva ou ativa idiomatica; nao corrigir automaticamente."
ἐσείσθησαν,4579,V-AIP-3P,Verbo - Aoristo Indicativo Passiva - 3ª Pessoa Plural,foram sacudido,"eles(as) foram sacudido, foram feito tremer, foram agitado",concordancia_participio,alta,Auxiliar plural com particpio aparentemente singular: 'foram sacudido'.,Revisar o numero do particpio; provavel forma plural: 'sacudidos'.
σκανδαλισθήσομαι,4624,V-FIP-1S,Verbo - Futuro Indicativo Passiva - 1ª Pessoa Singular,tropeçarei,"eu tropeçarei, serei ofendido, me escandalizarei",passiva_a_confirmar,revisar,"'V-FIP-1S' e passiva, porem a passiva nao esta explicita em 'tropeçarei'.","Confirmar se a glossa pretende particpio isolado, adjetivo verbal ou construao passiva completa."
σκανδαλισθῆτε,4624,V-ASP-2P,Verbo - Aoristo Subjuntivo Passiva - 2ª Pessoa Plural,tropeceis,"vós tropeceis, sejais ofendidos, se escandalizeis",passiva_a_confirmar,revisar,"'V-ASP-2P' e passiva, porem a passiva nao esta explicita em 'tropeceis'.","Confirmar se a glossa pretende particpio isolado, adjetivo verbal ou construao passiva completa."
ἐσκανδαλίσθησαν,4624,V-AIP-3P,Verbo - Aoristo Indicativo Passiva - 3ª Pessoa Plural,tropeçaram,"eles(as) tropeçaram, foram ofendidos, se escandalizaram",passiva_a_confirmar,revisar,"'V-AIP-3P' e passiva, porem a passiva nao esta explicita em 'tropeçaram'.","Confirmar se a glossa pretende particpio isolado, adjetivo verbal ou construao passiva completa."
σκορπισθῆτε,4650,V-ASP-2P,Verbo - Aoristo Subjuntivo Passiva - 2ª Pessoa Plural,sejais espalhado,"vós sejais espalhado, sejais dispersado",concordancia_participio,alta,Auxiliar plural com particpio aparentemente singular: 'sejais espalhado'.,Revisar o numero do particpio; provavel forma plural: 'espalhados'.
ἐστερεώθησαν,4732,V-AIP-3P,Verbo - Aoristo Indicativo Passiva - 3ª Pessoa Plural,foram firmado,"eles(as) foram firmado, foram estabelecido, foram fortalecido",concordancia_participio,alta,Auxiliar plural com particpio aparentemente singular: 'foram firmado'.,Revisar o numero do particpio; provavel forma plural: 'firmados'.
στηριχθῆναι,4741,V-ANP,Verbo - Aoristo Infinitivo Passiva,estabelecer,"estabelecer, fortalecer, consertar, definir firmemente",passiva_sem_marca,alta,"'V-ANP' e passiva, mas 'pt' esta em infinitivo ativo: 'estabelecer'.","Revisar para uma forma passiva adequada, por exemplo 'ser + particpio', quando o contexto nao exigir outra soluao."
στραφῆτε,4762,V-ASP-2P,Verbo - Aoristo Subjuntivo Passiva - 2ª Pessoa Plural,sejais virado,"vós sejais virado, sejais voltado, sejais convertido",concordancia_participio,alta,Auxiliar plural com particpio aparentemente singular: 'sejais virado'.,Revisar o numero do particpio; provavel forma plural: 'virados'.
συλλημφθῆναι,4815,V-ANP,Verbo - Aoristo Infinitivo Passiva,apreender,"apreender, conceber, ajudar",passiva_sem_marca,alta,"'V-ANP' e passiva, mas 'pt' esta em infinitivo ativo: 'apreender'.","Revisar para uma forma passiva adequada, por exemplo 'ser + particpio', quando o contexto nao exigir outra soluao."
συλληφθῆναι,4815,V-ANP,Verbo - Aoristo Infinitivo Passiva,apreender,"apreender, conceber, ajudar",passiva_sem_marca,alta,"'V-ANP' e passiva, mas 'pt' esta em infinitivo ativo: 'apreender'.","Revisar para uma forma passiva adequada, por exemplo 'ser + particpio', quando o contexto nao exigir outra soluao."
συμφυεῖσαι,4855,V-APP-NFP,Verbo - Aoristo Particípio Passiva - Nominativo Feminino Plural,crescermos juntos,"crescermos juntos, nos unirmos, tricotarmos juntos",passiva_a_confirmar,revisar,"'V-APP-NFP' e passiva, porem a passiva nao esta explicita em 'crescermos juntos'.","Confirmar se a glossa pretende particpio isolado, adjetivo verbal ou construao passiva completa."
συνετάφημεν,4916,V-AIP-1P,Verbo - Aoristo Indicativo Passiva - 1ª Pessoa Plural,fomos enterrado juntos,"nós fomos enterrado juntos, fomos sido enterrado com",concordancia_participio,alta,Auxiliar plural com particpio aparentemente singular: 'fomos enterrado'.,Revisar o numero do particpio; provavel forma plural: 'enterrados'.
συνίστασθαι,4921,V-PNM/P,Verbo - Presente Infinitivo Média ou Passiva,elogiar,"elogiar, estabelecer, demonstrar, provar, manter unido",media_passiva_ambigua,revisar,'V-PNM/P' e media ou passiva e 'pt' e infinitivo ativo: 'elogiar'.,"Decidir pelo contexto entre leitura media/reflexiva, passiva ou ativa idiomatica; nao corrigir automaticamente."
συνετέλεσεν,4931,V-APP-GFP,Verbo - Aoristo Indicativo Ativa - 3ª Pessoa Singular,completou,"ele(a) completou, realizou, pôs fim",passiva_a_confirmar,revisar,"'V-APP-GFP' e passiva, porem a passiva nao esta explicita em 'completou'.","Confirmar se a glossa pretende particpio isolado, adjetivo verbal ou construao passiva completa."
συντριβήσεται,4937,V-FIP-3S,Verbo - Futuro Indicativo Passiva - 3ª Pessoa Singular,será esmagado,"ele(a) será esmagado, será quebrado, será machucado",passiva_a_confirmar,revisar,"'V-FIP-3S' e passiva, porem a passiva nao esta explicita em 'será esmagado'.","Confirmar se a glossa pretende particpio isolado, adjetivo verbal ou construao passiva completa."
συνυπεκρίθησαν,4942,V-AIP-3P,Verbo - Aoristo Indicativo Passiva - 3ª Pessoa Plural,foram juntado à hipocrisia,"eles(as) foram juntado à hipocrisia, foram agido hipocritamente juntos",concordancia_participio,alta,Auxiliar plural com particpio aparentemente singular: 'foram juntado'.,Revisar o numero do particpio; provavel forma plural: 'juntados'.
ἐσχίσθησαν,4977,V-AIP-3P,Verbo - Aoristo Indicativo Passiva - 3ª Pessoa Plural,foram dividido,"eles(as) foram dividido, foram separado",concordancia_participio,alta,Auxiliar plural com particpio aparentemente singular: 'foram dividido'.,Revisar o numero do particpio; provavel forma plural: 'divididos'.
σώζεσθαι,4982,V-PNM/P,Verbo - Presente Infinitivo Média ou Passiva,salvar,"salvar, resgatar, libertar, curar, preservar",media_passiva_ambigua,revisar,'V-PNM/P' e media ou passiva e 'pt' e infinitivo ativo: 'salvar'.,"Decidir pelo contexto entre leitura media/reflexiva, passiva ou ativa idiomatica; nao corrigir automaticamente."
ταπεινοῦσθαι,5013,V-PNM/P,Verbo - Presente Infinitivo Média ou Passiva,humilhar,"humilhar, rebaixar",media_passiva_ambigua,revisar,'V-PNM/P' e media ou passiva e 'pt' e infinitivo ativo: 'humilhar'.,"Decidir pelo contexto entre leitura media/reflexiva, passiva ou ativa idiomatica; nao corrigir automaticamente."
ταραχθῆτε,5015,V-ASP-2P,Verbo - Aoristo Subjuntivo Passiva - 2ª Pessoa Plural,sejais perturbado,"vós sejais perturbado, sejais incomodado, sejais agitado",concordancia_participio,alta,Auxiliar plural com particpio aparentemente singular: 'sejais perturbado'.,Revisar o numero do particpio; provavel forma plural: 'perturbados'.
τελειωθῶσιν,5048,V-ASP-3P,Verbo - Aoristo Subjuntivo Passiva - 3ª Pessoa Plural,sejam completado,"eles(as) sejam completado, sejam aperfeiçoado, sejam realizado, sejam posto fim.",concordancia_participio,alta,Auxiliar plural com particpio aparentemente singular: 'sejam completado'.,Revisar o numero do particpio; provavel forma plural: 'completados'.
τελεσθήσεται,5055,V-FIP-3S,Verbo - Futuro Indicativo Passiva - 3ª Pessoa Singular,será completado,"ele(a) será completado, será terminado, será cumprido, será realizado.",passiva_a_confirmar,revisar,"'V-FIP-3S' e passiva, porem a passiva nao esta explicita em 'será completado'.","Confirmar se a glossa pretende particpio isolado, adjetivo verbal ou construao passiva completa."
τελεσθήσονται,5055,V-FIP-3P,Verbo - Futuro Indicativo Passiva - 3ª Pessoa Plural,serão completado,"eles(as) serão completado, serão terminado, serão cumprido, serão realizado.",passiva_a_confirmar,revisar,"'V-FIP-3P' e passiva, porem a passiva nao esta explicita em 'serão completado'.","Confirmar se a glossa pretende particpio isolado, adjetivo verbal ou construao passiva completa."
τελεσθῆναι,5055,V-ANP,Verbo - Aoristo Infinitivo Passiva,completar,"completar, terminar, cumprir, realizar.",passiva_sem_marca,alta,"'V-ANP' e passiva, mas 'pt' esta em infinitivo ativo: 'completar'.","Revisar para uma forma passiva adequada, por exemplo 'ser + particpio', quando o contexto nao exigir outra soluao."
τελεσθῶσιν,5055,V-ASP-3P,Verbo - Aoristo Subjuntivo Passiva - 3ª Pessoa Plural,sejam completado,"eles(as) sejam completado, sejam terminado, sejam cumprido, sejam realizado.",concordancia_participio,alta,Auxiliar plural com particpio aparentemente singular: 'sejam completado'.,Revisar o numero do particpio; provavel forma plural: 'completados'.
τηρηθῆναι,5083,V-ANP,Verbo - Aoristo Infinitivo Passiva,manter,"manter, guardar, observar, zelar",passiva_sem_marca,alta,"'V-ANP' e passiva, mas 'pt' esta em infinitivo ativo: 'manter'.","Revisar para uma forma passiva adequada, por exemplo 'ser + particpio', quando o contexto nao exigir outra soluao."
τεθῆναι,5087,V-ANP,Verbo - Aoristo Infinitivo Passiva,colocar,"colocar, nomear, estabelecer",passiva_sem_marca,alta,"'V-ANP' e passiva, mas 'pt' esta em infinitivo ativo: 'colocar'.","Revisar para uma forma passiva adequada, por exemplo 'ser + particpio', quando o contexto nao exigir outra soluao."
τεθῶσιν,5087,V-ASP-3P,Verbo - Aoristo Subjuntivo Passiva - 3ª Pessoa Plural,sejam colocado,"eles(as) sejam colocado, sejam nomeado, sejam estabelecido",concordancia_participio,alta,Auxiliar plural com particpio aparentemente singular: 'sejam colocado'.,Revisar o numero do particpio; provavel forma plural: 'colocados'.
τιμωρηθῶσιν,5097,V-ASP-3P,Verbo - Aoristo Subjuntivo Passiva - 3ª Pessoa Plural,sejam punido,"eles(as) sejam punido, sejam vingado, sejam justificado",concordancia_participio,alta,Auxiliar plural com particpio aparentemente singular: 'sejam punido'.,Revisar o numero do particpio; provavel forma plural: 'punidos'.
τρέφεσθαι,5142,V-PNM/P,Verbo - Presente Infinitivo Média ou Passiva,nutrir,"nutrir, alimentar, educar",media_passiva_ambigua,revisar,'V-PNM/P' e media ou passiva e 'pt' e infinitivo ativo: 'nutrir'.,"Decidir pelo contexto entre leitura media/reflexiva, passiva ou ativa idiomatica; nao corrigir automaticamente."
ἐτυμπανίσθησαν,5178,V-AIP-3P,Verbo - Aoristo Indicativo Passiva - 3ª Pessoa Plural,foram torturado,"eles(as) foram torturado, foram batido, foram tamborilado",concordancia_participio,alta,Auxiliar plural com particpio aparentemente singular: 'foram torturado'.,Revisar o numero do particpio; provavel forma plural: 'torturados'.
τύπτεσθαι,5180,V-PNM/P,Verbo - Presente Infinitivo Média ou Passiva,golpear,"golpear, bater, ferir",media_passiva_ambigua,revisar,'V-PNM/P' e media ou passiva e 'pt' e infinitivo ativo: 'golpear'.,"Decidir pelo contexto entre leitura media/reflexiva, passiva ou ativa idiomatica; nao corrigir automaticamente."
τυφωθεὶς,5187,V-APP-NMS,Verbo - Aoristo Particípio Passiva - Nominativo Masculino Singular,pretensioso,pretensioso,passiva_a_confirmar,revisar,"'V-APP-NMS' e passiva, porem a passiva nao esta explicita em 'pretensioso'.","Confirmar se a glossa pretende particpio isolado, adjetivo verbal ou construao passiva completa."
ὑβρισθήσεται,5195,V-FIP-3S,Verbo - Futuro Indicativo Passiva - 3ª Pessoa Singular,será insultado,"ele(a) será insultado, será maltratado, será agido com arrogância",passiva_a_confirmar,revisar,"'V-FIP-3S' e passiva, porem a passiva nao esta explicita em 'será insultado'.","Confirmar se a glossa pretende particpio isolado, adjetivo verbal ou construao passiva completa."
ὑποταγήσεται,5293,V-FIP-3S,Verbo - Futuro Indicativo Passiva - 3ª Pessoa Singular,será sujeitado,"ele(a) será sujeitado, será subordinado, será submetido, será estado sob obediência",passiva_a_confirmar,revisar,"'V-FIP-3S' e passiva, porem a passiva nao esta explicita em 'será sujeitado'.","Confirmar se a glossa pretende particpio isolado, adjetivo verbal ou construao passiva completa."
ὑποταγησόμεθα,5293,V-FIP-1P,Verbo - Futuro Indicativo Passiva - 1ª Pessoa Plural,seremos sujeitado,"nós seremos sujeitado, seremos subordinado, seremos submetido, seremos estado sob obediência",concordancia_participio,alta,Auxiliar plural com particpio aparentemente singular: 'seremos sujeitado'.,Revisar o numero do particpio; provavel forma plural: 'sujeitados'.
ὑψωθῆτε,5312,V-ASP-2P,Verbo - Aoristo Subjuntivo Passiva - 2ª Pessoa Plural,sejais elevado,"vós sejais elevado, sejais exaltado, sejais elevado alto",concordancia_participio,alta,Auxiliar plural com particpio aparentemente singular: 'sejais elevado'.,Revisar o numero do particpio; provavel forma plural: 'elevados'.
φανήσεται,5316,V-FIP-3S,Verbo - Futuro Indicativo Passiva - 3ª Pessoa Singular,será mostrado,"ele(a) será mostrado, será feito aparecer, será aparecido, será brilhado, será manifestado",passiva_a_confirmar,revisar,"'V-FIP-3S' e passiva, porem a passiva nao esta explicita em 'será mostrado'.","Confirmar se a glossa pretende particpio isolado, adjetivo verbal ou construao passiva completa."
φανῇς,5316,V-ASP-2S,Verbo - Aoristo Subjuntivo Passiva - 2ª Pessoa Singular,sejas mostrado,"tu sejas mostrado, sejas feito aparecer, sejas aparecido, sejas brilhado, sejas manifestado",passiva_a_confirmar,revisar,"'V-ASP-2S' e passiva, porem a passiva nao esta explicita em 'sejas mostrado'.","Confirmar se a glossa pretende particpio isolado, adjetivo verbal ou construao passiva completa."
φανῶμεν,5316,V-ASP-1P,Verbo - Aoristo Subjuntivo Passiva - 1ª Pessoa Plural,sejamos mostrado,"nós sejamos mostrado, sejamos feito aparecer, sejamos aparecido, sejamos brilhado, sejamos manifestado",concordancia_participio,alta,Auxiliar plural com particpio aparentemente singular: 'sejamos mostrado'.,Revisar o numero do particpio; provavel forma plural: 'mostrados'.
ἐφάνησαν,5316,V-AIP-3P,Verbo - Aoristo Indicativo Passiva - 3ª Pessoa Plural,foram mostrado,"eles(as) foram mostrado, foram feito aparecer, foram aparecido, foram brilhado, foram manifestado",concordancia_participio,alta,Auxiliar plural com particpio aparentemente singular: 'foram mostrado'.,Revisar o numero do particpio; provavel forma plural: 'mostrados'.
φανερωθήσεσθε,5319,V-FIP-2P,Verbo - Futuro Indicativo Passiva - 2ª Pessoa Plural,sereis tornado manifesto,"vós sereis tornado manifesto, sereis revelado, sereis dado a conhecer, sereis mostrado abertamente.",concordancia_participio,alta,Auxiliar plural com particpio aparentemente singular: 'sereis tornado'.,Revisar o numero do particpio; provavel forma plural: 'tornados'.
φανερωθῶσιν,5319,V-ASP-3P,Verbo - Aoristo Subjuntivo Passiva - 3ª Pessoa Plural,sejam tornado manifesto,"eles(as) sejam tornado manifesto, sejam revelado, sejam dado a conhecer, sejam mostrado abertamente.",concordancia_participio,alta,Auxiliar plural com particpio aparentemente singular: 'sejam tornado'.,Revisar o numero do particpio; provavel forma plural: 'tornados'.
ἐφανερώθησαν,5319,V-AIP-3P,Verbo - Aoristo Indicativo Passiva - 3ª Pessoa Plural,foram tornado manifesto,"eles(as) foram tornado manifesto, foram revelado, foram dado a conhecer, foram mostrado abertamente.",concordancia_participio,alta,Auxiliar plural com particpio aparentemente singular: 'foram tornado'.,Revisar o numero do particpio; provavel forma plural: 'tornados'.
ἐφανερώθησαν,5319,V-AIP-3P,Verbo - Aoristo Indicativo Passiva - 3ª Pessoa Plural,foram tornado manifesto,"eles(as) foram tornado manifesto, foram revelado, foram dado a conhecer, foram mostrado abertamente.",construao_inadequada,alta,Construo inadequada: 'foram tornado'.,"Reescrever com forma idiomatica, por exemplo 'foram tornados' ou 'tornaram-se'."
φέρεσθαι,5342,V-PNM/P,Verbo - Presente Infinitivo Média ou Passiva,suportar,"suportar, carregar, trazer, liderar",media_passiva_ambigua,revisar,'V-PNM/P' e media ou passiva e 'pt' e infinitivo ativo: 'suportar'.,"Decidir pelo contexto entre leitura media/reflexiva, passiva ou ativa idiomatica; nao corrigir automaticamente."
φθέγγεσθαι,5350,V-PNM/P,Verbo - Presente Infinitivo Média ou Passiva,falar,"falar, proferir, proclamar",media_passiva_ambigua,revisar,'V-PNM/P' e media ou passiva e 'pt' e infinitivo ativo: 'falar'.,"Decidir pelo contexto entre leitura media/reflexiva, passiva ou ativa idiomatica; nao corrigir automaticamente."
φθαρήσονται,5351,V-FIP-3S,Verbo - Futuro Indicativo Passiva - 3ª Pessoa Singular,será destruído,"ele(a) será destruído, será corrompido, será estragado",passiva_a_confirmar,revisar,"'V-FIP-3S' e passiva, porem a passiva nao esta explicita em 'será destruído'.","Confirmar se a glossa pretende particpio isolado, adjetivo verbal ou construao passiva completa."
φοβηθῇς,5399,V-ASP-2S,Verbo - Aoristo Subjuntivo Passiva - 2ª Pessoa Singular,temas,"tu sejas temido, sejas tido medo, reverência",passiva_a_confirmar,revisar,"'V-ASP-2S' e passiva, porem a passiva nao esta explicita em 'temas'.","Confirmar se a glossa pretende particpio isolado, adjetivo verbal ou construao passiva completa."
φραγήσεται,5420,V-FIP-3S,Verbo - Futuro Indicativo Passiva - 3ª Pessoa Singular,será cercado,"ele(a) será cercado, será bloqueado, será parado, será fechado",passiva_a_confirmar,revisar,"'V-FIP-3S' e passiva, porem a passiva nao esta explicita em 'será cercado'.","Confirmar se a glossa pretende particpio isolado, adjetivo verbal ou construao passiva completa."
ἐφυσιώθησάν,5448,V-AIP-3P,Verbo - Aoristo Indicativo Passiva - 3ª Pessoa Plural,foram inchado,"eles(as) foram inchado, foram inflado, foram orgulhado",concordancia_participio,alta,Auxiliar plural com particpio aparentemente singular: 'foram inchado'.,Revisar o numero do particpio; provavel forma plural: 'inchados'.
φυτεύθητι,5452,V-AMP-2S,Verbo - Aoristo Imperativo Passiva - 2ª Pessoa Singular,és plantado,tu és plantado,passiva_a_confirmar,revisar,"'V-AMP-2S' e passiva, porem a passiva nao esta explicita em 'és plantado'.","Confirmar se a glossa pretende particpio isolado, adjetivo verbal ou construao passiva completa."
φωνηθῆναι,5455,V-ANP,Verbo - Aoristo Infinitivo Passiva,chamar,"chamar, gritar, falar",passiva_sem_marca,alta,"'V-ANP' e passiva, mas 'pt' esta em infinitivo ativo: 'chamar'.","Revisar para uma forma passiva adequada, por exemplo 'ser + particpio', quando o contexto nao exigir outra soluao."
χαρίζεσθαί,5483,V-PNM/P,Verbo - Presente Infinitivo Média ou Passiva,conceder,"conceder, dar livremente, perdoar, mostrar favor",media_passiva_ambigua,revisar,'V-PNM/P' e media ou passiva e 'pt' e infinitivo ativo: 'conceder'.,"Decidir pelo contexto entre leitura media/reflexiva, passiva ou ativa idiomatica; nao corrigir automaticamente."
χαρισθῆναι,5483,V-ANP,Verbo - Aoristo Infinitivo Passiva,conceder,"conceder, dar livremente, perdoar, mostrar favor",passiva_sem_marca,alta,"'V-ANP' e passiva, mas 'pt' esta em infinitivo ativo: 'conceder'.","Revisar para uma forma passiva adequada, por exemplo 'ser + particpio', quando o contexto nao exigir outra soluao."
χορτάζεσθαι,5526,V-PNM/P,Verbo - Presente Infinitivo Média ou Passiva,alimentar,"alimentar, preencher, satisfazer",media_passiva_ambigua,revisar,'V-PNM/P' e media ou passiva e 'pt' e infinitivo ativo: 'alimentar'.,"Decidir pelo contexto entre leitura media/reflexiva, passiva ou ativa idiomatica; nao corrigir automaticamente."
χορτασθήσονται,5526,V-FIP-3P,Verbo - Futuro Indicativo Passiva - 3ª Pessoa Plural,serão alimentados,"eles(as) serão alimentados, serão preenchidos, serão satisfeitos",passiva_a_confirmar,revisar,"'V-FIP-3P' e passiva, porem a passiva nao esta explicita em 'serão alimentados'.","Confirmar se a glossa pretende particpio isolado, adjetivo verbal ou construao passiva completa."
χωρισθῆναι,5563,V-ANP,Verbo - Aoristo Infinitivo Passiva,separar,"separar, dividir, partir",passiva_sem_marca,alta,"'V-ANP' e passiva, mas 'pt' esta em infinitivo ativo: 'separar'.","Revisar para uma forma passiva adequada, por exemplo 'ser + particpio', quando o contexto nao exigir outra soluao."
ψυγήσεται,5594,V-FIP-3S,Verbo - Futuro Indicativo Passiva - 3ª Pessoa Singular,será esfriado,ele(a) será esfriado,passiva_a_confirmar,revisar,"'V-FIP-3S' e passiva, porem a passiva nao esta explicita em 'será esfriado'.","Confirmar se a glossa pretende particpio isolado, adjetivo verbal ou construao passiva completa."
ὠφελήθησαν,5623,V-AIP-3P,Verbo - Aoristo Indicativo Passiva - 3ª Pessoa Plural,foram beneficiado,"eles(as) foram beneficiado, foram lucrado, foram ajudado",concordancia_participio,alta,Auxiliar plural com particpio aparentemente singular: 'foram beneficiado'.,Revisar o numero do particpio; provavel forma plural: 'beneficiados'.
ὠφεληθήσεται,5623,V-FIP-3S,Verbo - Futuro Indicativo Passiva - 3ª Pessoa Singular,será beneficiado,"ele(a) será beneficiado, será lucrado, será ajudado",passiva_a_confirmar,revisar,"'V-FIP-3S' e passiva, porem a passiva nao esta explicita em 'será beneficiado'.","Confirmar se a glossa pretende particpio isolado, adjetivo verbal ou construao passiva completa."
SEM NÚMERO DE OCORRÊNCIAS,,,,,,pt_vazio,alta,Campo 'pt' esta vazio.,Informe uma glossa portuguesa.
ἀφέθησαν,863,V-AIP-3P,Verbo - Aoristo Indicativo Passiva - 3ª Pessoa Plural,foram mandado embora,"eles(as) foram mandado embora, foram partido, foram perdoado, foram permitido, foram abandonado",concordancia_participio,alta,Auxiliar plural com particpio aparentemente singular: 'foram mandado'.,Revisar o numero do particpio; provavel forma plural: 'mandados'.
L,,,,,,pt_vazio,alta,Campo 'pt' esta vazio.,Informe uma glossa portuguesa.
λογίζεσθαι,3049,V-PNM/P,Verbo - Presente Infinitivo Média ou Passiva,calcular,"calcular, considerar, contabilizar, pensar, imputar.",media_passiva_ambigua,revisar,'V-PNM/P' e media ou passiva e 'pt' e infinitivo ativo: 'calcular'.,"Decidir pelo contexto entre leitura media/reflexiva, passiva ou ativa idiomatica; nao corrigir automaticamente."
M,,,,,,pt_vazio,alta,Campo 'pt' esta vazio.,Informe uma glossa portuguesa.
μνησθῶ,3403,V-ASP-1S,Verbo - Aoristo Subjuntivo Passiva - 1ª Pessoa Singular,lembre,"eu seja lembrado, seja estado atento",passiva_a_confirmar,revisar,"'V-ASP-1S' e passiva, porem a passiva nao esta explicita em 'lembre'.","Confirmar se a glossa pretende particpio isolado, adjetivo verbal ou construao passiva completa."
N,,,,,,pt_vazio,alta,Campo 'pt' esta vazio.,Informe uma glossa portuguesa.
τηρεῖσθαι,5083,V-PNM/P,Verbo - Presente Infinitivo Média ou Passiva,manter,"manter, guardar, observar, zelar",media_passiva_ambigua,revisar,'V-PNM/P' e media ou passiva e 'pt' e infinitivo ativo: 'manter'.,"Decidir pelo contexto entre leitura media/reflexiva, passiva ou ativa idiomatica; nao corrigir automaticamente."
ἀναγινώσκεται,314,V-PIP-3S,Verbo - Presente Indicativo Passiva - 3ª Pessoa Singular,é lido,"ele(a) é lido, é reconhecido, é sabido de novo",passiva_a_confirmar,revisar,"'V-PIP-3S' e passiva, porem a passiva nao esta explicita em 'é lido'.","Confirmar se a glossa pretende particpio isolado, adjetivo verbal ou construao passiva completa."
ἀνακεφαλαιοῦται,346,V-PIP-3S,Verbo - Presente Indicativo Passiva - 3ª Pessoa Singular,é reunido(a),"ele(a) é resumido, é reunido, é unido",passiva_a_confirmar,revisar,"'V-PIP-3S' e passiva, porem a passiva nao esta explicita em 'é reunido(a)'.","Confirmar se a glossa pretende particpio isolado, adjetivo verbal ou construao passiva completa."
ἀνιστάμενος,450,V-PMP-NMS,Verbo -,levantar,"levantar, subir, levantar-se, ressuscitar",passiva_sem_marca,alta,"'V-PMP-NMS' e passiva, mas 'pt' esta em infinitivo ativo: 'levantar'.","Revisar para uma forma passiva adequada, por exemplo 'ser + particpio', quando o contexto nao exigir outra soluao."
ἀπειθοῦντα,544,V-PAP-AMS,Verbo -,desobedeça,"desobedeça, seja desobediente, recuse-se a acreditar",passiva_a_confirmar,revisar,"'V-PAP-AMS' e passiva, porem a passiva nao esta explicita em 'desobedeça'.","Confirmar se a glossa pretende particpio isolado, adjetivo verbal ou construao passiva completa."
ἀποδιδοὺς,591,V-PAP-NMS,Verbo -,retribuir,"retribuir, devolver, render",passiva_sem_marca,alta,"'V-PAP-NMS' e passiva, mas 'pt' esta em infinitivo ativo: 'retribuir'.","Revisar para uma forma passiva adequada, por exemplo 'ser + particpio', quando o contexto nao exigir outra soluao."
ἀποκτένεσθαι,615,V-PNP,Verbo - Presente Infinitivo Passiva,matar,"matar, assassinar, condenar à morte",passiva_sem_marca,alta,"'V-PNP' e passiva, mas 'pt' esta em infinitivo ativo: 'matar'.","Revisar para uma forma passiva adequada, por exemplo 'ser + particpio', quando o contexto nao exigir outra soluao."
ἀρξάμενον,756,V-AMP-ANS,Verbo - Aoristo Particípio Média - Acusativo Neutro Singular,tendo começado,tendo começado,passiva_a_confirmar,revisar,"'V-AMP-ANS' e passiva, porem a passiva nao esta explicita em 'tendo começado'.","Confirmar se a glossa pretende particpio isolado, adjetivo verbal ou construao passiva completa."
βλασφημείσθω,987,V-PMP-3S,Verbo - Presente Imperativo Passiva - 3ª Pessoa Singular,é blasfemado,"ele(a) é blasfemado, é falado mal, é caluniado, é injuriado.",passiva_a_confirmar,revisar,"'V-PMP-3S' e passiva, porem a passiva nao esta explicita em 'é blasfemado'.","Confirmar se a glossa pretende particpio isolado, adjetivo verbal ou construao passiva completa."
διαμερισθήσεται,1266,V-FIP-3S,Verbo - Futuro Indicativo Passiva - 3ª Pessoa Singular,será dividido,"ele(a) será dividido, será distribuído, será repartido",passiva_a_confirmar,revisar,"'V-FIP-3S' e passiva, porem a passiva nao esta explicita em 'será dividido'.","Confirmar se a glossa pretende particpio isolado, adjetivo verbal ou construao passiva completa."
διαπορεῖσθαι,1280,V-PNP,Verbo - Presente Infinitivo Passiva,estar perplexo,"estar perplexo, estar em dúvida, estar perdido",passiva_a_confirmar,revisar,"'V-PNP' e passiva, porem a passiva nao esta explicita em 'estar perplexo'.","Confirmar se a glossa pretende particpio isolado, adjetivo verbal ou construao passiva completa."
διασκορπισθήσεται,1287,V-FIP-3S,Verbo - Futuro Indicativo Passiva - 3ª Pessoa Singular,será espalhado(a),"ele(a) será espalhado, será dispersado, será desperdiçado",passiva_a_confirmar,revisar,"'V-FIP-3S' e passiva, porem a passiva nao esta explicita em 'será espalhado(a)'.","Confirmar se a glossa pretende particpio isolado, adjetivo verbal ou construao passiva completa."
διαταξάμενός,1299,V-AMP-NMS,Verbo -,organizar,"organizar, ordenar, comandar, dirigir",passiva_sem_marca,alta,"'V-AMP-NMS' e passiva, mas 'pt' esta em infinitivo ativo: 'organizar'.","Revisar para uma forma passiva adequada, por exemplo 'ser + particpio', quando o contexto nao exigir outra soluao."
διορυγῆναι,1358,V-ANP,Verbo - Aoristo Infinitivo Passiva,cavar,"cavar, romper",passiva_sem_marca,alta,"'V-ANP' e passiva, mas 'pt' esta em infinitivo ativo: 'cavar'.","Revisar para uma forma passiva adequada, por exemplo 'ser + particpio', quando o contexto nao exigir outra soluao."
ἐγκεντρισθήσονται,1461,V-FIP-3P,Verbo - Futuro Indicativo Passiva - 3ª Pessoa Plural,serão enxertados,eles(as) serão enxertados,passiva_a_confirmar,revisar,"'V-FIP-3P' e passiva, porem a passiva nao esta explicita em 'serão enxertados'.","Confirmar se a glossa pretende particpio isolado, adjetivo verbal ou construao passiva completa."
ἐγκόπτω,1465,V-PNP,Verbo - Presente Infinitivo Passiva,impedir,"impedir, cortar",passiva_sem_marca,alta,"'V-PNP' e passiva, mas 'pt' esta em infinitivo ativo: 'impedir'.","Revisar para uma forma passiva adequada, por exemplo 'ser + particpio', quando o contexto nao exigir outra soluao."
ἐκγαμίσκονται,1548,V-PIP-3P,Verbo - Presente Indicativo Passiva - 3ª Pessoa Plural,são dado em casamento,eles(as) são dado em casamento,passiva_a_confirmar,revisar,"'V-PIP-3P' e passiva, porem a passiva nao esta explicita em 'são dado em casamento'.","Confirmar se a glossa pretende particpio isolado, adjetivo verbal ou construao passiva completa."
ἐκδέχεται,1551,V-PIM/P-3S,Verbo - Presente Indicativo Média ou Passiva - 3ª Pessoa Singular,esperar,"esperar, procurar",media_passiva_ambigua,revisar,'V-PIM/P-3S' e media ou passiva e 'pt' e infinitivo ativo: 'esperar'.,"Decidir pelo contexto entre leitura media/reflexiva, passiva ou ativa idiomatica; nao corrigir automaticamente."
ἐκκοπήσῃ,1581,V-FIP-2S,Verbo - Futuro Indicativo Passiva - 2ª Pessoa Singular,serás cortado,"tu serás cortado, serás removido",passiva_a_confirmar,revisar,"'V-FIP-2S' e passiva, porem a passiva nao esta explicita em 'serás cortado'.","Confirmar se a glossa pretende particpio isolado, adjetivo verbal ou construao passiva completa."
ἐλεηθῶσιν,1653,V-ASP-3P,Verbo - Aoristo Subjuntivo Passiva - 3ª Pessoa Plural,sejam tido misericórdia,"eles(as) sejam tido misericórdia, sejam mostrado compaixão, sejam sido misericordioso.",concordancia_participio,alta,Auxiliar plural com particpio aparentemente singular: 'sejam tido'.,Revisar o numero do particpio; provavel forma plural: 'tidos'.
ἐλιθάσθησαν,3034,V-AIP-3P,Verbo - Aoristo Indicativo Passiva - 3ª Pessoa Plural,foram apedrejado,"eles(as) foram apedrejado, foram atirado pedras",concordancia_participio,alta,Auxiliar plural com particpio aparentemente singular: 'foram apedrejado'.,Revisar o numero do particpio; provavel forma plural: 'apedrejados'.
ἐλογίσθημεν,3049,V-AIP-1P,Verbo - Aoristo Indicativo Passiva - 1ª Pessoa Plural,fomos calculado,"nós fomos calculado, fomos considerado, fomos contabilizado, fomos pensado, fomos imputado.",concordancia_participio,alta,Auxiliar plural com particpio aparentemente singular: 'fomos calculado'.,Revisar o numero do particpio; provavel forma plural: 'calculados'.
ἐνεδυναμώθησαν,1743,V-AIP-3P,Verbo - Aoristo Indicativo Passiva - 3ª Pessoa Plural,foram capacitado,"eles(as) foram capacitado, foram fortalecido, foram tornado forte",concordancia_participio,alta,Auxiliar plural com particpio aparentemente singular: 'foram capacitado'.,Revisar o numero do particpio; provavel forma plural: 'capacitados'.
ἐνεχθῆναι,5342,V-ANP,Verbo - Aoristo Infinitivo Passiva,suportar,"suportar, carregar, trazer, liderar",passiva_sem_marca,alta,"'V-ANP' e passiva, mas 'pt' esta em infinitivo ativo: 'suportar'.","Revisar para uma forma passiva adequada, por exemplo 'ser + particpio', quando o contexto nao exigir outra soluao."
ἐξεκόπης,1581,V-APP-2S,Verbo - Aoristo Particípio Ativa,tendo cortado,"tendo cortado, tendo removido",passiva_a_confirmar,revisar,"'V-APP-2S' e passiva, porem a passiva nao esta explicita em 'tendo cortado'.","Confirmar se a glossa pretende particpio isolado, adjetivo verbal ou construao passiva completa."
ἐξολοθρευθήσεται,1842,V-FIP-3S,Verbo - Futuro Indicativo Passiva - 3ª Pessoa Singular,será destruído completamente,"ele(a) será destruído completamente, será exterminado, será erradicado",passiva_a_confirmar,revisar,"'V-FIP-3S' e passiva, porem a passiva nao esta explicita em 'será destruído completamente'.","Confirmar se a glossa pretende particpio isolado, adjetivo verbal ou construao passiva completa."
ἐπερχομέναις,1904,V-PNP-DPF,Verbo - Presente Particípio Média - Dativo Feminino Plural,chegando,"chegando, ultrapassando, aproximando",passiva_a_confirmar,revisar,"'V-PNP-DPF' e passiva, porem a passiva nao esta explicita em 'chegando'.","Confirmar se a glossa pretende particpio isolado, adjetivo verbal ou construao passiva completa."
ἐπιστραφῶσιν,1994,V-ASP-3P,Verbo - Aoristo Particípio Ativa,tendo virado,"tendo virado, tendo voltado, tendo voltado atrás, tendo convertido",passiva_a_confirmar,revisar,"'V-ASP-3P' e passiva, porem a passiva nao esta explicita em 'tendo virado'.","Confirmar se a glossa pretende particpio isolado, adjetivo verbal ou construao passiva completa."
ἐπιφέρεσθαι,2018,V-PNP,Verbo - Presente Infinitivo Passiva,trazer,"trazer, infligir, impor",passiva_sem_marca,alta,"'V-PNP' e passiva, mas 'pt' esta em infinitivo ativo: 'trazer'.","Revisar para uma forma passiva adequada, por exemplo 'ser + particpio', quando o contexto nao exigir outra soluao."
ἐπωρώθησαν,4456,V-AIP-3P,Verbo - Aoristo Indicativo Passiva - 3ª Pessoa Plural,foram endurecido,"eles(as) foram endurecido, foram tornado insensível",concordancia_participio,alta,Auxiliar plural com particpio aparentemente singular: 'foram endurecido'.,Revisar o numero do particpio; provavel forma plural: 'endurecidos'.
ἑρμηνευόμενον,2059,V-PPP-NNS,Verbo -,interpretar,"interpretar, traduzir, explicar",passiva_sem_marca,alta,"'V-PPP-NNS' e passiva, mas 'pt' esta em infinitivo ativo: 'interpretar'.","Revisar para uma forma passiva adequada, por exemplo 'ser + particpio', quando o contexto nao exigir outra soluao."
ἐρρήθησαν,2046,V-AIP-3P,Verbo - Aoristo Indicativo Passiva - 3ª Pessoa Plural,foram dito,"eles(as) foram dito, foram falado, foram contado",concordancia_participio,alta,Auxiliar plural com particpio aparentemente singular: 'foram dito'.,Revisar o numero do particpio; provavel forma plural: 'ditos'.
ἐσώθημεν,4982,V-AIP-1P,Verbo - Aoristo Indicativo Passiva - 1ª Pessoa Plural,fomos salvado,"nós fomos salvado, fomos resgatado, fomos libertado, fomos curado, fomos preservado",concordancia_participio,alta,Auxiliar plural com particpio aparentemente singular: 'fomos salvado'.,Revisar o numero do particpio; provavel forma plural: 'salvados'.
εὐλογημένοι,2127,V-RPP-NMP,Verbo -,abençoar,"abençoar, louvar, falar bem de",passiva_a_confirmar,revisar,"'V-RPP-NMP' e passiva, porem a passiva nao esta explicita em 'abençoar'.","Confirmar se a glossa pretende particpio isolado, adjetivo verbal ou construao passiva completa."
εὐφρανθήσονται,2165,V-FIP-3P,Verbo - Futuro Indicativo Passiva - 3ª Pessoa Plural,serão alegrado,eles(as) serão alegrado,passiva_a_confirmar,revisar,"'V-FIP-3P' e passiva, porem a passiva nao esta explicita em 'serão alegrado'.","Confirmar se a glossa pretende particpio isolado, adjetivo verbal ou construao passiva completa."
ἡγιασμένη,37,V-RPP-NFS,Verbo -,santificar,"santificar, tornar santo, consagrar, separar",passiva_sem_marca,alta,"'V-RPP-NFS' e passiva, mas 'pt' esta em infinitivo ativo: 'santificar'.","Revisar para uma forma passiva adequada, por exemplo 'ser + particpio', quando o contexto nao exigir outra soluao."
ἡττήθητε,2274,V-AIP-2P,Verbo - Aoristo Indicativo Passiva - 2ª Pessoa Plural,fostes sido derrotado,"vós fostes sido derrotado, fostes sido inferior, fostes sido superado",concordancia_participio,alta,Auxiliar plural com particpio aparentemente singular: 'fostes sido'.,Revisar o numero do particpio; provavel forma plural: 'sidos'.
ἤχθημεν,71,V-AIP-1P,Verbo - Aoristo Indicativo Passiva - 1ª Pessoa Plural,fomos liderado,"nós fomos liderado, fomos trazido, fomos carregado, fomos guiado",concordancia_participio,alta,Auxiliar plural com particpio aparentemente singular: 'fomos liderado'.,Revisar o numero do particpio; provavel forma plural: 'liderados'.
ἠχρειώθησαν,889,V-AIP-3P,Verbo - Aoristo Indicativo Passiva - 3ª Pessoa Plural,foram tornado inútil,eles(as) foram tornado inútil,concordancia_participio,alta,Auxiliar plural com particpio aparentemente singular: 'foram tornado'.,Revisar o numero do particpio; provavel forma plural: 'tornados'.
ἠχρειώθησαν,889,V-AIP-3P,Verbo - Aoristo Indicativo Passiva - 3ª Pessoa Plural,foram tornado inútil,eles(as) foram tornado inútil,construao_inadequada,alta,Construo inadequada: 'foram tornado'.,"Reescrever com forma idiomatica, por exemplo 'foram tornados' ou 'tornaram-se'."
ἱερουργοῦντα,2418,V-PAP-AMS,Verbo -,ministrar coisas sagradas,"ministrar coisas sagradas, realizar ritos sagrados",passiva_a_confirmar,revisar,"'V-PAP-AMS' e passiva, porem a passiva nao esta explicita em 'ministrar coisas sagradas'.","Confirmar se a glossa pretende particpio isolado, adjetivo verbal ou construao passiva completa."
καταισχυνθήσεται,2617,V-FIP-3S,Verbo - Futuro Indicativo Passiva - 3ª Pessoa Singular,será envergonhado,"ele(a) será envergonhado, será desonrado, será confundido",passiva_a_confirmar,revisar,"'V-FIP-3S' e passiva, porem a passiva nao esta explicita em 'será envergonhado'.","Confirmar se a glossa pretende particpio isolado, adjetivo verbal ou construao passiva completa."
καταξιωθῆτε,2661,V-ASP-2P,Verbo - Aoristo Subjuntivo Passiva - 2ª Pessoa Plural,sejais considerado digno,vós sejais considerado digno,concordancia_participio,alta,Auxiliar plural com particpio aparentemente singular: 'sejais considerado'.,Revisar o numero do particpio; provavel forma plural: 'considerados'.
καταφθαρήσονται,2704,V-FIP-3P,Verbo - Futuro Indicativo Passiva - 3ª Pessoa Plural,serão corrompido,"eles(as) serão corrompido, serão destruído, serão arruinado",passiva_a_confirmar,revisar,"'V-FIP-3P' e passiva, porem a passiva nao esta explicita em 'serão corrompido'.","Confirmar se a glossa pretende particpio isolado, adjetivo verbal ou construao passiva completa."
κατηραμένοι,2672,V-RPP-NMP,Verbo -,amaldiçoar,"amaldiçoar, invocar o mal sobre",passiva_a_confirmar,revisar,"'V-RPP-NMP' e passiva, porem a passiva nao esta explicita em 'amaldiçoar'.","Confirmar se a glossa pretende particpio isolado, adjetivo verbal ou construao passiva completa."
κατηργήθημεν,2673,V-AIP-1P,Verbo - Aoristo Indicativo Passiva - 1ª Pessoa Plural,fomos abolido,"nós fomos abolido, fomos anulado, fomos tornado ineficaz, fomos posto fim",concordancia_participio,alta,Auxiliar plural com particpio aparentemente singular: 'fomos abolido'.,Revisar o numero do particpio; provavel forma plural: 'abolidos'.
κατηρτισμένα,2675,V-RPP-ANP,Verbo -,restaurar,"restaurar, equipar, aperfeiçoar, preparar, consertar",passiva_sem_marca,alta,"'V-RPP-ANP' e passiva, mas 'pt' esta em infinitivo ativo: 'restaurar'.","Revisar para uma forma passiva adequada, por exemplo 'ser + particpio', quando o contexto nao exigir outra soluao."
κληθέντος,2564,V-APP-GMS,Verbo -,chamar,"chamar, nomear, convidar",passiva_sem_marca,alta,"'V-APP-GMS' e passiva, mas 'pt' esta em infinitivo ativo: 'chamar'.","Revisar para uma forma passiva adequada, por exemplo 'ser + particpio', quando o contexto nao exigir outra soluao."
κολλώμενοι,2853,V-PPP-NMP,Verbo -,unir,"unir, aderir",passiva_sem_marca,alta,"'V-PPP-NMP' e passiva, mas 'pt' esta em infinitivo ativo: 'unir'.","Revisar para uma forma passiva adequada, por exemplo 'ser + particpio', quando o contexto nao exigir outra soluao."
κομιούμενοι,2865,V-FDP-NMP,Verbo -,receber,"receber, trazer, carregar, recuperar",passiva_sem_marca,alta,"'V-FDP-NMP' e passiva, mas 'pt' esta em infinitivo ativo: 'receber'.","Revisar para uma forma passiva adequada, por exemplo 'ser + particpio', quando o contexto nao exigir outra soluao."
λαλήσαντος,2980,V-AAP-GMS,Verbo -,falar,"falar, proferir",passiva_sem_marca,alta,"'V-AAP-GMS' e passiva, mas 'pt' esta em infinitivo ativo: 'falar'.","Revisar para uma forma passiva adequada, por exemplo 'ser + particpio', quando o contexto nao exigir outra soluao."
λιθοβολεῖσθαι,3036,V-PNP,Verbo - Presente Infinitivo Passiva,apedrejar,"apedrejar, atirar pedras",passiva_sem_marca,alta,"'V-PNP' e passiva, mas 'pt' esta em infinitivo ativo: 'apedrejar'.","Revisar para uma forma passiva adequada, por exemplo 'ser + particpio', quando o contexto nao exigir outra soluao."
λυπεῖται,3076,V-PIP-3S,Verbo - Presente Indicativo Passiva - 3ª Pessoa Singular,é lamentado,"ele(a) é lamentado, é causado tristeza, é angustiado",passiva_a_confirmar,revisar,"'V-PIP-3S' e passiva, porem a passiva nao esta explicita em 'é lamentado'.","Confirmar se a glossa pretende particpio isolado, adjetivo verbal ou construao passiva completa."
μεταδιδούς,3330,V-PAP-NMS,Verbo -,compartilhar,"compartilhar, transmitir, dar",passiva_sem_marca,alta,"'V-PAP-NMS' e passiva, mas 'pt' esta em infinitivo ativo: 'compartilhar'.","Revisar para uma forma passiva adequada, por exemplo 'ser + particpio', quando o contexto nao exigir outra soluao."
μεταμορφοῦσθαι,3339,V-PNP,Verbo - Presente Infinitivo Passiva,transformar,"transformar, mudar de forma",passiva_sem_marca,alta,"'V-PNP' e passiva, mas 'pt' esta em infinitivo ativo: 'transformar'.","Revisar para uma forma passiva adequada, por exemplo 'ser + particpio', quando o contexto nao exigir outra soluao."
μεταστραφήτω,3344,V-AMP-3S,Verbo - Aoristo Imperativo Passiva,mudar,"mudar, alterar, perverter, transformar",passiva_sem_marca,alta,"'V-AMP-3S' e passiva, mas 'pt' esta em infinitivo ativo: 'mudar'.","Revisar para uma forma passiva adequada, por exemplo 'ser + particpio', quando o contexto nao exigir outra soluao."
πεινῶντα,3983,V-PAP-AMS,Verbo -,ter fome,ter fome,passiva_a_confirmar,revisar,"'V-PAP-AMS' e passiva, porem a passiva nao esta explicita em 'ter fome'.","Confirmar se a glossa pretende particpio isolado, adjetivo verbal ou construao passiva completa."
πεπραμένος,4097,V-RPP-NMS,Verbo -,vender,"vender, ser vendido",passiva_sem_marca,alta,"'V-RPP-NMS' e passiva, mas 'pt' esta em infinitivo ativo: 'vender'.","Revisar para uma forma passiva adequada, por exemplo 'ser + particpio', quando o contexto nao exigir outra soluao."
πληροῦται,4137,V-PIP-3S,Verbo - Presente Indicativo Passiva - 3ª Pessoa Singular,é preenchido,"ele(a) é preenchido, é completado, é cumprido",passiva_a_confirmar,revisar,"'V-PIP-3S' e passiva, porem a passiva nao esta explicita em 'é preenchido'.","Confirmar se a glossa pretende particpio isolado, adjetivo verbal ou construao passiva completa."
πορευόμεναι,4198,V-PNP-NFP,Verbo - Presente Particípio - Nominativo Feminino Plural,indo,"indo, prosseguindo, viajando",passiva_a_confirmar,revisar,"'V-PNP-NFP' e passiva, porem a passiva nao esta explicita em 'indo'.","Confirmar se a glossa pretende particpio isolado, adjetivo verbal ou construao passiva completa."
προϊστάμενος,4291,V-PMP-NMS,Verbo -,liderar,"liderar, gerenciar, governar, cuidar",passiva_sem_marca,alta,"'V-PMP-NMS' e passiva, mas 'pt' esta em infinitivo ativo: 'liderar'.","Revisar para uma forma passiva adequada, por exemplo 'ser + particpio', quando o contexto nao exigir outra soluao."
προνοούμενοι,4306,V-PMP-NMP,Verbo -,prever,"prever, pensar",passiva_sem_marca,alta,"'V-PMP-NMP' e passiva, mas 'pt' esta em infinitivo ativo: 'prever'.","Revisar para uma forma passiva adequada, por exemplo 'ser + particpio', quando o contexto nao exigir outra soluao."
ῥυπαρευθήτω,4510,V-AMP-3S,Verbo - Aoristo Imperativo Passiva - 3ª Pessoa Singular,é contaminado,"ele(a) é contaminado, é tornado imundo",passiva_a_confirmar,revisar,"'V-AMP-3S' e passiva, porem a passiva nao esta explicita em 'é contaminado'.","Confirmar se a glossa pretende particpio isolado, adjetivo verbal ou construao passiva completa."
συγκατατεθειμένος,4784,V-RNP-NMS,Verbo - Perfeito Particípio - Nominativo Masculino Singular,tendo concordado com,"tendo concordado com, tendo consentido, tendo assentido",passiva_a_confirmar,revisar,"'V-RNP-NMS' e passiva, porem a passiva nao esta explicita em 'tendo concordado com'.","Confirmar se a glossa pretende particpio isolado, adjetivo verbal ou construao passiva completa."
συναχθήσεται,4863,V-FIP-3S,Verbo - Futuro Indicativo Passiva - 3ª Pessoa Singular,será reunido,ele(a) será reunido,passiva_a_confirmar,revisar,"'V-FIP-3S' e passiva, porem a passiva nao esta explicita em 'será reunido'.","Confirmar se a glossa pretende particpio isolado, adjetivo verbal ou construao passiva completa."
συνδοξασθῶμεν,4888,V-ASP-1P,Verbo - Aoristo Subjuntivo Passiva - 1ª Pessoa Plural,sejamos glorificado juntos,"nós sejamos glorificado juntos, sejamos compartilhado a glória",concordancia_participio,alta,Auxiliar plural com particpio aparentemente singular: 'sejamos glorificado'.,Revisar o numero do particpio; provavel forma plural: 'glorificados'.
συνεπιμαρτυροῦντος,4901,V-PAP-GMS,Verbo -,testificar com,"testificar com, confirmar, testemunhar juntos",passiva_a_confirmar,revisar,"'V-PAP-GMS' e passiva, porem a passiva nao esta explicita em 'testificar com'.","Confirmar se a glossa pretende particpio isolado, adjetivo verbal ou construao passiva completa."
συστρέψαντος,4962,V-AAP-GMS,Verbo -,torcer junto,"torcer junto, juntar, enrolar",passiva_a_confirmar,revisar,"'V-AAP-GMS' e passiva, porem a passiva nao esta explicita em 'torcer junto'.","Confirmar se a glossa pretende particpio isolado, adjetivo verbal ou construao passiva completa."
τελειοῦται,5048,V-PIP-3S,Verbo - Presente Indicativo Passiva - 3ª Pessoa Singular,é completado,"ele(a) é completado, é aperfeiçoado, é realizado, é posto fim.",passiva_a_confirmar,revisar,"'V-PIP-3S' e passiva, porem a passiva nao esta explicita em 'é completado'.","Confirmar se a glossa pretende particpio isolado, adjetivo verbal ou construao passiva completa."
τεταγμέναι,5021,V-RPP-NFP,Verbo -,arranjar,"arranjar, nomear, ordenar",passiva_sem_marca,alta,"'V-RPP-NFP' e passiva, mas 'pt' esta em infinitivo ativo: 'arranjar'.","Revisar para uma forma passiva adequada, por exemplo 'ser + particpio', quando o contexto nao exigir outra soluao."
τίθεται,5087,V-PIP-3S,Verbo - Presente Indicativo Passiva - 3ª Pessoa Singular,é colocado,"ele(a) é colocado, é nomeado, é estabelecido",passiva_a_confirmar,revisar,"'V-PIP-3S' e passiva, porem a passiva nao esta explicita em 'é colocado'.","Confirmar se a glossa pretende particpio isolado, adjetivo verbal ou construao passiva completa."
ὑπετάγη,5293,V-APP-3S,Verbo - Aoristo Particípio Ativa,tendo sujeitado,"tendo sujeitado, tendo subordinado, tendo submetido, tendo estado sob obediência",passiva_a_confirmar,revisar,"'V-APP-3S' e passiva, porem a passiva nao esta explicita em 'tendo sujeitado'.","Confirmar se a glossa pretende particpio isolado, adjetivo verbal ou construao passiva completa."
ὑπετάγησαν,5293,V-APP-3P,Verbo - Aoristo Particípio Ativa,tendo sujeitado,"tendo sujeitado, tendo subordinado, tendo submetido, tendo estado sob obediência",passiva_a_confirmar,revisar,"'V-APP-3P' e passiva, porem a passiva nao esta explicita em 'tendo sujeitado'.","Confirmar se a glossa pretende particpio isolado, adjetivo verbal ou construao passiva completa."
χρονίζοντος,5549,V-PAP-GMS,Verbo -,atrasar,"atrasar, demorar",passiva_sem_marca,alta,"'V-PAP-GMS' e passiva, mas 'pt' esta em infinitivo ativo: 'atrasar'.","Revisar para uma forma passiva adequada, por exemplo 'ser + particpio', quando o contexto nao exigir outra soluao."
