grego;strongs;campo;palavra_suspeita;texto_contexto;sugestao;decisao
Ἀββά;5;traducao;abba;Abba;REVISAR MANUALMENTE;Abba
Ἀββά;5;pt;abba;Abba;REVISAR MANUALMENTE;Abba
Ἅβελ;6;traducao;abel;Abel;REVISAR MANUALMENTE;Abel
Ἅβελ;6;pt;abel;Abel;REVISAR MANUALMENTE;Abel
Ἀβιά;7;traducao;abias;Abias;REVISAR MANUALMENTE;Abias
Ἀβιά;7;pt;abias;Abias;REVISAR MANUALMENTE;Abias
Ἀβιάθαρ;8;traducao;abiatar;Abiatar;REVISAR MANUALMENTE;Abiatar
Ἀβιάθαρ;8;pt;abiatar;Abiatar;REVISAR MANUALMENTE;Abiatar
Ἀβιληνῆς;9;traducao;abilene;da Abilene;REVISAR MANUALMENTE;Abilene
Ἀβιληνῆς;9;pt;abilene;da Abilene;REVISAR MANUALMENTE;Abilene
Ἀβιούδ;10;traducao;abiúde;Abiúde;REVISAR MANUALMENTE;Abiúde
Ἀβιούδ;10;pt;abiúde;Abiúde;REVISAR MANUALMENTE;Abiúde
Ἄγαβος;13;traducao;ágabo;Ágabo;REVISAR MANUALMENTE;Ágabo
Ἄγαβος;13;pt;ágabo;Ágabo;REVISAR MANUALMENTE;Ágabo
ἀγαπῶ;25;traducao;prefero;eu amo, no sentido de prefero (ação, não sentimento);REVISAR MANUALMENTE;preferir
ἀγαπῶμεν;25;traducao;preferamos;nós amemos, no sentido de preferamos (ação, não sentimento);REVISAR MANUALMENTE;preferir
ἀγαπᾶτέ;25;traducao;preferais;vós ameis, no sentido de preferais (ação, não sentimento);REVISAR MANUALMENTE;preferir
ᾅδῃ;86;traducao;hade;ao hade;REVISAR MANUALMENTE;Hades
ᾅδῃ;86;pt;hade;ao hade;REVISAR MANUALMENTE;Hades
ᾅδου;86;traducao;hades;do Hades;REVISAR MANUALMENTE;Hades
ᾅδου;86;pt;hades;do Hades;REVISAR MANUALMENTE;Hades
ᾅδης;86;traducao;hades;Hades;REVISAR MANUALMENTE;Hades
ᾅδης;86;pt;hades;Hades;REVISAR MANUALMENTE;Hades
ᾅδην;86;traducao;hades;Hades;REVISAR MANUALMENTE;Hades
ᾅδην;86;pt;hades;Hades;REVISAR MANUALMENTE;Hades
ἀδικήσωσιν;91;traducao;feram;eles(as) façam o mal, agam injustamente, feram;REVISAR MANUALMENTE;firam
Ἀζώρ;107;traducao;azor;Azor;REVISAR MANUALMENTE;Azor
Ἀζώρ;107;pt;azor;Azor;REVISAR MANUALMENTE;Azor
Ἀθήναις;116;traducao;atenas;Atenas;REVISAR MANUALMENTE;Atenas
Ἀθήναις;116;pt;atenas;Atenas;REVISAR MANUALMENTE;Atenas
Ἀθηνῶν;116;traducao;atenas;Atenas;REVISAR MANUALMENTE;Atenas
Ἀθηνῶν;116;pt;atenas;Atenas;REVISAR MANUALMENTE;Atenas
Αἰγύπτῳ;125;traducao;egito;ao Egito;REVISAR MANUALMENTE;Egito
Αἰγύπτῳ;125;pt;egito;ao Egito;REVISAR MANUALMENTE;Egito
Αἰγύπτου;125;traducao;egito;do Egito;REVISAR MANUALMENTE;Egito
Αἰγύπτου;125;pt;egito;do Egito;REVISAR MANUALMENTE;Egito
Αἴγυπτος;125;traducao;egita;egita;REVISAR MANUALMENTE;Egito
Αἴγυπτος;125;pt;egita;egita;REVISAR MANUALMENTE;Egito
Αἴγυπτον;125;traducao;egito;Egito;REVISAR MANUALMENTE;Egito
Αἴγυπτον;125;pt;egito;Egito;REVISAR MANUALMENTE;Egito
Αἰνέα;132;traducao;enéio;enéio;REVISAR MANUALMENTE;Enéias
Αἰνέα;132;pt;enéio;enéio;REVISAR MANUALMENTE;Enéias
Αἰνέαν;132;traducao;enéio;enéio;REVISAR MANUALMENTE;Enéias
Αἰνέαν;132;pt;enéio;enéio;REVISAR MANUALMENTE;Enéias
εἵλετο;138;traducao;prefera;ele(a) tome, escolha, prefera;REVISAR MANUALMENTE;prefira
ἄρῃ;142;traducao;ergua;ele(a) ergua, levante, tome, carregue, remova;REVISAR MANUALMENTE;erga
ἀράτω;142;traducao;ergua;ele(a) ergua, levante, tome, carregue, remova;REVISAR MANUALMENTE;erga
ἄρῃ;142;pt;ergua;ergua;REVISAR MANUALMENTE;erga
ἀράτω;142;pt;ergua;ergua;REVISAR MANUALMENTE;erga
αἰτήσηται;154;traducao;exijisse;ele(a) pedisse, solicitasse, exijisse;REVISAR MANUALMENTE;exigisse
ἀλείψωσιν;218;traducao;ungam;eles(as) ungam;REVISAR MANUALMENTE;unjam
ἀλείψωσιν;218;pt;ungam;ungam;REVISAR MANUALMENTE;unjam
Ἀλέξανδρος;223;traducao;alexandre;Alexandre;REVISAR MANUALMENTE;Alexandre
Ἀλέξανδρος;223;pt;alexandre;Alexandre;REVISAR MANUALMENTE;Alexandre
Ἀλέξανδρον;223;traducao;alexandre;Alexandre;REVISAR MANUALMENTE;Alexandre
Ἀλέξανδρον;223;pt;alexandre;Alexandre;REVISAR MANUALMENTE;Alexandre
Ἀλεξάνδρου;223;traducao;alexandre;do Alexandre;REVISAR MANUALMENTE;Alexandre
Ἀλεξάνδρου;223;pt;alexandre;do Alexandre;REVISAR MANUALMENTE;Alexandre
ἄλογα;249;traducao;irracionais;irracionais;REVISAR MANUALMENTE;
ἄλογα;249;pt;irracionais;irracionais;REVISAR MANUALMENTE;
Ἁλφαίου;256;traducao;alfeu;de Alfeu;REVISAR MANUALMENTE;Alfeu
Ἁλφαίου;256;pt;alfeu;de Alfeu;REVISAR MANUALMENTE;Alfeu
Ἀμιναδάβ;284;traducao;aminadabe;Aminadabe;REVISAR MANUALMENTE;Aminadabe
Ἀμιναδάβ;284;pt;aminadabe;Aminadabe;REVISAR MANUALMENTE;Aminadabe
Ἀμπλιᾶτος;291;traducao;amplíato;Amplíato;REVISAR MANUALMENTE;Amplíato
Ἀμπλιᾶτος;291;pt;amplíato;Amplíato;REVISAR MANUALMENTE;Amplíato
ἀμπλίαν;291;traducao;amplíato;Amplíato;REVISAR MANUALMENTE;Amplíato
ἀμπλίαν;291;pt;amplíato;Amplíato;REVISAR MANUALMENTE;Amplíato
Ἀμφίπολιν;295;traducao;anfípoli;anfípoli;REVISAR MANUALMENTE;Anfípolis
Ἀμφίπολιν;295;pt;anfípoli;anfípoli;REVISAR MANUALMENTE;Anfípolis
Ἀμών;300;traducao;amon;Amon;REVISAR MANUALMENTE;Amon
Ἀμών;300;pt;amon;Amon;REVISAR MANUALMENTE;Amon
Ἀμώς;301;traducao;amós;Amós;REVISAR MANUALMENTE;Amós
Ἀμώς;301;pt;amós;Amós;REVISAR MANUALMENTE;Amós
ἀναβαίνουσιν;305;traducao;subem;eles(as) subem;REVISAR MANUALMENTE;subam
ἀναβαίνουσιν;305;pt;subem;subem;REVISAR MANUALMENTE;sobem
ἀνεῖλον;337;traducao;destruiram;eles(as) ocuparam, mataram, aboliram, destruiram;REVISAR MANUALMENTE;destruíram
ἀνείλετε;337;traducao;destruistes;vós ocupastes, matastes, abolistes, destruistes;REVISAR MANUALMENTE;destruístes
Ἁνανίας;367;traducao;ananias;Ananias;Ananias;Ananias
Ἁνανίας;367;pt;ananias;Ananias;Ananias;Ananias
Ἁνανία;367;traducao;ananias;Ananias;Ananias;Ananias
Ἁνανία;367;pt;ananias;Ananias;Ananias;Ananias
Ἁνανίαν;367;traducao;ananias;Ananias;Ananias;Ananias
Ἁνανίαν;367;pt;ananias;Ananias;Ananias;Ananias
ἀναπαύσωνται;373;pt;desçansar;desçansar;REVISAR MANUALMENTE;descansar
ἀναπαύσωνται;373;traducao;desçansar;desçansar, refresçar, dar desçanso;REVISAR MANUALMENTE;descansar
ἀναπαύσωνται;373;traducao;refresçar;desçansar, refresçar, dar desçanso;REVISAR MANUALMENTE;refrescar
ἀναπαύσωνται;373;traducao;desçanso;desçansar, refresçar, dar desçanso;REVISAR MANUALMENTE;descanso
ἀνέθετο;394;traducao;expeu;ele(a) expeu, declarou, colocou diante, comunicou;REVISAR MANUALMENTE;expôs
ἀνεθέμην;394;traducao;expi;eu expi, declarei, coloquei diante, comuniquei;REVISAR MANUALMENTE;expus
ἀνέθετο;394;pt;expeu;expeu;REVISAR MANUALMENTE;expôs
ἀνεθέμην;394;pt;expi;expi;REVISAR MANUALMENTE;expus
Ἀνδρέας;406;traducao;andré;André;REVISAR MANUALMENTE;André
Ἀνδρέας;406;pt;andré;André;REVISAR MANUALMENTE;André
Ἀνδρέαν;406;traducao;andré;André;REVISAR MANUALMENTE;André
Ἀνδρέαν;406;pt;andré;André;REVISAR MANUALMENTE;André
Ἀνδρέᾳ;406;traducao;andré;ao André;REVISAR MANUALMENTE;André
Ἀνδρέᾳ;406;pt;andré;ao André;REVISAR MANUALMENTE;André
Ἀνδρέου;406;traducao;andré;de André;REVISAR MANUALMENTE;André
Ἀνδρέου;406;pt;andré;de André;REVISAR MANUALMENTE;André
ἀνδρόνικον;408;traducao;andrônico;Andrônico;REVISAR MANUALMENTE;Andrônico
ἀνδρόνικον;408;pt;andrônico;Andrônico;REVISAR MANUALMENTE;Andrônico
ἀνθέστηκεν;436;traducao;opeu;ele(a) resistiu, se opeu;REVISAR MANUALMENTE;opôs
ἀνθεστηκότες;436;traducao;opido;tendo resistido, tendo opido;REVISAR MANUALMENTE;oposto
ἀνθύπατοί;446;traducao;procônsules;procônsules;REVISAR MANUALMENTE;
ἀνθύπατοί;446;pt;procônsules;procônsules;REVISAR MANUALMENTE;
Ἅννα;451;traducao;ana;Ana;REVISAR MANUALMENTE;Ana
Ἅννα;451;pt;ana;Ana;REVISAR MANUALMENTE;Ana
ἀντιλέγοντα;483;traducao;opendo;falando contra, opendo, contradizendo;REVISAR MANUALMENTE;opondo
Ἀντιοχείᾳ;490;traducao;antioquia;a Antioquia;Antioquia;Antioquia
Ἀντιοχείᾳ;490;pt;antioquia;a Antioquia;Antioquia;Antioquia
Ἀντιόχειαν;490;traducao;antioquia;Antioquia;Antioquia;Antioquia
Ἀντιόχειαν;490;pt;antioquia;Antioquia;Antioquia;Antioquia
Ἀντιοχείας;490;traducao;antioquia;de Antioquia;Antioquia;Antioquia
Ἀντιοχείας;490;pt;antioquia;de Antioquia;Antioquia;Antioquia
Ἀντιοχέα;491;traducao;antioquio;antioquio;REVISAR MANUALMENTE;Antioquia
Ἀντιοχέα;491;pt;antioquio;antioquio;REVISAR MANUALMENTE;Antioquia
ἀπεράντοις;562;traducao;sens;às sens fim;REVISAR MANUALMENTE;sem
ἀπεράντοις;562;pt;sens;às sens fim;REVISAR MANUALMENTE;sem
ἀπεῖχεν;568;traducao;abstia;ele(a) tinha por inteiro, recebia, estava distante, se abstia;REVISAR MANUALMENTE;abstinha
ἀπέχεσθε;568;traducao;abstei;vós tende por inteiro, recebei, estai distante, vos abstei;REVISAR MANUALMENTE;abstenhai
ἀπέχετε;568;traducao;estáis;vós tendes por inteiro, recebeis, estáis distante, vos absteis;REVISAR MANUALMENTE;estais
ἀπέχετε;568;traducao;absteis;vós tendes por inteiro, recebeis, estáis distante, vos absteis;REVISAR MANUALMENTE;abstenhais
ἀποβάλητε;577;traducao;perdais;vós jogueis fora, perdais;REVISAR MANUALMENTE;pecais
ἀποθνῄσκωμεν;599;traducao;perecamos;nós morramos, perecamos;REVISAR MANUALMENTE;pereçamos
ἀπέκρυψεν;613;traducao;manteu;ele(a) escondeu, manteu segredo;REVISAR MANUALMENTE;manteve
ἀπέκρυψας;613;traducao;manteste;tu escondeste, manteste segredo;REVISAR MANUALMENTE;mantiveste
ἀπόλλυνται;622;pt;destróem;destróem;REVISAR MANUALMENTE;destroem
ἀπώλεσα;622;pt;destrui;destrui;REVISAR MANUALMENTE;destruí
ἀπόλλυνται;622;traducao;destróem;eles(as) destróem, perecem, perdem;REVISAR MANUALMENTE;destroem
ἀπόλωνται;622;traducao;perdam;eles(as) destruam, pereçam, perdam;REVISAR MANUALMENTE;percam
ἀπολέσωμεν;622;traducao;perecamos;nós destruamos, perecamos, perdamos;REVISAR MANUALMENTE;pereçamos
ἀπολέσωμεν;622;traducao;perdamos;nós destruamos, perecamos, perdamos;REVISAR MANUALMENTE;percamos
ἀπολλύμεθα;622;traducao;perdemo;nós destruímo-nos, perecemos, perdemo-nos;REVISAR MANUALMENTE;
ἀπολέσητε;622;traducao;perdais;vós destruais, pereçais, perdais;REVISAR MANUALMENTE;percais
Ἀπολλύων;623;traducao;apoliom;Apoliom;REVISAR MANUALMENTE;Apoliom
Ἀπολλύων;623;pt;apoliom;Apoliom;REVISAR MANUALMENTE;Apoliom
Ἀπολλωνίαν;624;traducao;apolónia;Apolónia;REVISAR MANUALMENTE;Apolônia
Ἀπολλωνίαν;624;pt;apolónia;Apolónia;REVISAR MANUALMENTE;Apolônia
ἀποφυγόντας;668;pt;esçapado;tendo esçapado;REVISAR MANUALMENTE;escapado
ἀποφυγόντας;668;traducao;esçapado;tendo esçapado, tendo fugido, tendo evitado;REVISAR MANUALMENTE;escapado
ἀργυροκόπος;695;traducao;ourive;ourive;REVISAR MANUALMENTE;ourives
ἀργυροκόπος;695;pt;ourive;ourive;REVISAR MANUALMENTE;ourives
Ἁρέτα;702;traducao;areto;do areto;REVISAR MANUALMENTE;Aretas
Ἁρέτα;702;pt;areto;do areto;REVISAR MANUALMENTE;Aretas
Ἁριμαθαίας;707;traducao;arimatéia;de Arimatéia;REVISAR MANUALMENTE;Arimatéia
Ἁριμαθαίας;707;pt;arimatéia;de Arimatéia;REVISAR MANUALMENTE;Arimatéia
ἀριστοβούλου;711;traducao;aristóbulo;de Aristóbulo;REVISAR MANUALMENTE;Aristóbulo
ἀριστοβούλου;711;pt;aristóbulo;de Aristóbulo;REVISAR MANUALMENTE;Aristóbulo
Μαγεδών;717;traducao;armagedom;Armagedom;REVISAR MANUALMENTE;Armagedom
Μαγεδών;717;pt;armagedom;Armagedom;REVISAR MANUALMENTE;Armagedom
Ἃρ ͜ ;717;traducao;armagedom;Armagedom;REVISAR MANUALMENTE;Armagedom
Ἃρ ͜ ;717;pt;armagedom;Armagedom;REVISAR MANUALMENTE;Armagedom
ἁρμαγεδών;717;traducao;armagedom;Armagedom;REVISAR MANUALMENTE;Armagedom
ἁρμαγεδών;717;pt;armagedom;Armagedom;REVISAR MANUALMENTE;Armagedom
ἀρτεμᾶν;734;traducao;ártemas;Ártemas;REVISAR MANUALMENTE;Ártemas
ἀρτεμᾶν;734;pt;ártemas;Ártemas;REVISAR MANUALMENTE;Ártemas
Ἄρτεμις;735;traducao;ártemis;Ártemis;REVISAR MANUALMENTE;Ártemis
Ἄρτεμις;735;pt;ártemis;Ártemis;REVISAR MANUALMENTE;Ártemis
Ἀρτέμιδος;735;traducao;ártemis;de Ártemis;REVISAR MANUALMENTE;Ártemis
Ἀρτέμιδος;735;pt;ártemis;de Ártemis;REVISAR MANUALMENTE;Ártemis
Ἀρφαξάδ;742;traducao;arfaxade;arfaxade;REVISAR MANUALMENTE;Arfaxade
Ἀρφαξάδ;742;pt;arfaxade;arfaxade;REVISAR MANUALMENTE;Arfaxade
Ἀρχέλαος;745;traducao;arquelau;Arquelau;REVISAR MANUALMENTE;Arquelau
Ἀρχέλαος;745;pt;arquelau;Arquelau;REVISAR MANUALMENTE;Arquelau
Ἀρχίππῳ;751;traducao;arquipo;a Arquipo;REVISAR MANUALMENTE;Arquipo
Ἀρχίππῳ;751;pt;arquipo;a Arquipo;REVISAR MANUALMENTE;Arquipo
ἀρωμάτων;759;traducao;especiarios;dos especiarios;REVISAR MANUALMENTE;especiarias
ἀρωμάτων;759;pt;especiarios;dos especiarios;REVISAR MANUALMENTE;especiarias
Ἀσάφ;760;traducao;asafe;Asafe;REVISAR MANUALMENTE;Asafe
Ἀσάφ;760;pt;asafe;Asafe;REVISAR MANUALMENTE;Asafe
Ἀσήρ;768;traducao;aser;Aser;REVISAR MANUALMENTE;Aser
Ἀσήρ;768;pt;aser;Aser;REVISAR MANUALMENTE;Aser
ἀσσαρίου;787;traducao;assarion;de assarion;REVISAR MANUALMENTE;assarion
ἀσσαρίου;787;pt;assarion;de assarion;REVISAR MANUALMENTE;assarion
ἀσσαρίων;787;traducao;assariones;dos assariones;REVISAR MANUALMENTE;assarions
ἀσσαρίων;787;pt;assariones;dos assariones;REVISAR MANUALMENTE;assarions
ἀστραπτούσαις;797;pt;pisçando;pisçando;REVISAR MANUALMENTE;piscando
ἀστραπτούσαις;797;traducao;pisçando;pisçando, brilhando, brilhando como um relâmpago;REVISAR MANUALMENTE;piscando
ἄστροις;798;traducao;estrelos;aos estrelos;REVISAR MANUALMENTE;estrelas
ἄστροις;798;pt;estrelos;aos estrelos;REVISAR MANUALMENTE;estrelas
ἄστρων;798;traducao;estrelos;dos estrelos;REVISAR MANUALMENTE;estrelas
ἄστρων;798;pt;estrelos;dos estrelos;REVISAR MANUALMENTE;estrelas
ἄστρα;798;traducao;estrelos;estrelos;REVISAR MANUALMENTE;estrelas
ἄστρα;798;pt;estrelos;estrelos;REVISAR MANUALMENTE;estrelas
ἀσύγκριτον;799;traducao;assíncrito;Assíncrito;REVISAR MANUALMENTE;Asíncrito
ἀσύγκριτον;799;pt;assíncrito;Assíncrito;REVISAR MANUALMENTE;Asíncrito
Ἀττάλειαν;825;traducao;atália;Atália;REVISAR MANUALMENTE;Atália
Ἀττάλειαν;825;pt;atália;Atália;REVISAR MANUALMENTE;Atália
αὐτοκατάκριτος;843;traducao;autocondenado;autocondenado;REVISAR MANUALMENTE;autocondenado
αὐτοκατάκριτος;843;pt;autocondenado;autocondenado;REVISAR MANUALMENTE;autocondenado
ἀφανίζουσιν;853;pt;destróem;destróem;REVISAR MANUALMENTE;destroem
ἀφανίζουσιν;853;traducao;destróem;eles(as) destróem, desaparecem, tornam invisível;REVISAR MANUALMENTE;destroem
ἀφίστασο;868;traducao;cae;tu parte, te retira, remove, abandona, cae;REVISAR MANUALMENTE;cai
Ἀχάζ;881;traducao;acaz;Acaz;REVISAR MANUALMENTE;Acaz
Ἀχάζ;881;pt;acaz;Acaz;REVISAR MANUALMENTE;Acaz
Ἀχίμ;885;traducao;aquim;Aquim;REVISAR MANUALMENTE;Aquim
Ἀχίμ;885;pt;aquim;Aquim;REVISAR MANUALMENTE;Aquim
Ἀχείμ;885;traducao;aquim;Aquim;REVISAR MANUALMENTE;Aquim
Ἀχείμ;885;pt;aquim;Aquim;REVISAR MANUALMENTE;Aquim
Βαλαάμ;903;traducao;balaão;Balaão;REVISAR MANUALMENTE;Balaão
Βαλαάμ;903;pt;balaão;Balaão;REVISAR MANUALMENTE;Balaão
Βαλὰκ;904;traducao;balaque;Balaque;REVISAR MANUALMENTE;Balaque
Βαλὰκ;904;pt;balaque;Balaque;REVISAR MANUALMENTE;Balaque
βαπτίσωνται;907;traducao;imergam;eles(as) batizem, imergam, mergulhem;REVISAR MANUALMENTE;imergiam
Βαραββᾶν;912;traducao;barrabás;Barrabás;Barrabás;Barrabás
Βαραββᾶν;912;pt;barrabás;Barrabás;Barrabás;Barrabás
Βαραββᾶς;912;traducao;barrabás;Barrabás;Barrabás;Barrabás
Βαραββᾶς;912;pt;barrabás;Barrabás;Barrabás;Barrabás
Βαράκ;913;traducao;baraque;Baraque;REVISAR MANUALMENTE;Baraque
Βαράκ;913;pt;baraque;Baraque;REVISAR MANUALMENTE;Baraque
βαρσαβᾶν;923;traducao;barrabás;Barrabás;Barrabás;Barrabás
βαρσαβᾶν;923;pt;barrabás;Barrabás;Barrabás;Barrabás
Βαρσαββᾶν;923;traducao;barsabás;Barsabás;REVISAR MANUALMENTE;Barsabás
Βαρσαββᾶν;923;pt;barsabás;Barsabás;REVISAR MANUALMENTE;Barsabás
Βαρτίμαιος;924;traducao;bartimeu;Bartimeu;REVISAR MANUALMENTE;Bartimeu
Βαρτίμαιος;924;pt;bartimeu;Bartimeu;REVISAR MANUALMENTE;Bartimeu
Βεελζεβοὺλ;954;traducao;belzebu;Belzebu;Belzebu;Belzebu
Βεελζεβοὺλ;954;pt;belzebu;Belzebu;Belzebu;Belzebu
Βελίαρ;955;traducao;beliar;Beliar;REVISAR MANUALMENTE;Belial
Βελίαρ;955;pt;beliar;Beliar;REVISAR MANUALMENTE;Belial
Βενιαμίν;958;traducao;benjamin;Benjamin;REVISAR MANUALMENTE;Benjamin
Βενιαμίν;958;pt;benjamin;Benjamin;REVISAR MANUALMENTE;Benjamin
Βερνίκη;959;traducao;berenice;Berenice;REVISAR MANUALMENTE;Berenice
Βερνίκη;959;pt;berenice;Berenice;REVISAR MANUALMENTE;Berenice
Βερνίκης;959;traducao;berenice;da Berenice;REVISAR MANUALMENTE;Berenice
Βερνίκης;959;pt;berenice;da Berenice;REVISAR MANUALMENTE;Berenice
Βεροίᾳ;960;traducao;beréia;à Beréia;REVISAR MANUALMENTE;Beréia
Βεροίᾳ;960;pt;beréia;à Beréia;REVISAR MANUALMENTE;Beréia
Βέροιαν;960;traducao;beréia;Beréia;REVISAR MANUALMENTE;Beréia
Βέροιαν;960;pt;beréia;Beréia;REVISAR MANUALMENTE;Beréia
Βεροιαῖος;961;traducao;bereano;Bereano;REVISAR MANUALMENTE;Bereano
Βεροιαῖος;961;pt;bereano;Bereano;REVISAR MANUALMENTE;Bereano
Βηθανίαν;963;traducao;betânia;Betânia;Betânia;Betânia
Βηθανίαν;963;pt;betânia;Betânia;Betânia;Betânia
Βηθανία;963;traducao;betânia;Betânia;Betânia;Betânia
Βηθανία;963;pt;betânia;Betânia;Betânia;Betânia
Βηθανίας;963;traducao;betânia;de Betânia;Betânia;Betânia
Βηθανίας;963;pt;betânia;de Betânia;Betânia;Betânia
βηθεσδά;964;traducao;betesda;Betesda;REVISAR MANUALMENTE;Betesda
βηθεσδά;964;pt;betesda;Betesda;REVISAR MANUALMENTE;Betesda
Βηθζαθά;964;traducao;betesdo;Betesdo;REVISAR MANUALMENTE;Betesda
Βηθζαθά;964;pt;betesdo;Betesdo;REVISAR MANUALMENTE;Betesda
Βηθσαιδά;966;traducao;betsaida;Betsaida;REVISAR MANUALMENTE;Betsaida
Βηθσαιδά;966;pt;betsaida;Betsaida;REVISAR MANUALMENTE;Betsaida
Βηθσαιδάν;966;traducao;betsaida;Betsaida;REVISAR MANUALMENTE;Betsaida
Βηθσαιδάν;966;pt;betsaida;Betsaida;REVISAR MANUALMENTE;Betsaida
Βηθφαγὴ;967;traducao;betfagé;Betfagé;REVISAR MANUALMENTE;Betfagé
Βηθφαγὴ;967;pt;betfagé;Betfagé;REVISAR MANUALMENTE;Betfagé
βηθσφαγὴ;967;traducao;betfagé;Betfagé;REVISAR MANUALMENTE;Betfagé
βηθσφαγὴ;967;pt;betfagé;Betfagé;REVISAR MANUALMENTE;Betfagé
Βιθυνίαν;978;traducao;bitínia;Bitínia;REVISAR MANUALMENTE;Bitínia
Βιθυνίαν;978;pt;bitínia;Bitínia;REVISAR MANUALMENTE;Bitínia
Βιθυνίας;978;traducao;bitínia;da Bitínia;REVISAR MANUALMENTE;Bitínia
Βιθυνίας;978;pt;bitínia;da Bitínia;REVISAR MANUALMENTE;Bitínia
Βοὲς;1003;traducao;boaz;Boaz;REVISAR MANUALMENTE;Boaz
Βοὲς;1003;pt;boaz;Boaz;REVISAR MANUALMENTE;Boaz
Βοός;1003;traducao;boaz;Boaz;REVISAR MANUALMENTE;Boaz
Βοός;1003;pt;boaz;Boaz;REVISAR MANUALMENTE;Boaz
Βοὸζ;1003;traducao;boaz;Boaz;REVISAR MANUALMENTE;Boaz
Βοὸζ;1003;pt;boaz;Boaz;REVISAR MANUALMENTE;Boaz
βορβόρου;1004;traducao;lamo;do lamo;REVISAR MANUALMENTE;lama
βορβόρου;1004;pt;lamo;do lamo;REVISAR MANUALMENTE;lama
Βοσόρ;1007;traducao;bosor;bosor;REVISAR MANUALMENTE;Bosor
Βοσόρ;1007;pt;bosor;bosor;REVISAR MANUALMENTE;Bosor
Γαβριὴλ;1043;traducao;gabriel;Gabriel;REVISAR MANUALMENTE;Gabriel
Γαβριὴλ;1043;pt;gabriel;Gabriel;REVISAR MANUALMENTE;Gabriel
γαζοφυλακίῳ;1049;traducao;tesourario;a tesourario;REVISAR MANUALMENTE;tesouraria
γαζοφυλακίῳ;1049;pt;tesourario;a tesourario;REVISAR MANUALMENTE;tesouraria
γαζοφυλακίου;1049;traducao;tesourario;de tesourario;REVISAR MANUALMENTE;tesouraria
γαζοφυλακίου;1049;pt;tesourario;de tesourario;REVISAR MANUALMENTE;tesouraria
Γαλάται;1052;traducao;gálatos;Gálatos;REVISAR MANUALMENTE;gálatas
Γαλάται;1052;pt;gálatos;Gálatos;REVISAR MANUALMENTE;gálatas
Γαλατίας;1053;traducao;galácia;da Galácia;REVISAR MANUALMENTE;Galácia
Γαλατίας;1053;pt;galácia;da Galácia;REVISAR MANUALMENTE;Galácia
Γαλατίαν;1053;traducao;galácia;Galácia;REVISAR MANUALMENTE;Galácia
Γαλατίαν;1053;pt;galácia;Galácia;REVISAR MANUALMENTE;Galácia
Γαλιλαίας;1056;traducao;galiléia;da Galiléia;Galiléia;Galiléia
Γαλιλαίας;1056;pt;galiléia;da Galiléia;Galiléia;Galiléia
Γαλιλαίαν;1056;traducao;galiléia;Galiléia;Galiléia;Galiléia
Γαλιλαίαν;1056;pt;galiléia;Galiléia;Galiléia;Galiléia
Γαλιλαία;1056;traducao;galiléia;Galiléia;Galiléia;Galiléia
Γαλιλαία;1056;pt;galiléia;Galiléia;Galiléia;Galiléia
Γαλιλαῖοι;1057;traducao;galiléia;Galileu, da Galiléia;Galiléia;Galiléia
Γαλιλαῖος;1057;traducao;galiléia;Galileu, da Galiléia;Galiléia;Galiléia
Γαμαλιήλ;1059;traducao;gamaliel;Gamaliel;REVISAR MANUALMENTE;Gamaliel
Γαμαλιήλ;1059;pt;gamaliel;Gamaliel;REVISAR MANUALMENTE;Gamaliel
Γεθσημανί;1068;traducao;getsêmani;Getsêmani;REVISAR MANUALMENTE;Getsêmani
Γεθσημανί;1068;pt;getsêmani;Getsêmani;REVISAR MANUALMENTE;Getsêmani
γεθσημανῆ;1068;traducao;getsêmani;Getsêmani;REVISAR MANUALMENTE;Getsêmani
γεθσημανῆ;1068;pt;getsêmani;Getsêmani;REVISAR MANUALMENTE;Getsêmani
Γεννησαρέτ;1082;traducao;genesaré;Genesaré;REVISAR MANUALMENTE;Genesaré
Γεννησαρέτ;1082;pt;genesaré;Genesaré;REVISAR MANUALMENTE;Genesaré
Γεργεσηνῶν;1086;traducao;gergesenos;dos Gergesenos;REVISAR MANUALMENTE;Gergesenos
Γεργεσηνῶν;1086;pt;gergesenos;dos Gergesenos;REVISAR MANUALMENTE;Gergesenos
Γομόρροις;1116;traducao;gomorros;aos Gomorros;REVISAR MANUALMENTE;Gomorra
Γομόρροις;1116;pt;gomorros;aos Gomorros;REVISAR MANUALMENTE;Gomorra
Γομόρρας;1116;traducao;gomorra;da Gomorra;REVISAR MANUALMENTE;Gomorra
Γομόρρας;1116;pt;gomorra;da Gomorra;REVISAR MANUALMENTE;Gomorra
Γομόρρων;1116;traducao;gomorros;dos Gomorros;REVISAR MANUALMENTE;Gomorra
Γομόρρων;1116;pt;gomorros;dos Gomorros;REVISAR MANUALMENTE;Gomorra
Γόμορρα;1116;traducao;gomorra;Gomorra;REVISAR MANUALMENTE;Gomorra
Γόμορρα;1116;pt;gomorra;Gomorra;REVISAR MANUALMENTE;Gomorra
γραμματεῦσιν;1122;traducao;escribos;aos escribos;REVISAR MANUALMENTE;escribas
γραμματεῦσιν;1122;pt;escribos;aos escribos;REVISAR MANUALMENTE;escribas
γρηγορεῖτε;1127;traducao;lit;vós vigiai, estai alerta, lit permanecei acordado;;
Γὼγ;1136;traducao;gogue;Gogue;REVISAR MANUALMENTE;Gogue
Γὼγ;1136;pt;gogue;Gogue;REVISAR MANUALMENTE;Gogue
Δαυίδ;1138;traducao;davi;Davi;Davi;Davi
Δαυίδ;1138;pt;davi;Davi;Davi;Davi
Δαλμανουθά;1148;traducao;dalmanuta;Dalmanuta;REVISAR MANUALMENTE;Dalmanuta
Δαλμανουθά;1148;pt;dalmanuta;Dalmanuta;REVISAR MANUALMENTE;Dalmanuta
Δαλματίαν;1149;traducao;dalmácia;Dalmácia;REVISAR MANUALMENTE;Dalmácia
Δαλματίαν;1149;pt;dalmácia;Dalmácia;REVISAR MANUALMENTE;Dalmácia
Δάμαρις;1152;traducao;damares;Damares;REVISAR MANUALMENTE;Damares
Δάμαρις;1152;pt;damares;Damares;REVISAR MANUALMENTE;Damares
Δανιὴλ;1158;traducao;daniel;Daniel;REVISAR MANUALMENTE;Daniel
Δανιὴλ;1158;pt;daniel;Daniel;REVISAR MANUALMENTE;Daniel
ἐδειγμάτισεν;1165;traducao;expeu;ele(a) deu exemplo público, expeu, desonrou;REVISAR MANUALMENTE;expôs
Δεκαπόλει;1179;traducao;decápoli;à Decápoli;REVISAR MANUALMENTE;Decápolis
Δεκαπόλει;1179;pt;decápoli;à Decápoli;REVISAR MANUALMENTE;Decápolis
Δεκαπόλεως;1179;traducao;decápolis;de Decápolis;REVISAR MANUALMENTE;Decápolis
Δεκαπόλεως;1179;pt;decápolis;de Decápolis;REVISAR MANUALMENTE;Decápolis
Δερβαῖος;1190;traducao;derbean;derbean;REVISAR MANUALMENTE;derbeano
Δερβαῖος;1190;pt;derbean;derbean;REVISAR MANUALMENTE;derbeano
Δέρβην;1191;traducao;derbe;Derbe;REVISAR MANUALMENTE;Derbe
Δέρβην;1191;pt;derbe;Derbe;REVISAR MANUALMENTE;Derbe
Δημᾶς;1214;traducao;demas;Demas;REVISAR MANUALMENTE;Demas
Δημᾶς;1214;pt;demas;Demas;REVISAR MANUALMENTE;Demas
Δημητρίῳ;1216;traducao;demétrio;ao Demétrio;REVISAR MANUALMENTE;Demétrio
Δημητρίῳ;1216;pt;demétrio;ao Demétrio;REVISAR MANUALMENTE;Demétrio
Δημήτριος;1216;traducao;demétrio;Demétrio;REVISAR MANUALMENTE;Demétrio
Δημήτριος;1216;pt;demétrio;Demétrio;REVISAR MANUALMENTE;Demétrio
διασείσητε;1286;pt;extorquais;extorquais;REVISAR MANUALMENTE;
διασείσητε;1286;traducao;extorquais;vós extorquais, sacudais violentamente, intimideis;REVISAR MANUALMENTE;
Διοσκούροις;1359;traducao;dióscuros;aos dióscuros;REVISAR MANUALMENTE;gêmeos
Διοσκούροις;1359;pt;dióscuros;aos dióscuros;REVISAR MANUALMENTE;gêmeos
Διοτρέφης;1361;traducao;diótrefe;diótrefe;REVISAR MANUALMENTE;Diótrofes
Διοτρέφης;1361;pt;diótrefe;diótrefe;REVISAR MANUALMENTE;Diótrofes
Δρουσίλλῃ;1409;traducao;drusila;à Drusila;REVISAR MANUALMENTE;Drusila
Δρουσίλλῃ;1409;pt;drusila;à Drusila;REVISAR MANUALMENTE;Drusila
Ἔβερ;1443;traducao;éber;Éber;REVISAR MANUALMENTE;Éber
Ἔβερ;1443;pt;éber;Éber;REVISAR MANUALMENTE;Éber
ἐβραΐδι;1446;traducao;hebréia;na língua Hebréia;REVISAR MANUALMENTE;
ἐβραΐδι;1446;pt;hebréia;na língua Hebréia;REVISAR MANUALMENTE;
ἐγκρατῆ;1468;traducao;autocontrolado;autocontrolado;REVISAR MANUALMENTE;autocontrolado
ἐγκρατῆ;1468;pt;autocontrolado;autocontrolado;REVISAR MANUALMENTE;autocontrolado
ἐγχρίσῃ;1472;traducao;esfrege;ele(a) unja, esfrege;REVISAR MANUALMENTE;esfregue
Ἑζεκίαν;1478;traducao;ezequio;ezequio;REVISAR MANUALMENTE;Ezequias
Ἑζεκίαν;1478;pt;ezequio;ezequio;REVISAR MANUALMENTE;Ezequias
Ἑζεκίας;1478;traducao;ezequio;ezequio;REVISAR MANUALMENTE;Ezequias
Ἑζεκίας;1478;pt;ezequio;ezequio;REVISAR MANUALMENTE;Ezequias
ἐθνάρχης;1481;traducao;etnarco;etnarco;REVISAR MANUALMENTE;etnarca
ἐθνάρχης;1481;pt;etnarco;etnarco;REVISAR MANUALMENTE;etnarca
εἰώθει;1486;traducao;estara;ele(a) estara acostumado;estará;estará
εἰώθει;1486;pt;estara;estara acostumado;estará;estará
εἰδῶμεν;1492;traducao;vêssemos;nós vêssemos, soubéssemos, percebêssemos, estivéssemos atento;REVISAR MANUALMENTE;víssemos
εἰδῶμεν;1492;pt;vêssemos;vêssemos;REVISAR MANUALMENTE;víssemos
εἰδωλολάτραις;1496;traducao;idólatros;aos idólatros;REVISAR MANUALMENTE;idólatras
εἰδωλολάτραις;1496;pt;idólatros;aos idólatros;REVISAR MANUALMENTE;idólatras
εἰδωλολάτρης;1496;traducao;idólatro;idólatro;REVISAR MANUALMENTE;idólatra
εἰδωλολάτρης;1496;pt;idólatro;idólatro;REVISAR MANUALMENTE;idólatra
ἐξέδοτο;1554;traducao;entrege;ele(a) desista, entrege;REVISAR MANUALMENTE;entregue
ἐκκαθάρῃ;1571;traducao;purge;ele(a) limpe completamente, purge, purifique;REVISAR MANUALMENTE;purgue
ἐκλογὴ;1589;traducao;eleiçõe;eleiçõe;eleições;eleições
ἐκλογὴ;1589;pt;eleiçõe;eleiçõe;eleições;eleições
ἐκπίπτει;1601;pt;cae;cae;REVISAR MANUALMENTE;cai
ἐκπέσωσιν;1601;traducao;perdam;eles(as) caiam, falhem, perdam, caiam fora.;REVISAR MANUALMENTE;percam
ἐκπέσωμεν;1601;traducao;perdamos;nós caiamos, falhemos, perdamos, caiamos fora.;REVISAR MANUALMENTE;percamos
ἐκπέσητε;1601;traducao;perdais;vós caiais, falheis, perdais, caiais fora.;REVISAR MANUALMENTE;percais
ἐξέθεντο;1620;traducao;experam;eles(as) experam, explicaram, declararam;REVISAR MANUALMENTE;expuseram
ἐξέθεντο;1620;pt;experam;experam;REVISAR MANUALMENTE;expuseram
ἐκτεθέντος;1620;pt;expido;tendo sido expido;REVISAR MANUALMENTE;exposto
ἐκτεθέντα;1620;pt;expido;tendo sido expido;REVISAR MANUALMENTE;exposto
ἐκτεθέντος;1620;traducao;expido;tendo sido expido, tendo sido explicado, tendo sido declarado;REVISAR MANUALMENTE;exposto
ἐκτεθέντα;1620;traducao;expido;tendo sido expido, tendo sido explicado, tendo sido declarado;REVISAR MANUALMENTE;exposto
Ἐλαμῖται;1639;traducao;elamitos;elamitos;REVISAR MANUALMENTE;elamitas
Ἐλαμῖται;1639;pt;elamitos;elamitos;REVISAR MANUALMENTE;elamitas
ἠλάττωσας;1642;traducao;diminuiste;tu fizeste menos, diminuiste, foste inferior;REVISAR MANUALMENTE;diminuíste
Ἐλεάζαρ;1648;traducao;eleazar;Eleazar;REVISAR MANUALMENTE;Eleazar
Ἐλεάζαρ;1648;pt;eleazar;Eleazar;REVISAR MANUALMENTE;Eleazar
ἐλέγχει;1651;traducao;expe;ele(a) condena, reprova, expe, refuta, corrige;REVISAR MANUALMENTE;expõe
ἐλέγχεται;1651;traducao;expe;ele(a) condena, reprova, expe, refuta, corrige;REVISAR MANUALMENTE;expõe
ἐλέγξει;1651;traducao;experá;ele(a) condenará, reprovará, experá, refutará, corrigirá;REVISAR MANUALMENTE;exporá
ἐλεγχθῇ;1651;traducao;expido;ele(a) seja condenado, seja reprovado, seja expido, seja refutado, seja corrigido;REVISAR MANUALMENTE;exposto
ἐλέγχω;1651;traducao;expo;eu condeno, reprovo, expo, refuto, corrijo;REVISAR MANUALMENTE;exponho
ἔλεγχε;1651;traducao;expe;tu condena, reprova, expe, refuta, corrige;REVISAR MANUALMENTE;expõe
ἔλεγξον;1651;traducao;expe;tu condena, reprova, expe, refuta, corrige;REVISAR MANUALMENTE;expõe
ἐλέγχετε;1651;traducao;expei;vós condenai, reprovai, expei, refutai, corrigi;REVISAR MANUALMENTE;expõe
Ἐλιακίμ;1662;traducao;eliaquim;Eliaquim;REVISAR MANUALMENTE;Eliaquim
Ἐλιακίμ;1662;pt;eliaquim;Eliaquim;REVISAR MANUALMENTE;Eliaquim
Ἐλιακείμ;1662;traducao;eliaquim;Eliaquim;REVISAR MANUALMENTE;Eliaquim
Ἐλιακείμ;1662;pt;eliaquim;Eliaquim;REVISAR MANUALMENTE;Eliaquim
Ἐλιέζερ;1663;traducao;eliézer;Eliézer;REVISAR MANUALMENTE;Eliézer
Ἐλιέζερ;1663;pt;eliézer;Eliézer;REVISAR MANUALMENTE;Eliézer
Ἐλιούδ;1664;traducao;eliud;eliud;REVISAR MANUALMENTE;Eliúde
Ἐλιούδ;1664;pt;eliud;eliud;REVISAR MANUALMENTE;Eliúde
Ἐλισάβετ;1665;pt;elisabete;Elisabete;Elisabete;Elisabete
Ἐλισάβετ;1665;traducao;elisabete;Isabel ou Elisabete;Elisabete;Elisabete
Ἐλισαίου;1666;traducao;eliseu;do Eliseu;REVISAR MANUALMENTE;Eliseu
Ἐλισαίου;1666;pt;eliseu;do Eliseu;REVISAR MANUALMENTE;Eliseu
ἐλισσαίου;1666;traducao;eliseu;do Eliseu;REVISAR MANUALMENTE;Eliseu
ἐλισσαίου;1666;pt;eliseu;do Eliseu;REVISAR MANUALMENTE;Eliseu
Ἑλλάδα;1671;traducao;grécia;Grécia;REVISAR MANUALMENTE;Grécia
Ἑλλάδα;1671;pt;grécia;Grécia;REVISAR MANUALMENTE;Grécia
Ἐλμαδάμ;1678;traducao;elmadam;elmadam;REVISAR MANUALMENTE;Elmadã
Ἐλμαδάμ;1678;pt;elmadam;elmadam;REVISAR MANUALMENTE;Elmadã
ἐλμωδάμ;1678;traducao;elmadam;elmadam;REVISAR MANUALMENTE;Elmadã
ἐλμωδάμ;1678;pt;elmadam;elmadam;REVISAR MANUALMENTE;Elmadã
Ἐλύμας;1681;traducao;elimo;elimo;REVISAR MANUALMENTE;Elimas
Ἐλύμας;1681;pt;elimo;elimo;REVISAR MANUALMENTE;Elimas
Ἐμμανουήλ;1694;traducao;emanuel;Emanuel;REVISAR MANUALMENTE;Emanuel
Ἐμμανουήλ;1694;pt;emanuel;Emanuel;REVISAR MANUALMENTE;Emanuel
Ἐμμαούς;1695;traducao;emaú;emaú;REVISAR MANUALMENTE;Emaús
Ἐμμαούς;1695;pt;emaú;emaú;REVISAR MANUALMENTE;Emaús
Ἑμμὼρ;1697;traducao;hamor;Hamor;REVISAR MANUALMENTE;Hamor
Ἑμμὼρ;1697;pt;hamor;Hamor;REVISAR MANUALMENTE;Hamor
ἐμμὸρ;1697;traducao;hamor;Hamor;REVISAR MANUALMENTE;Hamor
ἐμμὸρ;1697;pt;hamor;Hamor;REVISAR MANUALMENTE;Hamor
ἐμπλησθῶ;1705;traducao;satisfazido;eu seja preenchido, seja satisfazido, seja cumprido;REVISAR MANUALMENTE;satisfeito
ἐνδόμησις;1739;traducao;edifícia;edifícia;REVISAR MANUALMENTE;edifício
ἐνδόμησις;1739;pt;edifícia;edifícia;REVISAR MANUALMENTE;edifício
ἔνεδρον;1749;traducao;embosçado;embosçado;REVISAR MANUALMENTE;emboscada
ἔνεδρον;1749;pt;embosçado;embosçado;REVISAR MANUALMENTE;emboscada
Ἐνώς;1800;traducao;eno;eno;REVISAR MANUALMENTE;Enos
Ἐνώς;1800;pt;eno;eno;REVISAR MANUALMENTE;Enos
ἐξείλετο;1807;traducao;entrege;ele(a) tire, entrege, resgate;REVISAR MANUALMENTE;entregue
ἐξείλετό;1807;traducao;entrege;ele(a) tire, entrege, resgate;REVISAR MANUALMENTE;entregue
ἐξειλόμην;1807;traducao;tir;eu Tir, entreg, resgat;REVISAR MANUALMENTE;tire
ἐξειλόμην;1807;traducao;entreg;eu Tir, entreg, resgat;REVISAR MANUALMENTE;entregue
ἐξειλόμην;1807;traducao;resgat;eu Tir, entreg, resgat;REVISAR MANUALMENTE;resgate
ἐξειλόμην;1807;pt;tir;Tir;REVISAR MANUALMENTE;tirai
ἐξάρατε;1808;traducao;destrui;vós tirai, removei, levantai, destrui.;REVISAR MANUALMENTE;destruí
ἐξορκιστῶν;1845;traducao;exorcistos;dos exorcistos;REVISAR MANUALMENTE;exorcistas
ἐξορκιστῶν;1845;pt;exorcistos;dos exorcistos;REVISAR MANUALMENTE;exorcistas
ἐπαίνετον;1866;traducao;epineto;epineto;REVISAR MANUALMENTE;Epíneto
ἐπαίνετον;1866;pt;epineto;epineto;REVISAR MANUALMENTE;Epíneto
ἐπαναπαύσεται;1879;pt;desçansará;desçansará;REVISAR MANUALMENTE;descansará
ἐπαναπαύσεται;1879;traducao;desçansará;ele(a) desçansará, se estabelecerá, confiará em;REVISAR MANUALMENTE;descansará
Ἐπαφρᾶ;1889;traducao;epafro;do Epafro;REVISAR MANUALMENTE;Epafro
Ἐπαφρᾶ;1889;pt;epafro;do Epafro;REVISAR MANUALMENTE;Epafro
Ἐπαφρᾶς;1889;traducao;epafro;Epafro;REVISAR MANUALMENTE;Epafro
Ἐπαφρᾶς;1889;pt;epafro;Epafro;REVISAR MANUALMENTE;Epafro
Ἐπαφροδίτου;1891;traducao;epafrodito;do Epafrodito;REVISAR MANUALMENTE;Epafrodito
Ἐπαφροδίτου;1891;pt;epafrodito;do Epafrodito;REVISAR MANUALMENTE;Epafrodito
Ἐπαφρόδιτον;1891;traducao;epafrodito;Epafrodito;REVISAR MANUALMENTE;Epafrodito
Ἐπαφρόδιτον;1891;pt;epafrodito;Epafrodito;REVISAR MANUALMENTE;Epafrodito
ἐπέβην;1910;traducao;embarcei;eu segui, embarcei, pisei;REVISAR MANUALMENTE;embarquei
Ἐπικουρείων;1946;traducao;epicuristos;dos epicuristos;REVISAR MANUALMENTE;epicureus
Ἐπικουρείων;1946;pt;epicuristos;dos epicuristos;REVISAR MANUALMENTE;epicureus
ἐπιμείνῃς;1961;traducao;permaneca;ele(a) permaneca, continue, persista, fique;REVISAR MANUALMENTE;permaneça
ἐπιμείνωσιν;1961;traducao;permanecam;eles(as) permanecam, continuem, persistam, fiquem;REVISAR MANUALMENTE;permaneçam
ἐπιμείνῃς;1961;pt;permaneca;permaneca;REVISAR MANUALMENTE;permaneça
ἐπιμείνωσιν;1961;pt;permanecam;permanecam;REVISAR MANUALMENTE;permaneçam
ἐπιούσῃ;1966;traducao;lit;seguinte, lit. seguindo, vindo a seguir;;
ἐπισκηνώσῃ;1981;traducao;tabernaculize;ele(a) habite, tabernaculize, cobra;REVISAR MANUALMENTE;
ἐπέφερον;2018;traducao;impiam;eles(as) traziam, infligiam, impiam;REVISAR MANUALMENTE;impunham
Ἔραστος;2037;traducao;erasto;Erasto;REVISAR MANUALMENTE;Erasto
Ἔραστος;2037;pt;erasto;Erasto;REVISAR MANUALMENTE;Erasto
Ἔραστον;2037;traducao;erasto;Erasto;REVISAR MANUALMENTE;Erasto
Ἔραστον;2037;pt;erasto;Erasto;REVISAR MANUALMENTE;Erasto
ἑρμᾶν;2057;traducao;hermo;hermo;REVISAR MANUALMENTE;Hermas
ἑρμᾶν;2057;pt;hermo;hermo;REVISAR MANUALMENTE;Hermas
Ἑρμῆν;2060;traducao;herme;herme;REVISAR MANUALMENTE;Hermes
Ἑρμῆν;2060;pt;herme;herme;REVISAR MANUALMENTE;Hermes
Ἑρμογένης;2061;traducao;hermógene;hermógene;REVISAR MANUALMENTE;Hermógenes
Ἑρμογένης;2061;pt;hermógene;hermógene;REVISAR MANUALMENTE;Hermógenes
ἐσθήσεσιν;2066;traducao;vestuárias;às vestuárias;REVISAR MANUALMENTE;vestes
ἐσθήσεσιν;2066;pt;vestuárias;às vestuárias;REVISAR MANUALMENTE;vestes
Ἑσλὶ;2069;traducao;hesli;hesli;REVISAR MANUALMENTE;Hesli
Ἑσλὶ;2069;pt;hesli;hesli;REVISAR MANUALMENTE;Hesli
Ἑσρώμ;2074;traducao;esrom;Esrom;REVISAR MANUALMENTE;Esrom
Ἑσρώμ;2074;pt;esrom;Esrom;REVISAR MANUALMENTE;Esrom
ἑτερογλώσσοις;2084;traducao;des;aos des outra língua;REVISAR MANUALMENTE;de
ἑτερογλώσσοις;2084;pt;des;aos des outra língua;REVISAR MANUALMENTE;de
εὐαγγελιστοῦ;2099;traducao;evangelisto;do evangelisto;REVISAR MANUALMENTE;evangelista
εὐαγγελιστοῦ;2099;pt;evangelisto;do evangelisto;REVISAR MANUALMENTE;evangelista
εὐαγγελιστάς;2099;traducao;evangelistos;evangelistos;REVISAR MANUALMENTE;evangelistas
εὐαγγελιστάς;2099;pt;evangelistos;evangelistos;REVISAR MANUALMENTE;evangelistas
εὔβουλος;2103;traducao;êubulo;Êubulo;REVISAR MANUALMENTE;Êubulo
εὔβουλος;2103;pt;êubulo;Êubulo;REVISAR MANUALMENTE;Êubulo
εὐνίκῃ;2131;traducao;eunice;à Eunice;REVISAR MANUALMENTE;Eunice
εὐνίκῃ;2131;pt;eunice;à Eunice;REVISAR MANUALMENTE;Eunice
εὐοδίαν;2136;traducao;euódia;Euódia;REVISAR MANUALMENTE;Evódia
εὐοδίαν;2136;pt;euódia;Euódia;REVISAR MANUALMENTE;Evódia
εὕρῃς;2147;traducao;obtas;tu encontres, descobras, obtas;REVISAR MANUALMENTE;obtenhas
εὐρακύλων;2148;traducao;euroclydon;euroclydon;REVISAR MANUALMENTE;Euráquilo
εὐρακύλων;2148;pt;euroclydon;euroclydon;REVISAR MANUALMENTE;Euráquilo
εὐροκλύδων;2148;traducao;euroclydon;euroclydon;REVISAR MANUALMENTE;Euráquilo
εὐροκλύδων;2148;pt;euroclydon;euroclydon;REVISAR MANUALMENTE;Euráquilo
εὔτυχος;2161;traducao;êutico;Êutico;REVISAR MANUALMENTE;Êutico
εὔτυχος;2161;pt;êutico;Êutico;REVISAR MANUALMENTE;Êutico
εὐφράτῃ;2166;traducao;eufrate;ao Eufrate;REVISAR MANUALMENTE;Eufrates
εὐφράτῃ;2166;pt;eufrate;ao Eufrate;REVISAR MANUALMENTE;Eufrates
εὐφράτην;2166;traducao;eufrate;Eufrate;REVISAR MANUALMENTE;Eufrate
εὐφράτην;2166;pt;eufrate;Eufrate;REVISAR MANUALMENTE;Eufrate
εὐχὴ;2171;traducao;oraçõe;oraçõe;orações;orações
εὐχὴ;2171;pt;oraçõe;oraçõe;orações;orações
Ἐφέσῳ;2181;traducao;éfeso;a Éfeso;Éfeso;Éfeso
Ἐφέσῳ;2181;pt;éfeso;a Éfeso;Éfeso;Éfeso
Ἐφέσου;2181;traducao;éfesa;da éfesa;REVISAR MANUALMENTE;Éfeso
Ἐφέσου;2181;pt;éfesa;da éfesa;REVISAR MANUALMENTE;Éfeso
Ἔφεσον;2181;traducao;éfeso;Éfeso;Éfeso;Éfeso
Ἔφεσον;2181;pt;éfeso;Éfeso;Éfeso;Éfeso
Ἐφραὶμ;2187;traducao;efraim;Efraim;REVISAR MANUALMENTE;Efraim
Ἐφραὶμ;2187;pt;efraim;Efraim;REVISAR MANUALMENTE;Efraim
Ζαβουλὼν;2194;traducao;zebulon;Zebulon;REVISAR MANUALMENTE;Zebulon
Ζαβουλὼν;2194;pt;zebulon;Zebulon;REVISAR MANUALMENTE;Zebulon
Ζακχαῖος;2195;traducao;zaqueu;Zaqueu;REVISAR MANUALMENTE;Zaqueu
Ζακχαῖος;2195;pt;zaqueu;Zaqueu;REVISAR MANUALMENTE;Zaqueu
Ζακχαῖε;2195;traducao;zaqueu;Zaqueu;REVISAR MANUALMENTE;Zaqueu
Ζακχαῖε;2195;pt;zaqueu;Zaqueu;REVISAR MANUALMENTE;Zaqueu
Ζαρὰ;2196;traducao;zaro;zaro;REVISAR MANUALMENTE;Zara
Ζαρὰ;2196;pt;zaro;zaro;REVISAR MANUALMENTE;Zara
Ζαχαρίου;2197;traducao;zacarias;de Zacarias;REVISAR MANUALMENTE;Zacarias
Ζαχαρίου;2197;pt;zacarias;de Zacarias;REVISAR MANUALMENTE;Zacarias
Ζαχαρίας;2197;traducao;zacarias;Zacarias;REVISAR MANUALMENTE;Zacarias
Ζαχαρίας;2197;pt;zacarias;Zacarias;REVISAR MANUALMENTE;Zacarias
Ζαχαρίαν;2197;traducao;zacario;zacario;REVISAR MANUALMENTE;Zacarias
Ζαχαρίαν;2197;pt;zacario;zacario;REVISAR MANUALMENTE;Zacarias
Ζαχαρία;2197;traducao;zacario;zacario;REVISAR MANUALMENTE;Zacarias
Ζαχαρία;2197;pt;zacario;zacario;REVISAR MANUALMENTE;Zacarias
Ζεβεδαίου;2199;traducao;zebedeu;de Zebedeu;Zebedeu;Zebedeu
Ζεβεδαίου;2199;pt;zebedeu;de Zebedeu;Zebedeu;Zebedeu
Ζεβεδαῖον;2199;traducao;zebedeu;Zebedeu;Zebedeu;Zebedeu
Ζεβεδαῖον;2199;pt;zebedeu;Zebedeu;Zebedeu;Zebedeu
Διὸς;2203;traducao;zeu;do Zeu;REVISAR MANUALMENTE;Zeus
Διὸς;2203;pt;zeu;do Zeu;REVISAR MANUALMENTE;Zeus
Ζοροβάβελ;2216;traducao;zorobabel;Zorobabel;REVISAR MANUALMENTE;Zorobabel
Ζοροβάβελ;2216;pt;zorobabel;Zorobabel;REVISAR MANUALMENTE;Zorobabel
ηλι;2241;traducao;eli;eli;REVISAR MANUALMENTE;Eli
ηλι;2241;pt;eli;eli;REVISAR MANUALMENTE;Eli
Ἠλίᾳ;2243;traducao;elias;a Elias;Elias;Elias
Ἠλίᾳ;2243;pt;elias;a Elias;Elias;Elias
Ἠλίου;2243;traducao;elio;do elio;REVISAR MANUALMENTE;Elias
Ἠλίου;2243;pt;elio;do elio;REVISAR MANUALMENTE;Elias
Ἠλίας;2243;traducao;elias;Elias;Elias;Elias
Ἠλίας;2243;pt;elias;Elias;Elias;Elias
Ἠλίαν;2243;traducao;elias;Elias;Elias;Elias
Ἠλίαν;2243;pt;elias;Elias;Elias;Elias
Ἡρῴδῃ;2264;traducao;herodes;a Herodes;Herodes;Herodes
Ἡρῴδῃ;2264;pt;herodes;a Herodes;Herodes;Herodes
Ἡρῴδου;2264;traducao;herodes;de Herodes;Herodes;Herodes
Ἡρῴδου;2264;pt;herodes;de Herodes;Herodes;Herodes
Ἡρῴδης;2264;traducao;herodes;Herodes;Herodes;Herodes
Ἡρῴδης;2264;pt;herodes;Herodes;Herodes;Herodes
Ἡρῴδην;2264;traducao;herodes;Herodes;Herodes;Herodes
Ἡρῴδην;2264;pt;herodes;Herodes;Herodes;Herodes
Ἡρῳδιάδος;2266;traducao;herodias;de Herodias;REVISAR MANUALMENTE;Herodias
Ἡρῳδιάδος;2266;pt;herodias;de Herodias;REVISAR MANUALMENTE;Herodias
Ἡρῳδιάδα;2266;traducao;herodias;Herodias;REVISAR MANUALMENTE;Herodias
Ἡρῳδιάδα;2266;pt;herodias;Herodias;REVISAR MANUALMENTE;Herodias
Ἡρῳδιὰς;2266;traducao;herodias;Herodias;REVISAR MANUALMENTE;Herodias
Ἡρῳδιὰς;2266;pt;herodias;Herodias;REVISAR MANUALMENTE;Herodias
ἡρῳδίωνα;2267;traducao;herodião;herodião;REVISAR MANUALMENTE;Herodião
ἡρῳδίωνα;2267;pt;herodião;herodião;REVISAR MANUALMENTE;Herodião
Ἠσαίᾳ;2268;traducao;isaío;ao isaío;REVISAR MANUALMENTE;Isaías
Ἠσαίᾳ;2268;pt;isaío;ao isaío;REVISAR MANUALMENTE;Isaías
Ἠσαίου;2268;traducao;isaías;de Isaías;Isaías;Isaías
Ἠσαίου;2268;pt;isaías;de Isaías;Isaías;Isaías
Ἠσαίας;2268;traducao;isaías;Isaías;Isaías;Isaías
Ἠσαίας;2268;pt;isaías;Isaías;Isaías;Isaías
Ἠσαίαν;2268;traducao;isaío;isaío;REVISAR MANUALMENTE;Isaías
Ἠσαίαν;2268;pt;isaío;isaío;REVISAR MANUALMENTE;Isaías
Ἠσαῦ;2269;traducao;esaú;Esaú;REVISAR MANUALMENTE;Esaú
Ἠσαῦ;2269;pt;esaú;Esaú;REVISAR MANUALMENTE;Esaú
Θαδδαῖον;2280;traducao;tadeu;Tadeu;REVISAR MANUALMENTE;Tadeu
Θαδδαῖον;2280;pt;tadeu;Tadeu;REVISAR MANUALMENTE;Tadeu
Θαδδαῖος;2280;traducao;tadeu;Tadeu;REVISAR MANUALMENTE;Tadeu
Θαδδαῖος;2280;pt;tadeu;Tadeu;REVISAR MANUALMENTE;Tadeu
Θάμαρ;2283;traducao;thamar;thamar;REVISAR MANUALMENTE;Tamar
Θάμαρ;2283;pt;thamar;thamar;REVISAR MANUALMENTE;Tamar
Θαρά;2291;traducao;tharo;tharo;REVISAR MANUALMENTE;Tara
Θαρά;2291;pt;tharo;tharo;REVISAR MANUALMENTE;Tara
ἐθαύμασεν;2296;traducao;peu;ele(a) se maravilhou, peu implicação, admirou;REVISAR MANUALMENTE;por
Θεόφιλε;2321;traducao;teófilo;Teófilo;REVISAR MANUALMENTE;Teófilo
Θεόφιλε;2321;pt;teófilo;Teófilo;REVISAR MANUALMENTE;Teófilo
Θεσσαλονίκῃ;2332;traducao;tessalônica;à Tessalônica;REVISAR MANUALMENTE;Tessalônica
Θεσσαλονίκῃ;2332;pt;tessalônica;à Tessalônica;REVISAR MANUALMENTE;Tessalônica
Θεσσαλονίκης;2332;traducao;tessalônica;da Tessalônica;REVISAR MANUALMENTE;Tessalônica
Θεσσαλονίκης;2332;pt;tessalônica;da Tessalônica;REVISAR MANUALMENTE;Tessalônica
Θεσσαλονίκην;2332;traducao;tessalônica;Tessalônica;REVISAR MANUALMENTE;Tessalônica
Θεσσαλονίκην;2332;pt;tessalônica;Tessalônica;REVISAR MANUALMENTE;Tessalônica
Θευδᾶς;2333;traducao;teudo;teudo;REVISAR MANUALMENTE;Teudas
Θευδᾶς;2333;pt;teudo;teudo;REVISAR MANUALMENTE;Teudas
ἐτεθνήκει;2348;traducao;estara;ele(a) morrera, estara morto;estará;estará
τρίχας;2359;traducao;pêlos;cabelos, pêlos;REVISAR MANUALMENTE;
τρίχες;2359;traducao;pêlos;cabelos, pêlos;REVISAR MANUALMENTE;
Θυατείροις;2363;traducao;tiatiros;aos Tiatiros;REVISAR MANUALMENTE;Tiatira
Θυατείροις;2363;pt;tiatiros;aos Tiatiros;REVISAR MANUALMENTE;Tiatira
Θυατείρων;2363;traducao;tiatiros;dos Tiatiros;REVISAR MANUALMENTE;Tiatira
Θυατείρων;2363;pt;tiatiros;dos Tiatiros;REVISAR MANUALMENTE;Tiatira
Θυάτειρα;2363;traducao;tiatiros;Tiatiros;REVISAR MANUALMENTE;Tiatira
Θυάτειρα;2363;pt;tiatiros;Tiatiros;REVISAR MANUALMENTE;Tiatira
θυμοί;2372;traducao;iros;iros;REVISAR MANUALMENTE;iras
θυμοί;2372;pt;iros;iros;REVISAR MANUALMENTE;iras
Ἰάϊρος;2383;traducao;jairo;Jairo;REVISAR MANUALMENTE;Jairo
Ἰάϊρος;2383;pt;jairo;Jairo;REVISAR MANUALMENTE;Jairo
ἰάειρος;2383;traducao;jairo;Jairo;REVISAR MANUALMENTE;Jairo
ἰάειρος;2383;pt;jairo;Jairo;REVISAR MANUALMENTE;Jairo
Ἰακώβ;2384;traducao;jacó;Jacó;Jacó;Jacó
Ἰακώβ;2384;pt;jacó;Jacó;Jacó;Jacó
Ἰακώβῳ;2385;traducao;jame;ao jame;REVISAR MANUALMENTE;Tiago
Ἰακώβῳ;2385;pt;jame;ao jame;REVISAR MANUALMENTE;Tiago
Ἰακώβου;2385;traducao;tiago;de Tiago;Tiago;Tiago
Ἰακώβου;2385;pt;tiago;de Tiago;Tiago;Tiago
Ἰάκωβον;2385;traducao;tiago;Tiago;Tiago;Tiago
Ἰάκωβον;2385;pt;tiago;Tiago;Tiago;Tiago
Ἰάκωβος;2385;traducao;tiago;Tiago;Tiago;Tiago
Ἰάκωβος;2385;pt;tiago;Tiago;Tiago;Tiago
Ἰαμβρῆς;2387;traducao;jambre;jambre;REVISAR MANUALMENTE;Jambres
Ἰαμβρῆς;2387;pt;jambre;jambre;REVISAR MANUALMENTE;Jambres
Ἰανναί;2388;traducao;jannai;jannai;REVISAR MANUALMENTE;Janai
Ἰανναί;2388;pt;jannai;jannai;REVISAR MANUALMENTE;Janai
ἰαννά;2388;traducao;jannai;jannai;REVISAR MANUALMENTE;Janai
ἰαννά;2388;pt;jannai;jannai;REVISAR MANUALMENTE;Janai
Ἰάρετ;2391;traducao;jared;jared;REVISAR MANUALMENTE;Jarede
Ἰάρετ;2391;pt;jared;jared;REVISAR MANUALMENTE;Jarede
ἰαρέδ;2391;traducao;jared;jared;REVISAR MANUALMENTE;Jarede
ἰαρέδ;2391;pt;jared;jared;REVISAR MANUALMENTE;Jarede
Ἰάσονος;2394;traducao;jasão;do Jasão;REVISAR MANUALMENTE;Jasão
Ἰάσονος;2394;pt;jasão;do Jasão;REVISAR MANUALMENTE;Jasão
Ἰάσων;2394;traducao;jasão;Jasão;REVISAR MANUALMENTE;Jasão
Ἰάσων;2394;pt;jasão;Jasão;REVISAR MANUALMENTE;Jasão
Ἰάσονα;2394;traducao;jasão;Jasão;REVISAR MANUALMENTE;Jasão
Ἰάσονα;2394;pt;jasão;Jasão;REVISAR MANUALMENTE;Jasão
Ἰδουμαίας;2401;traducao;iduméia;da Iduméia;REVISAR MANUALMENTE;Iduméia
Ἰδουμαίας;2401;pt;iduméia;da Iduméia;REVISAR MANUALMENTE;Iduméia
Ἰεζάβελ;2403;traducao;jezabel;Jezabel;REVISAR MANUALMENTE;Jezabel
Ἰεζάβελ;2403;pt;jezabel;Jezabel;REVISAR MANUALMENTE;Jezabel
ἱεραπόλει;2404;traducao;hierápoli;à hierápoli;REVISAR MANUALMENTE;Hierápolis
ἱεραπόλει;2404;pt;hierápoli;à hierápoli;REVISAR MANUALMENTE;Hierápolis
Ἰεφθάε;2422;traducao;jefté;Jefté;REVISAR MANUALMENTE;Jefté
Ἰεφθάε;2422;pt;jefté;Jefté;REVISAR MANUALMENTE;Jefté
Ἰεχονίαν;2423;traducao;jeconio;jeconio;REVISAR MANUALMENTE;Jeconias
Ἰεχονίαν;2423;pt;jeconio;jeconio;REVISAR MANUALMENTE;Jeconias
Ἰεχονίας;2423;traducao;jeconio;jeconio;REVISAR MANUALMENTE;Jeconias
Ἰεχονίας;2423;pt;jeconio;jeconio;REVISAR MANUALMENTE;Jeconias
Ἰκονίῳ;2430;traducao;icônio;a Icônio;REVISAR MANUALMENTE;Icônio
Ἰκονίῳ;2430;pt;icônio;a Icônio;REVISAR MANUALMENTE;Icônio
Ἰκονίου;2430;traducao;icônio;de Icônio;REVISAR MANUALMENTE;Icônio
Ἰκονίου;2430;pt;icônio;de Icônio;REVISAR MANUALMENTE;Icônio
Ἰκόνιον;2430;traducao;icônio;Icônio;REVISAR MANUALMENTE;Icônio
Ἰκόνιον;2430;pt;icônio;Icônio;REVISAR MANUALMENTE;Icônio
Ἰόππῃ;2445;traducao;jope;à Jope;REVISAR MANUALMENTE;Jope
Ἰόππῃ;2445;pt;jope;à Jope;REVISAR MANUALMENTE;Jope
Ἰόππης;2445;traducao;jope;de Jope;REVISAR MANUALMENTE;Jope
Ἰόππης;2445;pt;jope;de Jope;REVISAR MANUALMENTE;Jope
Ἰόππην;2445;traducao;jope;Jope;REVISAR MANUALMENTE;Jope
Ἰόππην;2445;pt;jope;Jope;REVISAR MANUALMENTE;Jope
Ἰορδάνῃ;2446;traducao;jordão;ao Jordão;Jordão;Jordão
Ἰορδάνῃ;2446;pt;jordão;ao Jordão;Jordão;Jordão
Ἰορδάνου;2446;traducao;jordão;do Jordão;Jordão;Jordão
Ἰορδάνου;2446;pt;jordão;do Jordão;Jordão;Jordão
Ἰορδάνην;2446;traducao;jordão;Jordão;Jordão;Jordão
Ἰορδάνην;2446;pt;jordão;Jordão;Jordão;Jordão
Ἰούδα;2448;traducao;judá;de Judá;Judá;Judá
Ἰούδα;2448;pt;judá;de Judá;Judá;Judá
Ἰωδά;2448;traducao;judá;Judá;Judá;Judá
Ἰωδά;2448;pt;judá;Judá;Judá;Judá
Ἰουδαίας;2449;traducao;judéia;da Judéia;Judéia;Judéia
Ἰουδαίας;2449;pt;judéia;da Judéia;Judéia;Judéia
Ἰουδαία;2449;traducao;judéia;Judéia;Judéia;Judéia
Ἰουδαία;2449;pt;judéia;Judéia;Judéia;Judéia
Ἰουδαίαν;2449;traducao;judéia;Judéia;Judéia;Judéia
Ἰουδαίαν;2449;pt;judéia;Judéia;Judéia;Judéia
ἰουλίαν;2456;traducao;júlia;Júlia;REVISAR MANUALMENTE;Júlia
ἰουλίαν;2456;pt;júlia;Júlia;REVISAR MANUALMENTE;Júlia
Ἰουλίῳ;2457;traducao;júlio;ao Júlio;REVISAR MANUALMENTE;Júlio
Ἰουλίῳ;2457;pt;júlio;ao Júlio;REVISAR MANUALMENTE;Júlio
Ἰούλιος;2457;traducao;júlio;Júlio;REVISAR MANUALMENTE;Júlio
Ἰούλιος;2457;pt;júlio;Júlio;REVISAR MANUALMENTE;Júlio
ἰουνίαν;2458;traducao;júnia;Júnia;REVISAR MANUALMENTE;Júnia
ἰουνίαν;2458;pt;júnia;Júnia;REVISAR MANUALMENTE;Júnia
Ἰσαάκ;2464;traducao;isaque;Isaque;Isaque;Isaque
Ἰσαάκ;2464;pt;isaque;Isaque;Isaque;Isaque
Ἰσσαχὰρ;2466;traducao;issacar;Issacar;REVISAR MANUALMENTE;Issacar
Ἰσσαχὰρ;2466;pt;issacar;Issacar;REVISAR MANUALMENTE;Issacar
ἰσαχάρ;2466;traducao;issacar;Issacar;REVISAR MANUALMENTE;Issacar
ἰσαχάρ;2466;pt;issacar;Issacar;REVISAR MANUALMENTE;Issacar
ἰσκαριώτῃ;2469;traducao;isçariote;ao isçariote;REVISAR MANUALMENTE;Iscariotes
ἰσκαριώτῃ;2469;pt;isçariote;ao isçariote;REVISAR MANUALMENTE;Iscariotes
Ἰσραηλίτης;2475;traducao;israelito;Israelito;REVISAR MANUALMENTE;israelita
Ἰσραηλίτης;2475;pt;israelito;Israelito;REVISAR MANUALMENTE;israelita
εἱστήκει;2476;traducao;estara;ele(a) se posicionara, estara de pé, parara, estabelecera;estará;estará
εἱστήκεισαν;2476;traducao;estaram;eles(as) se posicionaram, estaram de pé, pararam, estabeleceram;estarão;estiveram
Ἰταλίας;2482;traducao;itália;da Itália;REVISAR MANUALMENTE;Itália
Ἰταλίας;2482;pt;itália;da Itália;REVISAR MANUALMENTE;Itália
Ἰταλίαν;2482;traducao;itália;Itália;REVISAR MANUALMENTE;Itália
Ἰταλίαν;2482;pt;itália;Itália;REVISAR MANUALMENTE;Itália
Ἰτουραίας;2484;traducao;itureana;da itureana;REVISAR MANUALMENTE;Itureia
Ἰτουραίας;2484;pt;itureana;da itureana;REVISAR MANUALMENTE;Itureia
Ἰωαθάμ;2488;traducao;jotão;Jotão;REVISAR MANUALMENTE;Jotão
Ἰωαθάμ;2488;pt;jotão;Jotão;REVISAR MANUALMENTE;Jotão
Ἰωανάν;2490;traducao;john;john;REVISAR MANUALMENTE;João
Ἰωανάν;2490;pt;john;john;REVISAR MANUALMENTE;João
Ἰωήλ;2493;traducao;joel;Joel;REVISAR MANUALMENTE;Joel
Ἰωήλ;2493;pt;joel;Joel;REVISAR MANUALMENTE;Joel
Ἰωνάμ;2494;traducao;jonam;jonam;REVISAR MANUALMENTE;Jonas
Ἰωνάμ;2494;pt;jonam;jonam;REVISAR MANUALMENTE;Jonas
ἰωνάν;2494;traducao;jonam;jonam;REVISAR MANUALMENTE;Jonas
ἰωνάν;2494;pt;jonam;jonam;REVISAR MANUALMENTE;Jonas
Ἰωράμ;2496;traducao;joram;Joram;REVISAR MANUALMENTE;Jorão
Ἰωράμ;2496;pt;joram;Joram;REVISAR MANUALMENTE;Jorão
Ἰωσαφάτ;2498;traducao;josafá;Josafá;REVISAR MANUALMENTE;Josafá
Ἰωσαφάτ;2498;pt;josafá;Josafá;REVISAR MANUALMENTE;Josafá
Ἰωσῆτος;2500;traducao;josés;de Josés;REVISAR MANUALMENTE;José
Ἰωσῆτος;2500;pt;josés;de Josés;REVISAR MANUALMENTE;José
ἰωσή;2500;traducao;josé;do José;José;José
ἰωσή;2500;pt;josé;do José;José;José
ἰωσῆ;2500;traducao;josé;do José;José;José
ἰωσῆ;2500;pt;josé;do José;José;José
Ἰωσήφ;2501;traducao;josé;José;José;José
Ἰωσήφ;2501;pt;josé;José;José;José
Ἰωσήχ;2501;traducao;josé;José;José;José
Ἰωσήχ;2501;pt;josé;José;José;José
Ἰωσῆς;2501;traducao;josé;José;José;José
Ἰωσῆς;2501;pt;josé;José;José;José
Ἰωσίαν;2502;traducao;josio;josio;REVISAR MANUALMENTE;Josias
Ἰωσίαν;2502;pt;josio;josio;REVISAR MANUALMENTE;Josias
Ἰωσίας;2502;traducao;josio;josio;REVISAR MANUALMENTE;Josias
Ἰωσίας;2502;pt;josio;josio;REVISAR MANUALMENTE;Josias
ἰῶτα;2503;traducao;ioto;ioto;REVISAR MANUALMENTE;iota
ἰῶτα;2503;pt;ioto;ioto;REVISAR MANUALMENTE;iota
καθήσεσθε;2521;traducao;estáis;vós sentais, estáis sentado, habitais;REVISAR MANUALMENTE;estais
καταστήσωμεν;2525;traducao;estabelecamos;nós nomeemos, fixemos, estabelecamos, constituamos;REVISAR MANUALMENTE;estabeleçamos
Καιάφαν;2533;traducao;caifá;Caifá;REVISAR MANUALMENTE;Caifás
Καιάφαν;2533;pt;caifá;Caifá;REVISAR MANUALMENTE;Caifás
Καινάμ;2536;traducao;kainam;kainam;REVISAR MANUALMENTE;Cainam
Καινάμ;2536;pt;kainam;kainam;REVISAR MANUALMENTE;Cainam
καϊνάν;2536;traducao;kainam;kainam;REVISAR MANUALMENTE;Cainam
καϊνάν;2536;pt;kainam;kainam;REVISAR MANUALMENTE;Cainam
Καισαρείᾳ;2542;traducao;cesaréia;à cesaréia;REVISAR MANUALMENTE;Cesareia
Καισαρείᾳ;2542;pt;cesaréia;à cesaréia;REVISAR MANUALMENTE;Cesareia
Καισάρειαν;2542;traducao;cesareia;Cesareia;Cesareia;Cesareia
Καισάρειαν;2542;pt;cesareia;Cesareia;Cesareia;Cesareia
Καισαρείας;2542;traducao;cesareia;de Cesareia;Cesareia;Cesareia
Καισαρείας;2542;pt;cesareia;de Cesareia;Cesareia;Cesareia
κακοπαθείας;2552;traducao;sofrimenta;da sofrimenta;REVISAR MANUALMENTE;sofrimento
κακοπαθείας;2552;pt;sofrimenta;da sofrimenta;REVISAR MANUALMENTE;sofrimento
Κανὰ;2580;traducao;caná;Caná;REVISAR MANUALMENTE;Caná
Κανὰ;2580;pt;caná;Caná;REVISAR MANUALMENTE;Caná
Κανδάκης;2582;traducao;candace;da Candace;REVISAR MANUALMENTE;Candace
Κανδάκης;2582;pt;candace;da Candace;REVISAR MANUALMENTE;Candace
Καφαρναούμ;2584;traducao;cafarnaum;Cafarnaum;Cafarnaum;Cafarnaum
Καφαρναούμ;2584;pt;cafarnaum;Cafarnaum;Cafarnaum;Cafarnaum
Καπερναοὺμ;2584;traducao;cafarnaum;Cafarnaum;Cafarnaum;Cafarnaum
Καπερναοὺμ;2584;pt;cafarnaum;Cafarnaum;Cafarnaum;Cafarnaum
Καπερναούμ;2584;traducao;cafarnaum;Cafarnaum;Cafarnaum;Cafarnaum
Καπερναούμ;2584;pt;cafarnaum;Cafarnaum;Cafarnaum;Cafarnaum
Καππαδοκίαν;2587;traducao;capadócia;Capadócia;REVISAR MANUALMENTE;Capadócia
Καππαδοκίαν;2587;pt;capadócia;Capadócia;REVISAR MANUALMENTE;Capadócia
Καππαδοκίας;2587;traducao;capadócia;da Capadócia;REVISAR MANUALMENTE;Capadócia
Καππαδοκίας;2587;pt;capadócia;da Capadócia;REVISAR MANUALMENTE;Capadócia
καταλλαγὴ;2643;traducao;reconciliaçõe;reconciliaçõe;reconciliações;reconciliações
καταλλαγὴ;2643;pt;reconciliaçõe;reconciliaçõe;reconciliações;reconciliações
κατέλυσα;2647;pt;destrui;destrui;REVISAR MANUALMENTE;destruí
καταπίῃ;2666;traducao;engola;ele(a) engola, devore, consuma;REVISAR MANUALMENTE;engula
καταπίῃ;2666;pt;engola;engola;REVISAR MANUALMENTE;engula
κατάσχωμεν;2722;traducao;restringamos;nós seguremos firme, restringamos, possuamos, mantenhamos;REVISAR MANUALMENTE;restrinjamos
κατέχωμεν;2722;traducao;restringamos;nós seguremos firme, restringamos, possuamos, mantenhamos;REVISAR MANUALMENTE;restrinjamos
κατήφειαν;2726;traducao;desânima;desânima;REVISAR MANUALMENTE;desânimo
κατήφειαν;2726;pt;desânima;desânima;REVISAR MANUALMENTE;desânimo
Κενχρεαῖς;2747;traducao;cencréias;às Cencréias;REVISAR MANUALMENTE;Cencréia
Κενχρεαῖς;2747;pt;cencréias;às Cencréias;REVISAR MANUALMENTE;Cencréia
κεγχρεαῖς;2747;traducao;cencréias;às Cencréias;REVISAR MANUALMENTE;Cencréia
κεγχρεαῖς;2747;pt;cencréias;às Cencréias;REVISAR MANUALMENTE;Cencréia
Κέδρων;2748;traducao;cedron;Cedron;REVISAR MANUALMENTE;Cedron
Κέδρων;2748;pt;cedron;Cedron;REVISAR MANUALMENTE;Cedron
Κηφᾶς;2786;traducao;cefas;Cefas;REVISAR MANUALMENTE;Cefas
Κηφᾶς;2786;pt;cefas;Cefas;REVISAR MANUALMENTE;Cefas
Κηφᾶ;2786;traducao;cefas;de Cefas;REVISAR MANUALMENTE;Cefas
Κηφᾶ;2786;pt;cefas;de Cefas;REVISAR MANUALMENTE;Cefas
κιθαρῳδῶν;2790;traducao;harpistos;dos harpistos;REVISAR MANUALMENTE;harpistas
κιθαρῳδῶν;2790;pt;harpistos;dos harpistos;REVISAR MANUALMENTE;harpistas
Κιλικίαν;2791;traducao;cilícia;Cilícia;REVISAR MANUALMENTE;Cilícia
Κιλικίαν;2791;pt;cilícia;Cilícia;REVISAR MANUALMENTE;Cilícia
Κιλικίας;2791;traducao;cilícia;da Cilícia;REVISAR MANUALMENTE;Cilícia
Κιλικίας;2791;pt;cilícia;da Cilícia;REVISAR MANUALMENTE;Cilícia
κλαύδην;2802;traducao;cláudia;Cláudia;REVISAR MANUALMENTE;Cláudia
κλαύδην;2802;pt;cláudia;Cláudia;REVISAR MANUALMENTE;Cláudia
Καῦδα;2802;traducao;cláudio;Cláudio;REVISAR MANUALMENTE;Cláudio
Καῦδα;2802;pt;cláudio;Cláudio;REVISAR MANUALMENTE;Cláudio
Κλαυδία;2803;traducao;cláudia;Cláudia;REVISAR MANUALMENTE;Cláudia
Κλαυδία;2803;pt;cláudia;Cláudia;REVISAR MANUALMENTE;Cláudia
Κλαύδιον;2804;traducao;cláudio;Cláudio;REVISAR MANUALMENTE;Cláudio
Κλαύδιον;2804;pt;cláudio;Cláudio;REVISAR MANUALMENTE;Cláudio
Κλαύδιος;2804;traducao;cláudio;Cláudio;REVISAR MANUALMENTE;Cláudio
Κλαύδιος;2804;pt;cláudio;Cláudio;REVISAR MANUALMENTE;Cláudio
Κλαυδίου;2804;traducao;cláudio;do Cláudio;REVISAR MANUALMENTE;Cláudio
Κλαυδίου;2804;pt;cláudio;do Cláudio;REVISAR MANUALMENTE;Cláudio
Κλεόπας;2810;traducao;cléofo;cléofo;REVISAR MANUALMENTE;Cleópas
Κλεόπας;2810;pt;cléofo;cléofo;REVISAR MANUALMENTE;Cleópas
Κλωπᾶ;2832;traducao;clopas;de Clopas;REVISAR MANUALMENTE;Clopas
Κλωπᾶ;2832;pt;clopas;de Clopas;REVISAR MANUALMENTE;Clopas
Κνίδον;2834;traducao;cnida;cnida;REVISAR MANUALMENTE;Cnido
Κνίδον;2834;pt;cnida;cnida;REVISAR MANUALMENTE;Cnido
κολλύριον;2854;traducao;pomado;pomado para os olhos;REVISAR MANUALMENTE;pomada
κολλύριον;2854;pt;pomado;pomado para os olhos;REVISAR MANUALMENTE;pomada
ἐκομισάμην;2865;traducao;carregei;eu recebi, trouxe, carregei, recuperei;REVISAR MANUALMENTE;carreguei
Κορίνθῳ;2882;traducao;corinto;a Corinto;REVISAR MANUALMENTE;Corinto
Κορίνθῳ;2882;pt;corinto;a Corinto;REVISAR MANUALMENTE;Corinto
Κόρινθον;2882;traducao;corinta;corinta;REVISAR MANUALMENTE;Corinto
Κόρινθον;2882;pt;corinta;corinta;REVISAR MANUALMENTE;Corinto
κράσπεδα;2899;traducao;franjos;franjos;REVISAR MANUALMENTE;franjas
κράσπεδα;2899;pt;franjos;franjos;REVISAR MANUALMENTE;franjas
ἐκράτησεν;2902;traducao;manteu;ele(a) segurou, agarrou, prendeu, manteu;REVISAR MANUALMENTE;manteve
κρατήσωσιν;2902;traducao;mantam;eles(as) apreendam, segurem, agarrem, retam, mantam;REVISAR MANUALMENTE;mantenham
κρατοῦσιν;2902;traducao;mantem;eles(as) apreendem, seguram, agarram, retem, mantem;REVISAR MANUALMENTE;mantenham
ἐκρατοῦντο;2902;traducao;retiam;eles(as) apreendiam, seguravam, agarravam, retiam, mantiam;REVISAR MANUALMENTE;retinham
ἐκρατοῦντο;2902;traducao;mantiam;eles(as) apreendiam, seguravam, agarravam, retiam, mantiam;REVISAR MANUALMENTE;mantinham
κεκράτηνται;2902;traducao;manteram;eles(as) seguraram, agarraram, prenderam, manteram;REVISAR MANUALMENTE;mantiveram
ἐκράτησαν;2902;traducao;manteram;eles(as) seguraram, agarraram, prenderam, manteram;REVISAR MANUALMENTE;mantiveram
κρατῶμεν;2902;traducao;mantamos;nós apreendamos, seguremos, agarremos, retamos, mantamos;REVISAR MANUALMENTE;mantenhamos
κρατεῖς;2902;traducao;mantes;tu apreendes, seguras, agarras, retes, mantes;REVISAR MANUALMENTE;manténs
κρατεῖτε;2902;traducao;manteis;vós apreendeis, segurais, agarrais, reteis, manteis;REVISAR MANUALMENTE;mantendes
ἐκρατήσατέ;2902;traducao;mantestes;vós apreendestes, segurastes, agarrastes, retestes, mantestes;REVISAR MANUALMENTE;mantivestes
κρατήσατε;2902;traducao;mantei;vós segurai, agarrai, prendei, mantei;REVISAR MANUALMENTE;
κρατῆτε;2902;traducao;mantais;vós segureis, agarreis, prendais, mantais;REVISAR MANUALMENTE;manteis
κρίνωμεν;2919;pt;julgemos;julgemos;REVISAR MANUALMENTE;julguemos
κρίνωμεν;2919;traducao;julgemos;nós julgemos, decidamos, determinemos;REVISAR MANUALMENTE;julguemos
ἔκρυψας;2928;traducao;manteste;tu escondeste, manteste segredo;REVISAR MANUALMENTE;mantiveste
Κύπρον;2954;traducao;chipre;Chipre;REVISAR MANUALMENTE;Chipre
Κύπρον;2954;pt;chipre;Chipre;REVISAR MANUALMENTE;Chipre
Κύπρου;2954;traducao;chipre;da Chipre;REVISAR MANUALMENTE;Chipre
Κύπρου;2954;pt;chipre;da Chipre;REVISAR MANUALMENTE;Chipre
Κυρήνην;2957;traducao;cirene;Cirene;REVISAR MANUALMENTE;Cirene
Κυρήνην;2957;pt;cirene;Cirene;REVISAR MANUALMENTE;Cirene
Κυρηνίου;2958;traducao;quirino;do Quirino;REVISAR MANUALMENTE;Quirino
Κυρηνίου;2958;pt;quirino;do Quirino;REVISAR MANUALMENTE;Quirino
κυριεύσῃ;2961;traducao;exerca;ele(a) tenha domínio, governe, domine, exerca autoridade.;REVISAR MANUALMENTE;exerça
κωλύσῃς;2967;traducao;restringas;tu impeças, proíbas, restringas;REVISAR MANUALMENTE;restrinjais
Λάμεχ;2984;traducao;lameque;Lameque;REVISAR MANUALMENTE;Lameque
Λάμεχ;2984;pt;lameque;Lameque;REVISAR MANUALMENTE;Lameque
Λαοδικείᾳ;2993;traducao;laodicéia;a Laodicéia;REVISAR MANUALMENTE;Laodicéia
Λαοδικείᾳ;2993;pt;laodicéia;a Laodicéia;REVISAR MANUALMENTE;Laodicéia
Λαοδικείας;2993;traducao;laodicéia;da Laodicéia;REVISAR MANUALMENTE;Laodicéia
Λαοδικείας;2993;pt;laodicéia;da Laodicéia;REVISAR MANUALMENTE;Laodicéia
Λαοδίκειαν;2993;traducao;laodicéia;Laodicéia;REVISAR MANUALMENTE;Laodicéia
Λαοδίκειαν;2993;pt;laodicéia;Laodicéia;REVISAR MANUALMENTE;Laodicéia
Λαοδικέων;2994;traducao;laodicéios;dos laodicéios;REVISAR MANUALMENTE;laodicenses
Λαοδικέων;2994;pt;laodicéios;dos laodicéios;REVISAR MANUALMENTE;laodicenses
λαοδικαίων;2994;traducao;laodicéios;dos laodicéios;REVISAR MANUALMENTE;laodicenses
λαοδικαίων;2994;pt;laodicéios;dos laodicéios;REVISAR MANUALMENTE;laodicenses
Λασαία;2996;traducao;lasaia;lasaia;REVISAR MANUALMENTE;Lasaia
Λασαία;2996;pt;lasaia;lasaia;REVISAR MANUALMENTE;Lasaia
λατρεία;2999;traducao;serviça;serviça;REVISAR MANUALMENTE;serviço
λατρεία;2999;pt;serviça;serviça;REVISAR MANUALMENTE;serviço
εἰπόν;3004;pt;ram;disse(ram);REVISAR: provável erro de concatenação;
Λευὶ;3017;traducao;levi;Levi;REVISAR MANUALMENTE;Levi
Λευὶ;3017;pt;levi;Levi;REVISAR MANUALMENTE;Levi
Λευὶν;3018;traducao;levi;Levi;REVISAR MANUALMENTE;Levi
Λευὶν;3018;pt;levi;Levi;REVISAR MANUALMENTE;Levi
Λευὶς;3018;traducao;levi;Levi;REVISAR MANUALMENTE;Levi
Λευὶς;3018;pt;levi;Levi;REVISAR MANUALMENTE;Levi
Λευίτας;3019;traducao;levitos;levitos;REVISAR MANUALMENTE;levitas
Λευίτας;3019;pt;levitos;levitos;REVISAR MANUALMENTE;levitas
Λίνος;3044;traducao;linu;linu;REVISAR MANUALMENTE;Lino
Λίνος;3044;pt;linu;linu;REVISAR MANUALMENTE;Lino
Λυδία;3070;traducao;lídia;Lídia;REVISAR MANUALMENTE;Lídia
Λυδία;3070;pt;lídia;Lídia;REVISAR MANUALMENTE;Lídia
Λυδίαν;3070;traducao;lídia;Lídia;REVISAR MANUALMENTE;Lídia
Λυδίαν;3070;pt;lídia;Lídia;REVISAR MANUALMENTE;Lídia
Λυκαονίας;3071;traducao;licaônia;da licaônia;REVISAR MANUALMENTE;Licaônia
Λυκαονίας;3071;pt;licaônia;da licaônia;REVISAR MANUALMENTE;Licaônia
Λυσανίου;3078;traducao;lisânio;do lisânio;REVISAR MANUALMENTE;Lisânio
Λυσανίου;3078;pt;lisânio;do lisânio;REVISAR MANUALMENTE;Lisânio
λύουσιν;3089;traducao;destróem;eles(as) soltam, liberam, dissolvem, quebram, destróem;REVISAR MANUALMENTE;destroem
Λύσατε;3089;traducao;destrui;vós soltai, liberai, dissolvei, quebrai, destrui;REVISAR MANUALMENTE;destruí
Λωίδι;3090;traducao;loi;ao loi;REVISAR MANUALMENTE;Lóis
Λωίδι;3090;pt;loi;ao loi;REVISAR MANUALMENTE;Lóis
Μαάθ;3092;traducao;maath;maath;REVISAR MANUALMENTE;Maate
Μαάθ;3092;pt;maath;maath;REVISAR MANUALMENTE;Maate
Μαγαδάν;3093;traducao;magadan;Magadan;REVISAR MANUALMENTE;Magadan
Μαγαδάν;3093;pt;magadan;Magadan;REVISAR MANUALMENTE;Magadan
μαγδαλά;3093;traducao;magadan;Magadan;REVISAR MANUALMENTE;Magadan
μαγδαλά;3093;pt;magadan;Magadan;REVISAR MANUALMENTE;Magadan
Μαγώγ;3098;traducao;magogue;Magogue;REVISAR MANUALMENTE;Magogue
Μαγώγ;3098;pt;magogue;Magogue;REVISAR MANUALMENTE;Magogue
Μαδιάμ;3099;traducao;midiã;Midiã;REVISAR MANUALMENTE;Midiã
Μαδιάμ;3099;pt;midiã;Midiã;REVISAR MANUALMENTE;Midiã
Μεννά;3104;traducao;mainan;mainan;REVISAR MANUALMENTE;Mainan
Μεννά;3104;pt;mainan;mainan;REVISAR MANUALMENTE;Mainan
μαϊνάν;3104;traducao;mainan;mainan;REVISAR MANUALMENTE;Mainan
μαϊνάν;3104;pt;mainan;mainan;REVISAR MANUALMENTE;Mainan
μαίνεσθε;3105;pt;estáis;estáis louco;REVISAR MANUALMENTE;estais
μαίνεσθε;3105;traducao;estáis;vós estáis louco, delirais, sois louco;REVISAR MANUALMENTE;estais
Μαλελεήλ;3121;traducao;maalalel;maalalel;REVISAR MANUALMENTE;Maalael
Μαλελεήλ;3121;pt;maalalel;maalalel;REVISAR MANUALMENTE;Maalael
Μάλχος;3124;traducao;malco;Malco;REVISAR MANUALMENTE;Malco
Μάλχος;3124;pt;malco;Malco;REVISAR MANUALMENTE;Malco
μαμωνᾷ;3126;traducao;mamon;a Mamon;REVISAR MANUALMENTE;Mamon
μαμωνᾷ;3126;pt;mamon;a Mamon;REVISAR MANUALMENTE;Mamon
μαμωνᾶ;3126;traducao;mamon;de Mamon;REVISAR MANUALMENTE;Mamon
μαμωνᾶ;3126;pt;mamon;de Mamon;REVISAR MANUALMENTE;Mamon
Μαναήν;3127;traducao;manaém;Manaém;REVISAR MANUALMENTE;Manaém
Μαναήν;3127;pt;manaém;Manaém;REVISAR MANUALMENTE;Manaém
Μανασσῆ;3128;traducao;manassé;Manassé;REVISAR MANUALMENTE;Manassés
Μανασσῆ;3128;pt;manassé;Manassé;REVISAR MANUALMENTE;Manassés
Μανασσῆς;3128;traducao;manassé;Manassé;REVISAR MANUALMENTE;Manassés
Μανασσῆς;3128;pt;manassé;Manassé;REVISAR MANUALMENTE;Manassés
Μαρίαν;3137;traducao;mary;mary;REVISAR MANUALMENTE;Maria
Μαρίαν;3137;pt;mary;mary;REVISAR MANUALMENTE;Maria
Μαθθαῖος;3156;traducao;mateu;Mateu;REVISAR MANUALMENTE;Mateus
Μαθθαῖος;3156;pt;mateu;Mateu;REVISAR MANUALMENTE;Mateus
Ματθαῖον;3156;traducao;mateu;Mateu;REVISAR MANUALMENTE;Mateus
Ματθαῖον;3156;pt;mateu;Mateu;REVISAR MANUALMENTE;Mateus
Ματθαῖος;3156;traducao;mateu;Mateu;REVISAR MANUALMENTE;Mateus
Ματθαῖος;3156;pt;mateu;Mateu;REVISAR MANUALMENTE;Mateus
Ματθάν;3157;traducao;mathan;mathan;REVISAR MANUALMENTE;Matã
Ματθάν;3157;pt;mathan;mathan;REVISAR MANUALMENTE;Matã
Μαθθάτ;3158;traducao;matthat;matthat;REVISAR MANUALMENTE;Matate
Μαθθάτ;3158;pt;matthat;matthat;REVISAR MANUALMENTE;Matate
ματθάτ;3158;traducao;matthat;matthat;REVISAR MANUALMENTE;Matate
ματθάτ;3158;pt;matthat;matthat;REVISAR MANUALMENTE;Matate
Μαθθίαν;3159;traducao;matio;matio;REVISAR MANUALMENTE;Matias
Μαθθίαν;3159;pt;matio;matio;REVISAR MANUALMENTE;Matias
ματθίαν;3159;traducao;matio;matio;REVISAR MANUALMENTE;Matias
ματθίαν;3159;pt;matio;matio;REVISAR MANUALMENTE;Matias
Ματταθά;3160;traducao;mattatho;mattatho;REVISAR MANUALMENTE;Matatá
Ματταθά;3160;pt;mattatho;mattatho;REVISAR MANUALMENTE;Matatá
Ματταθίου;3161;traducao;matatio;do matatio;REVISAR MANUALMENTE;Matatias
Ματταθίου;3161;pt;matatio;do matatio;REVISAR MANUALMENTE;Matatias
Μελεά;3190;traducao;meléo;meléo;REVISAR MANUALMENTE;Meleá
Μελεά;3190;pt;meléo;meléo;REVISAR MANUALMENTE;Meleá
μέλλετε;3195;pt;estáis;estáis prestes a;REVISAR MANUALMENTE;estais
μέλλετε;3195;traducao;estáis;vós estáis prestes a, pretendeis, estáis destinado;REVISAR MANUALMENTE;estais
μέλλετε;3195;traducao;estáis;vós estáis prestes a, pretendeis, estáis destinado;REVISAR MANUALMENTE;estais
Μελχὶ;3197;traducao;melqui;melqui;REVISAR MANUALMENTE;Melqui
Μελχὶ;3197;pt;melqui;melqui;REVISAR MANUALMENTE;Melqui
Μελχισεδέκ;3198;traducao;melquisedeque;Melquisedeque;Melquisedeque;Melquisedeque
Μελχισεδέκ;3198;pt;melquisedeque;Melquisedeque;Melquisedeque;Melquisedeque
Μεσσίαν;3323;traducao;messio;messio;REVISAR MANUALMENTE;Messias
Μεσσίαν;3323;pt;messio;messio;REVISAR MANUALMENTE;Messias
Μεσσίας;3323;traducao;messio;messio;REVISAR MANUALMENTE;Messias
Μεσσίας;3323;pt;messio;messio;REVISAR MANUALMENTE;Messias
μεσίαν;3323;traducao;messio;messio;REVISAR MANUALMENTE;Messias
μεσίαν;3323;pt;messio;messio;REVISAR MANUALMENTE;Messias
μεσίας;3323;traducao;messio;messio;REVISAR MANUALMENTE;Messias
μεσίας;3323;pt;messio;messio;REVISAR MANUALMENTE;Messias
μετάληψιν;3336;traducao;participaçõe;participaçõe;participações;participações
μετάληψιν;3336;pt;participaçõe;participaçõe;participações;participações
μετρητὰς;3355;traducao;measures;measures;REVISAR MANUALMENTE;metretas
μετρητὰς;3355;pt;measures;measures;REVISAR MANUALMENTE;metretas
μητρολῴαις;3389;traducao;insultora;aos mães-insultora;REVISAR MANUALMENTE;insultadoras
μητρολῴαις;3389;pt;insultora;aos mães-insultora;REVISAR MANUALMENTE;insultadoras
Μιλήτῳ;3399;traducao;mileta;à Mileta;REVISAR MANUALMENTE;Mileto
Μιλήτῳ;3399;pt;mileta;à Mileta;REVISAR MANUALMENTE;Mileto
Μιλήτου;3399;traducao;mileta;da Mileta;REVISAR MANUALMENTE;Mileto
Μιλήτου;3399;pt;mileta;da Mileta;REVISAR MANUALMENTE;Mileto
Μίλητον;3399;traducao;mileta;Mileta;REVISAR MANUALMENTE;Mileto
Μίλητον;3399;pt;mileta;Mileta;REVISAR MANUALMENTE;Mileto
μισεῖς;3404;pt;odias;odias;REVISAR MANUALMENTE;odeias
μισεῖς;3404;traducao;odias;tu odias, detestas, abominas;REVISAR MANUALMENTE;odeias
Μιτυλήνην;3412;traducao;mitilene;mitilene;REVISAR MANUALMENTE;Mitilene
Μιτυλήνην;3412;pt;mitilene;mitilene;REVISAR MANUALMENTE;Mitilene
Μνάσωνί;3416;traducao;mnason;ao Mnason;REVISAR MANUALMENTE;Mnason
Μνάσωνί;3416;pt;mnason;ao Mnason;REVISAR MANUALMENTE;Mnason
Μωυσῇ;3475;traducao;moisé;ao Moisé;REVISAR MANUALMENTE;Moisés
Μωυσῇ;3475;pt;moisé;ao Moisé;REVISAR MANUALMENTE;Moisés
Μωσῆς;3475;traducao;moisé;ao Moisé;REVISAR MANUALMENTE;Moisés
Μωσῆς;3475;pt;moisé;ao Moisé;REVISAR MANUALMENTE;Moisés
μωσῇ;3475;traducao;moisé;ao Moisé;REVISAR MANUALMENTE;Moisés
μωσῇ;3475;pt;moisé;ao Moisé;REVISAR MANUALMENTE;Moisés
Μωυσέα;3475;traducao;moisé;Moisé;REVISAR MANUALMENTE;Moisés
Μωυσέα;3475;pt;moisé;Moisé;REVISAR MANUALMENTE;Moisés
μωσέα;3475;traducao;moisé;Moisé;REVISAR MANUALMENTE;Moisés
μωσέα;3475;pt;moisé;Moisé;REVISAR MANUALMENTE;Moisés
μωσῆν;3475;traducao;moisé;Moisé;REVISAR MANUALMENTE;Moisés
μωσῆν;3475;pt;moisé;Moisé;REVISAR MANUALMENTE;Moisés
Ναασσών;3476;traducao;naasson;Naasson;REVISAR MANUALMENTE;Naasson
Ναασσών;3476;pt;naasson;Naasson;REVISAR MANUALMENTE;Naasson
Ναγγαί;3477;traducao;naggai;naggai;REVISAR MANUALMENTE;Nagai
Ναγγαί;3477;pt;naggai;naggai;REVISAR MANUALMENTE;Nagai
Ναζαρέθ;3478;traducao;nazaré;Nazaré;REVISAR MANUALMENTE;Nazaré
Ναζαρέθ;3478;pt;nazaré;Nazaré;REVISAR MANUALMENTE;Nazaré
Ναζαρέτ;3478;traducao;nazaré;Nazaré;REVISAR MANUALMENTE;Nazaré
Ναζαρέτ;3478;pt;nazaré;Nazaré;REVISAR MANUALMENTE;Nazaré
Ναζαρά;3478;traducao;nazaré;Nazaré;REVISAR MANUALMENTE;Nazaré
Ναζαρά;3478;pt;nazaré;Nazaré;REVISAR MANUALMENTE;Nazaré
Ναθάμ;3481;traducao;nathan;nathan;REVISAR MANUALMENTE;Natã
Ναθάμ;3481;pt;nathan;nathan;REVISAR MANUALMENTE;Natã
ναθάν;3481;traducao;nathan;nathan;REVISAR MANUALMENTE;Natã
ναθάν;3481;pt;nathan;nathan;REVISAR MANUALMENTE;Natã
Ναθαναήλ;3482;traducao;natanael;Natanael;REVISAR MANUALMENTE;Natanael
Ναθαναήλ;3482;pt;natanael;Natanael;REVISAR MANUALMENTE;Natanael
Ναίν;3484;traducao;naim;Naim;REVISAR MANUALMENTE;Naim
Ναίν;3484;pt;naim;Naim;REVISAR MANUALMENTE;Naim
Ναούμ;3486;traducao;naum;Naum;REVISAR MANUALMENTE;Naum
Ναούμ;3486;pt;naum;Naum;REVISAR MANUALMENTE;Naum
Ναχώρ;3493;traducao;naor;Naor;REVISAR MANUALMENTE;Naor
Ναχώρ;3493;pt;naor;Naor;REVISAR MANUALMENTE;Naor
Ναιμὰν;3497;traducao;naamã;Naamã;REVISAR MANUALMENTE;Naamã
Ναιμὰν;3497;pt;naamã;Naamã;REVISAR MANUALMENTE;Naamã
νεεμὰν;3497;traducao;naamã;Naamã;REVISAR MANUALMENTE;Naamã
νεεμὰν;3497;pt;naamã;Naamã;REVISAR MANUALMENTE;Naamã
Νεφθαλίμ;3508;traducao;naftali;Naftali;REVISAR MANUALMENTE;Naftali
Νεφθαλίμ;3508;pt;naftali;Naftali;REVISAR MANUALMENTE;Naftali
Νεφθαλείμ;3508;traducao;naftali;Naftali;REVISAR MANUALMENTE;Naftali
Νεφθαλείμ;3508;pt;naftali;Naftali;REVISAR MANUALMENTE;Naftali
νεφροὺς;3510;traducao;rines;rines);REVISAR MANUALMENTE;rins
νεφροὺς;3510;pt;rines;rines);REVISAR MANUALMENTE;rins
νηρέα;3517;traducao;nereu;Nereu;REVISAR MANUALMENTE;Nereu
νηρέα;3517;pt;nereu;Nereu;REVISAR MANUALMENTE;Nereu
Νηρὶ;3518;traducao;néri;néri;REVISAR MANUALMENTE;Néri
Νηρὶ;3518;pt;néri;néri;REVISAR MANUALMENTE;Néri
Νίγερ;3526;traducao;níger;níger;REVISAR MANUALMENTE;Níger
Νίγερ;3526;pt;níger;níger;REVISAR MANUALMENTE;Níger
Νικάνορα;3527;traducao;nicanor;Nicanor;REVISAR MANUALMENTE;Nicanor
Νικάνορα;3527;pt;nicanor;Nicanor;REVISAR MANUALMENTE;Nicanor
νικήσῃς;3528;traducao;prevalecas;tu conquistes, superes, prevalecas, obtas vitória;REVISAR MANUALMENTE;prevaleças
νικήσῃς;3528;traducao;obtas;tu conquistes, superes, prevalecas, obtas vitória;REVISAR MANUALMENTE;obtenhas
Νικόδημος;3530;traducao;nicodemos;Nicodemos;REVISAR MANUALMENTE;Nicodemos
Νικόδημος;3530;pt;nicodemos;Nicodemos;REVISAR MANUALMENTE;Nicodemos
Νικολαϊτῶν;3531;traducao;nicolaítos;dos nicolaítos;REVISAR MANUALMENTE;nicolaítas
Νικολαϊτῶν;3531;pt;nicolaítos;dos nicolaítos;REVISAR MANUALMENTE;nicolaítas
Νικόλαον;3532;traducao;nicolo;nicolo;REVISAR MANUALMENTE;Nicolau
Νικόλαον;3532;pt;nicolo;nicolo;REVISAR MANUALMENTE;Nicolau
νικόπολιν;3533;traducao;nicópoli;Nicópoli;REVISAR MANUALMENTE;Nicópolis
νικόπολιν;3533;pt;nicópoli;Nicópoli;REVISAR MANUALMENTE;Nicópolis
νινευῒ;3535;traducao;nínive;nínive;REVISAR MANUALMENTE;Nínive
νινευῒ;3535;pt;nínive;nínive;REVISAR MANUALMENTE;Nínive
Νινευίταις;3536;traducao;ninivitos;aos ninivitos;REVISAR MANUALMENTE;ninivitas
Νινευίταις;3536;pt;ninivitos;aos ninivitos;REVISAR MANUALMENTE;ninivitas
Νινευῖται;3536;traducao;ninivitos;ninivitos;REVISAR MANUALMENTE;ninivitas
Νινευῖται;3536;pt;ninivitos;ninivitos;REVISAR MANUALMENTE;ninivitas
Νύμφαν;3564;traducao;numpho;numpho;REVISAR MANUALMENTE;Ninfa
Νύμφαν;3564;pt;numpho;numpho;REVISAR MANUALMENTE;Ninfa
Ὀζίαν;3604;traducao;uzio;uzio;REVISAR MANUALMENTE;Uzias
Ὀζίαν;3604;pt;uzio;uzio;REVISAR MANUALMENTE;Uzias
Ὀζίας;3604;traducao;uzio;uzio;REVISAR MANUALMENTE;Uzias
Ὀζίας;3604;pt;uzio;uzio;REVISAR MANUALMENTE;Uzias
ὁμολογῶ;3670;traducao;reconheco;eu confesso, reconheco, concordo;REVISAR MANUALMENTE;reconheço
ὁμολογήσῃς;3670;traducao;reconhecas;tu confesses, reconhecas, concordes;REVISAR MANUALMENTE;reconheças
Ὀνησίμῳ;3682;traducao;onésimo;ao Onésimo;REVISAR MANUALMENTE;Onésimo
Ὀνησίμῳ;3682;pt;onésimo;ao Onésimo;REVISAR MANUALMENTE;Onésimo
Ὀνήσιμον;3682;traducao;onésimo;Onésimo;REVISAR MANUALMENTE;Onésimo
Ὀνήσιμον;3682;pt;onésimo;Onésimo;REVISAR MANUALMENTE;Onésimo
Ὀνησιφόρου;3683;traducao;onesíforo;do Onesíforo;REVISAR MANUALMENTE;Onesíforo
Ὀνησιφόρου;3683;pt;onesíforo;do Onesíforo;REVISAR MANUALMENTE;Onesíforo
ὀρφανούς;3737;traducao;órfões;órfões;REVISAR MANUALMENTE;órfãos
ὀρφανούς;3737;pt;órfões;órfões;REVISAR MANUALMENTE;órfãos
ὀστρακίνοις;3749;traducao;des;aos des barro;REVISAR MANUALMENTE;de
ὀστρακίνοις;3749;pt;des;aos des barro;REVISAR MANUALMENTE;de
Οὐρίου;3774;traducao;urio;do urio;REVISAR MANUALMENTE;Urias
Οὐρίου;3774;pt;urio;do urio;REVISAR MANUALMENTE;Urias
ὀφείλετε;3784;traducao;estáis;vós deveis, estáis em dívida, estáis obrigado;REVISAR MANUALMENTE;estais
ὀφείλετε;3784;traducao;estáis;vós deveis, estáis em dívida, estáis obrigado;REVISAR MANUALMENTE;estais
παλιγγενεσίᾳ;3824;traducao;regeneraçõe;à regeneraçõe;regenerações;regenerações
παλιγγενεσίᾳ;3824;pt;regeneraçõe;à regeneraçõe;regenerações;regenerações
παλιγγενεσίας;3824;traducao;regeneraçõe;da regeneraçõe;regenerações;regenerações
παλιγγενεσίας;3824;pt;regeneraçõe;da regeneraçõe;regenerações;regenerações
παρέδωκας;3860;traducao;traiste;tu entregaste, traiste, confiaste;REVISAR MANUALMENTE;traíste
παρεκάλει;3870;traducao;lit;ele(a) rogava, convocava, invocava, lit. chamava para perto, (a) exortava, encorajava, (p) era consolado;;
παρεκάλεσέν;3870;traducao;lit;ele(a) rogou, convocou, invocou, lit. chamou para perto, (a) exortou, encorajou, (p) foi consolado;;
παρεκάλεσαν;3870;traducao;lit;eles(as) rogaram, convocaram, invocaram, lit. chamaram para perto, (a) exortaram, encorajaram, (p) foram consolado;;
παρεκάλουν;3870;traducao;lit;eles(as) rogavam, convocavam, invocavam, lit. chamavam para perto, (a) exortavam, encorajavam, (p) eram consolado;;
παρεκάλεσά;3870;traducao;rogei;eu rogei, convoquei, invoquei, lit. chamei para perto, (a) exortei, encorajei, (p) fui consolado;REVISAR MANUALMENTE;roguei
παρεκάλεσά;3870;traducao;lit;eu rogei, convoquei, invoquei, lit. chamei para perto, (a) exortei, encorajei, (p) fui consolado;;
παρακαλῶ;3870;traducao;lit;eu rogo, convoco, invoco, lit. chamo para perto, (a) exorto, encorajo, (p) sou consolado;;
παρακαλοῦμεν;3870;traducao;lit;nós rogamos, convocamos, invocamos, lit. chamamos para perto, (a) exortamos, encorajamos, (p) somos consolado;;
παρακαλῶν;3870;traducao;lit;rogando, convocando, invocando, lit. chamando para perto, (a) exortando, encorajando, (p) sendo consolado;;
παρακαλοῦντες;3870;traducao;lit;rogando, convocando, invocando, lit. chamando para perto, (a) exortando, encorajando, (p) sendo consolado;;
παρακαλέσαι;3870;traducao;lit;rogar, convocar, invocar, lit. chamar para perto, (a) exortar, encorajar, (p) ser consolado;;
παρακαλεῖν;3870;traducao;lit;rogar, convocar, invocar, lit. chamar para perto, (a) exortar, encorajar, (p) ser consolado;;
παρεκάλεσά;3870;pt;rogei;rogei;REVISAR MANUALMENTE;roguei
παρακάλει;3870;traducao;lit;tu roga, convoca, invoca, lit. chama para perto, (a) exorta, encoraja, (p) sê consolado;;
παρακαλεῖτε;3870;traducao;lit;vós rogai, convocai, invocai, lit. chamai para perto, (a) exortai, encorajai, (p) sede consolado;;
παραρρυῶμεν;3901;traducao;esçapado;se tendo afastado, tendo esçapado, tendo fluido;REVISAR MANUALMENTE;escapado
πάρεστε;3918;pt;estáis;estáis presente;REVISAR MANUALMENTE;estais
πάρεστε;3918;traducao;estáis;vós estáis presente, estáis perto, vindes;REVISAR MANUALMENTE;estais
πάρεστε;3918;traducao;estáis;vós estáis presente, estáis perto, vindes;REVISAR MANUALMENTE;estais
Παρμενᾶν;3937;traducao;parmeno;Parmeno;REVISAR MANUALMENTE;Parmeno
Παρμενᾶν;3937;pt;parmeno;Parmeno;REVISAR MANUALMENTE;Parmeno
Πάταρα;3959;traducao;pátaros;pátaros;REVISAR MANUALMENTE;Pátaros
Πάταρα;3959;pt;pátaros;pátaros;REVISAR MANUALMENTE;Pátaros
πατάξῃ;3960;pt;atace;atace;REVISAR MANUALMENTE;ataque
Πάτμῳ;3963;traducao;patma;à Patma;REVISAR MANUALMENTE;Patmos
Πάτμῳ;3963;pt;patma;à Patma;REVISAR MANUALMENTE;Patmos
πατριάρχου;3966;traducao;patriarco;do patriarco;REVISAR MANUALMENTE;patriarca
πατριάρχου;3966;pt;patriarco;do patriarco;REVISAR MANUALMENTE;patriarca
πατριάρχης;3966;traducao;patriarco;patriarco;REVISAR MANUALMENTE;patriarca
πατριάρχης;3966;pt;patriarco;patriarco;REVISAR MANUALMENTE;patriarca
πατριάρχαι;3966;traducao;patriarcos;patriarcos;REVISAR MANUALMENTE;patriarcas
πατριάρχαι;3966;pt;patriarcos;patriarcos;REVISAR MANUALMENTE;patriarcas
πατριάρχας;3966;traducao;patriarcos;patriarcos;REVISAR MANUALMENTE;patriarcas
πατριάρχας;3966;pt;patriarcos;patriarcos;REVISAR MANUALMENTE;patriarcas
παυσάτω;3973;traducao;restringa;ele(a) pare, restringa;REVISAR MANUALMENTE;restrinja
παύομαι;3973;traducao;restringo;eu paro, restringo;REVISAR MANUALMENTE;restrinjo
Πάφου;3974;traducao;pafa;da pafa;REVISAR MANUALMENTE;Pafos
Πάφου;3974;pt;pafa;da pafa;REVISAR MANUALMENTE;Pafos
πειράζων;3985;traducao;adj;"testando, tentando, examinando; como adj., tentador";REVISAR MANUALMENTE;
Περγάμῳ;4010;traducao;pérgama;à pérgama ou pérgamo;REVISAR MANUALMENTE;Pérgamo
Περγάμῳ;4010;traducao;pérgamo;à pérgama ou pérgamo;REVISAR MANUALMENTE;Pérgamo
Περγάμῳ;4010;pt;pérgama;à pérgama ou pérgamo;REVISAR MANUALMENTE;Pérgamo
Περγάμῳ;4010;pt;pérgamo;à pérgama ou pérgamo;REVISAR MANUALMENTE;Pérgamo
Πέργαμον;4010;traducao;pérgama;pérgama ou pérgamo;REVISAR MANUALMENTE;REVISAR MANUALMENTE
Πέργαμον;4010;traducao;pérgamo;pérgama ou pérgamo;REVISAR MANUALMENTE;REVISAR MANUALMENTE
Πέργαμον;4010;pt;pérgama;pérgama ou pérgamo;REVISAR MANUALMENTE;REVISAR MANUALMENTE
Πέργαμον;4010;pt;pérgamo;pérgama ou pérgamo;REVISAR MANUALMENTE;REVISAR MANUALMENTE
Πέργῃ;4011;traducao;perga;à Perga;REVISAR MANUALMENTE;Perge
Πέργῃ;4011;pt;perga;à Perga;REVISAR MANUALMENTE;Perge
Πέργης;4011;traducao;perga;da Perga;REVISAR MANUALMENTE;Perge
Πέργης;4011;pt;perga;da Perga;REVISAR MANUALMENTE;Perge
Πέργην;4011;traducao;perga;Perga;REVISAR MANUALMENTE;Perge
Πέργην;4011;pt;perga;Perga;REVISAR MANUALMENTE;Perge
περιπατῶν;4043;traducao;fig;andando, fig. vivendo;;
περιπατοῦντας;4043;traducao;fig;andando, fig. vivendo;;
περιπατοῦντα;4043;traducao;fig;andando, fig. vivendo;;
περιπατοῦντες;4043;traducao;fig;andando, fig. vivendo;;
περιπατεῖν;4043;traducao;fig;andar, fig. viver;;
περιεπάτει;4043;traducao;fig;ele(a) andava, fig. vivia;;
περιπατῇ;4043;traducao;fig;ele(a) ande, fig. viva;;
περιεπάτησεν;4043;traducao;fig;ele(a) andou, fig. viveu;;
περιπατοῦσιν;4043;traducao;fig;eles(as) andam, fig. vivem;;
περιπατήσωμεν;4043;traducao;fig;nós andemos, fig. vivamos;;
περιπατῶμεν;4043;traducao;fig;nós andemos, fig. vivamos;;
περιπάτει;4043;traducao;fig;tu anda, fig. vive;;
περιπατεῖτε;4043;traducao;fig;vós andai, fig. vivei;;
περίψημα;4067;traducao;offscouring;offscouring;REVISAR MANUALMENTE;escória
περίψημα;4067;pt;offscouring;offscouring;REVISAR MANUALMENTE;escória
περσίδα;4069;traducao;persi;persi;REVISAR MANUALMENTE;persas
περσίδα;4069;pt;persi;persi;REVISAR MANUALMENTE;persas
πινακίδιον;4093;traducao;tablet;pequeno tablet;REVISAR MANUALMENTE;tabuleta
πινακίδιον;4093;pt;tablet;pequeno tablet;REVISAR MANUALMENTE;tabuleta
ἔπεσον;4098;pt;ram;caí(ram);REVISAR: provável erro de concatenação;
πέσωσιν;4098;traducao;perecam;eles(as) caiam, desçam, perecam, falhem;REVISAR MANUALMENTE;pereçam
πέσητε;4098;traducao;perecais;vós caiais, desçais, perecais, falheis;REVISAR MANUALMENTE;pereçais
πισιδίας;4099;traducao;pisídia;da Pisídia;REVISAR MANUALMENTE;Psídia
πισιδίας;4099;pt;pisídia;da Pisídia;REVISAR MANUALMENTE;Psídia
Πισιδίαν;4099;traducao;pisídia;Pisídia;REVISAR MANUALMENTE;Psídia
Πισιδίαν;4099;pt;pisídia;Pisídia;REVISAR MANUALMENTE;Psídia
πλημμύρας;4132;traducao;inundaçõe;da inundaçõe;inundações;inundações
πλημμύρας;4132;pt;inundaçõe;da inundaçõe;inundações;inundações
πληρώματα;4138;traducao;plenitudes;plenitudes;REVISAR MANUALMENTE;
πληρώματα;4138;pt;plenitudes;plenitudes;REVISAR MANUALMENTE;
ποντίῳ;4194;traducao;pôncio;ao Pôncio;REVISAR MANUALMENTE;Pôncio
ποντίῳ;4194;pt;pôncio;ao Pôncio;REVISAR MANUALMENTE;Pôncio
Ποντίου;4194;traducao;pôncio;do Pôncio;REVISAR MANUALMENTE;Pôncio
Ποντίου;4194;pt;pôncio;do Pôncio;REVISAR MANUALMENTE;Pôncio
Πόντιος;4194;traducao;pôncio;Pôncio;REVISAR MANUALMENTE;Pôncio
Πόντιος;4194;pt;pôncio;Pôncio;REVISAR MANUALMENTE;Pôncio
Ποπλίῳ;4196;traducao;públio;ao Públio;REVISAR MANUALMENTE;Públio
Ποπλίῳ;4196;pt;públio;ao Públio;REVISAR MANUALMENTE;Públio
Ποπλίου;4196;traducao;públio;do Públio;REVISAR MANUALMENTE;Públio
Ποπλίου;4196;pt;públio;do Públio;REVISAR MANUALMENTE;Públio
Πόρκιον;4201;traducao;pórcio;pórcio;REVISAR MANUALMENTE;Pórcio
Πόρκιον;4201;pt;pórcio;pórcio;REVISAR MANUALMENTE;Pórcio
Ποτιόλους;4223;traducao;putéolis;Putéolis;REVISAR MANUALMENTE;Putéolis
Ποτιόλους;4223;pt;putéolis;Putéolis;REVISAR MANUALMENTE;Putéolis
Πρίσκιλλα;4252;traducao;priscila;Priscila;REVISAR MANUALMENTE;Priscila
Πρίσκιλλα;4252;pt;priscila;Priscila;REVISAR MANUALMENTE;Priscila
Πρίσκιλλαν;4252;traducao;priscila;Priscila;REVISAR MANUALMENTE;Priscila
Πρίσκιλλαν;4252;pt;priscila;Priscila;REVISAR MANUALMENTE;Priscila
προαιρεῖται;4255;traducao;prope;ele(a) escolhe de antemão, prefere, prope;REVISAR MANUALMENTE;propõe
προεγράφη;4270;traducao;escrevido;ele(a) foi escrevido antes, foi retratado publicamente, foi anunciado de antemão;REVISAR MANUALMENTE;escrito
προεγράφη;4270;pt;escrevido;foi escrevido antes;REVISAR MANUALMENTE;escrito
προθύμως;4290;traducao;ânsio;ânsio;REVISAR MANUALMENTE;ânsia
προθύμως;4290;pt;ânsio;ânsio;REVISAR MANUALMENTE;ânsia
πρόνοιαν;4307;traducao;previsõe;previsõe;REVISAR MANUALMENTE;previsões
πρόνοιαν;4307;pt;previsõe;previsõe;REVISAR MANUALMENTE;previsões
προσκαλεσάσθω;4341;traducao;convoce;ele(a) chame a si mesmo, convoce, convide;REVISAR MANUALMENTE;convoque
πρόσκλησιν;4346;traducao;inclinaçõe;inclinaçõe;inclinações;inclinações
πρόσκλησιν;4346;pt;inclinaçõe;inclinaçõe;inclinações;inclinações
προσκυνεῖ;4352;traducao;lit;ele(a) se prostra, reverencia, adora, lit. beija o chão;;
προσκυνήσει;4352;traducao;lit;ele(a) se prostrará, reverenciará, adorará, lit. beijará o chão;;
προσεκύνει;4352;traducao;lit;ele(a) se prostrava, reverenciava, adorava, lit. beijava o chão;;
προσεκύνησεν;4352;traducao;lit;ele(a) se prostrou, reverenciou, adorou, lit. beijou o chão;;
προσεκύνησαν;4352;traducao;lit;eles(as) se prostraram, reverenciaram, adoraram, lit. beijaram o chão;;
προσκυνήσουσιν;4352;traducao;lit;eles(as) se prostrarão, reverenciarão, adorarão, lit. beijarão o chão;;
προσεκύνουν;4352;traducao;lit;eles(as) se prostravam, reverenciavam, adoravam, lit. beijavam o chão;;
προσκυνήσωσιν;4352;traducao;lit;eles(as) se prostrem, reverenciem, adorem, lit. beijem o chão;;
προσκυνησάτωσαν;4352;traducao;lit;eles(as) se prostrem, reverenciem, adorem, lit. beijem o chão;;
προσκυνήσω;4352;traducao;lit;eu me prostre, reverencie, adore, lit. beije o chão;;
προσκυνοῦμεν;4352;traducao;lit;nós nos prostramos, reverenciamos, adoramos, lit. beijamos o chão;;
προσκυνήσων;4352;traducao;lit;prestes a prostrar, prestes a reverenciar, prestes a adorar, lit. prestes a beijar o chão;;
προσκυνοῦντας;4352;traducao;lit;prostrando, reverenciando, adorando, lit. beijando o chão;;
προσκυνοῦντες;4352;traducao;lit;prostrando, reverenciando, adorando, lit. beijando o chão;;
προσκυνοῦσα;4352;traducao;lit;prostrando, reverenciando, adorando, lit. beijando o chão;;
προσκυνεῖν;4352;traducao;lit;prostrar-se, reverenciar, adorar, lit. beijar o chão;;
προσκυνῆσαι;4352;traducao;lit;prostrar, reverenciar, adorar, lit. beijar o chão;;
προσκυνήσαντες;4352;traducao;lit;tendo prostrado, tendo reverenciado, tendo adorado, lit. tendo beijado o chão;;
προσκύνησον;4352;traducao;lit;tu te prostra, reverencia, adora, lit. beija o chão;;
προσκυνήσεις;4352;traducao;lit;tu te prostrarás, reverenciarás, adorarás, lit. beijarás o chão;;
προσκυνήσῃς;4352;traducao;lit;tu te prostres, reverencies, adores, lit. beijes o chão;;
προσκυνήσατε;4352;traducao;lit;vós vos prostrai, reverenciai, adorai, lit. beijai o chão;;
προσκυνεῖτε;4352;traducao;lit;vós vos prostrais, reverenciais, adorais, lit. beijais o chão;;
προσκυνήσετε;4352;traducao;lit;vós vos prostrareis, reverenciareis, adorareis, lit. beijareis o chão;;
προσφέρωσιν;4374;traducao;oferecam;eles(as) tragam, oferecam, apresentem;REVISAR MANUALMENTE;ofereçam
προεφήτευσαν;4395;traducao;predizeram;eles(as) profetizaram, falaram por inspiração divina, predizeram;REVISAR MANUALMENTE;predisseram
ἐπροφήτευσαν;4395;traducao;predizeram;eles(as) profetizaram, falaram por inspiração divina, predizeram;REVISAR MANUALMENTE;predisseram
προφητεύσουσιν;4395;traducao;predizerão;eles(as) profetizarão, predizerão;REVISAR MANUALMENTE;predirão
προφητεύωσιν;4395;traducao;predizam;eles(as) profetizem, falem por inspiração divina, predizam;REVISAR MANUALMENTE;prediziam
προφητεύητε;4395;traducao;predizais;vós profetizeis, faleis por inspiração divina, predizais;REVISAR MANUALMENTE;predigais
Πρόχορον;4402;traducao;prócoro;Prócoro;REVISAR MANUALMENTE;Prócoro
Πρόχορον;4402;pt;prócoro;Prócoro;REVISAR MANUALMENTE;Prócoro
πρώτοις;4413;traducao;ens;aos ens primeiro lugar;REVISAR MANUALMENTE;em
πρώτοις;4413;pt;ens;aos ens primeiro lugar;REVISAR MANUALMENTE;em
πρῶτα;4413;traducao;ens;ens primeiro lugar;REVISAR MANUALMENTE;em
πρῶτα;4413;pt;ens;ens primeiro lugar;REVISAR MANUALMENTE;em
Πτολεμαΐδα;4424;traducao;ptolemaida;Ptolemaida;REVISAR MANUALMENTE;Ptolemaida
Πτολεμαΐδα;4424;pt;ptolemaida;Ptolemaida;REVISAR MANUALMENTE;Ptolemaida
πώρωσις;4457;traducao;endurecimenta;endurecimenta;REVISAR MANUALMENTE;endurecimento
πώρωσις;4457;pt;endurecimenta;endurecimenta;REVISAR MANUALMENTE;endurecimento
Ῥαὰβ;4460;traducao;raabe;Raabe;REVISAR MANUALMENTE;Raabe
Ῥαὰβ;4460;pt;raabe;Raabe;REVISAR MANUALMENTE;Raabe
Ῥαγαύ;4466;traducao;reu;reu;REVISAR MANUALMENTE;Reú
Ῥαγαύ;4466;pt;reu;reu;REVISAR MANUALMENTE;Reú
Ῥαχάβ;4477;traducao;raabe;Raabe;REVISAR MANUALMENTE;Raabe
Ῥαχάβ;4477;pt;raabe;Raabe;REVISAR MANUALMENTE;Raabe
Ῥαιφάν;4481;traducao;remfano;remfano;REVISAR MANUALMENTE;Renfã
Ῥαιφάν;4481;pt;remfano;remfano;REVISAR MANUALMENTE;Renfã
ῥεμφάν;4481;traducao;remfano;remfano;REVISAR MANUALMENTE;Renfã
ῥεμφάν;4481;pt;remfano;remfano;REVISAR MANUALMENTE;Renfã
ῥήξωσιν;4486;traducao;rasgem;eles(as) quebrem, estourem, rasgem;REVISAR MANUALMENTE;rasguem
Ῥησά;4488;traducao;rheso;rheso;REVISAR MANUALMENTE;Resa
Ῥησά;4488;pt;rheso;rheso;REVISAR MANUALMENTE;Resa
Ῥουβὴν;4502;traducao;ruben;Ruben;REVISAR MANUALMENTE;Ruben
Ῥουβὴν;4502;pt;ruben;Ruben;REVISAR MANUALMENTE;Ruben
ῥουβίμ;4502;traducao;ruben;Ruben;REVISAR MANUALMENTE;Ruben
ῥουβίμ;4502;pt;ruben;Ruben;REVISAR MANUALMENTE;Ruben
Ῥώμῃ;4516;traducao;roma;a Roma;REVISAR MANUALMENTE;Roma
Ῥώμῃ;4516;pt;roma;a Roma;REVISAR MANUALMENTE;Roma
Ῥώμης;4516;traducao;roma;da roma;REVISAR MANUALMENTE;Roma
Ῥώμης;4516;pt;roma;da roma;REVISAR MANUALMENTE;Roma
Ῥώμην;4516;traducao;roma;Roma;REVISAR MANUALMENTE;Roma
Ῥώμην;4516;pt;roma;Roma;REVISAR MANUALMENTE;Roma
Σαδώκ;4524;traducao;zadoque;Zadoque;REVISAR MANUALMENTE;Zadoque
Σαδώκ;4524;pt;zadoque;Zadoque;REVISAR MANUALMENTE;Zadoque
Σαλαθιήλ;4528;traducao;salatiel;Salatiel;REVISAR MANUALMENTE;Salatiel
Σαλαθιήλ;4528;pt;salatiel;Salatiel;REVISAR MANUALMENTE;Salatiel
Σαλαμῖνι;4529;traducao;salamina;à salamina;REVISAR MANUALMENTE;Salamina
Σαλαμῖνι;4529;pt;salamina;à salamina;REVISAR MANUALMENTE;Salamina
Σαλμώνην;4534;traducao;salmone;Salmone;REVISAR MANUALMENTE;Salmon
Σαλμώνην;4534;pt;salmone;Salmone;REVISAR MANUALMENTE;Salmon
σαλπιστῶν;4538;traducao;trompetistos;dos trompetistos;REVISAR MANUALMENTE;trompetistas
σαλπιστῶν;4538;pt;trompetistos;dos trompetistos;REVISAR MANUALMENTE;trompetistas
Σαλώμη;4539;traducao;salomé;Salomé;REVISAR MANUALMENTE;Salomé
Σαλώμη;4539;pt;salomé;Salomé;REVISAR MANUALMENTE;Salomé
Σαμαρείας;4540;traducao;samaria;de Samaria;Samaria;Samaria
Σαμαρείας;4540;pt;samaria;de Samaria;Samaria;Samaria
Σαμάρεια;4540;traducao;samaria;Samaria;Samaria;Samaria
Σαμάρεια;4540;pt;samaria;Samaria;Samaria;Samaria
Σαμάρειαν;4540;traducao;samaria;Samaria;Samaria;Samaria
Σαμάρειαν;4540;pt;samaria;Samaria;Samaria;Samaria
Σαμοθρᾴκην;4543;traducao;samotrácia;samotrácia;REVISAR MANUALMENTE;Samotrácia
Σαμοθρᾴκην;4543;pt;samotrácia;samotrácia;REVISAR MANUALMENTE;Samotrácia
Σαμουὴλ;4545;traducao;samuel;Samuel;REVISAR MANUALMENTE;Samuel
Σαμουὴλ;4545;pt;samuel;Samuel;REVISAR MANUALMENTE;Samuel
σανδάλιά;4547;traducao;sandálios;sandálios;REVISAR MANUALMENTE;sandálias
σανδάλιά;4547;pt;sandálios;sandálios;REVISAR MANUALMENTE;sandálias
Σαούλ;4549;traducao;saul;Saul;Saul;Saul
Σαούλ;4549;pt;saul;Saul;Saul;Saul
Σάρεπτα;4558;traducao;sarepta;Sarepta;REVISAR MANUALMENTE;Sarepta
Σάρεπτα;4558;pt;sarepta;Sarepta;REVISAR MANUALMENTE;Sarepta
Σερούχ;4562;traducao;serugue;serugue;REVISAR MANUALMENTE;Serugue
Σερούχ;4562;pt;serugue;serugue;REVISAR MANUALMENTE;Serugue
ἀσσάρωνα;4565;traducao;sarom;Sarom;REVISAR MANUALMENTE;Sarom
ἀσσάρωνα;4565;pt;sarom;Sarom;REVISAR MANUALMENTE;Sarom
Σαρῶνα;4565;traducao;sharon;sharon;REVISAR MANUALMENTE;Sarom
Σαρῶνα;4565;pt;sharon;sharon;REVISAR MANUALMENTE;Sarom
σατᾶν;4566;traducao;sataná;sataná;REVISAR MANUALMENTE;Satanás
σατᾶν;4566;pt;sataná;sataná;REVISAR MANUALMENTE;Satanás
Σαύλῳ;4569;traducao;saulo;ao Saulo;Saulo;Saulo
Σαύλῳ;4569;pt;saulo;ao Saulo;Saulo;Saulo
Σαύλου;4569;traducao;saulo;do Saulo;Saulo;Saulo
Σαύλου;4569;pt;saulo;do Saulo;Saulo;Saulo
Σαῦλος;4569;traducao;saulo;Saulo;Saulo;Saulo
Σαῦλος;4569;pt;saulo;Saulo;Saulo;Saulo
Σαῦλον;4569;traducao;saulo;Saulo;Saulo;Saulo
Σαῦλον;4569;pt;saulo;Saulo;Saulo;Saulo
Σελεύκειαν;4581;traducao;selêucia;Selêucia;REVISAR MANUALMENTE;Selêucia
Σελεύκειαν;4581;pt;selêucia;Selêucia;REVISAR MANUALMENTE;Selêucia
Σεργίῳ;4588;traducao;sérgio;ao Sérgio;REVISAR MANUALMENTE;Sérgio
Σεργίῳ;4588;pt;sérgio;ao Sérgio;REVISAR MANUALMENTE;Sérgio
ἐσίγησεν;4601;traducao;manteu;ele(a) ficou em silêncio, manteu o silêncio, manteu a paz;REVISAR MANUALMENTE;manteve
ἐσίγησεν;4601;traducao;manteu;ele(a) ficou em silêncio, manteu o silêncio, manteu a paz;REVISAR MANUALMENTE;manteve
Σιδῶνι;4605;traducao;sidon;a Sidon;REVISAR MANUALMENTE;Sidon
Σιδῶνι;4605;pt;sidon;a Sidon;REVISAR MANUALMENTE;Sidon
Σιδῶνος;4605;traducao;sidon;de Sidon;REVISAR MANUALMENTE;Sidon
Σιδῶνος;4605;pt;sidon;de Sidon;REVISAR MANUALMENTE;Sidon
Σιδῶνα;4605;traducao;sídon;sídon;REVISAR MANUALMENTE;Sidon
Σιδῶνα;4605;pt;sídon;sídon;REVISAR MANUALMENTE;Sidon
Σιλωάμ;4611;traducao;siloé;Siloé;REVISAR MANUALMENTE;Siloé
Σιλωάμ;4611;pt;siloé;Siloé;REVISAR MANUALMENTE;Siloé
Σοδόμοις;4670;traducao;sodoma;a Sodoma;REVISAR MANUALMENTE;Sodoma
Σοδόμοις;4670;pt;sodoma;a Sodoma;REVISAR MANUALMENTE;Sodoma
Σοδόμων;4670;traducao;sodoma;de Sodoma;REVISAR MANUALMENTE;Sodoma
Σοδόμων;4670;pt;sodoma;de Sodoma;REVISAR MANUALMENTE;Sodoma
Σόδομα;4670;traducao;sodoma;Sodoma;REVISAR MANUALMENTE;Sodoma
Σόδομα;4670;pt;sodoma;Sodoma;REVISAR MANUALMENTE;Sodoma
σπανίαν;4681;traducao;espanha;Espanha;REVISAR MANUALMENTE;Espanha
σπανίαν;4681;pt;espanha;Espanha;REVISAR MANUALMENTE;Espanha
στεῖραι;4723;traducao;estéris;estéris;REVISAR MANUALMENTE;estéreis
στεῖραι;4723;pt;estéris;estéris;REVISAR MANUALMENTE;estéreis
στεναγμοῖς;4726;traducao;gemendos;aos gemendos;REVISAR MANUALMENTE;gemendo
στεναγμοῖς;4726;pt;gemendos;aos gemendos;REVISAR MANUALMENTE;gemendo
στενοχωρεῖσθε;4729;pt;estáis;estáis angustiado;REVISAR MANUALMENTE;estais
στενοχωρεῖσθε;4729;traducao;estáis;vós estáis angustiado, estáis em dificuldade, estáis em um lugar estreito;REVISAR MANUALMENTE;estais
στενοχωρεῖσθε;4729;traducao;estáis;vós estáis angustiado, estáis em dificuldade, estáis em um lugar estreito;REVISAR MANUALMENTE;estais
στενοχωρεῖσθε;4729;traducao;estáis;vós estáis angustiado, estáis em dificuldade, estáis em um lugar estreito;REVISAR MANUALMENTE;estais
Στεφάνῳ;4736;traducao;estêvão;ao Estêvão;REVISAR MANUALMENTE;Estêvão
Στεφάνῳ;4736;pt;estêvão;ao Estêvão;REVISAR MANUALMENTE;Estêvão
Στεφάνου;4736;traducao;estêvão;do Estêvão;REVISAR MANUALMENTE;Estêvão
Στεφάνου;4736;pt;estêvão;do Estêvão;REVISAR MANUALMENTE;Estêvão
Στοϊκῶν;4770;traducao;estóicos;dos estóicos;REVISAR MANUALMENTE;estóicos
Στοϊκῶν;4770;pt;estóicos;dos estóicos;REVISAR MANUALMENTE;estóicos
συκοφαντήσητε;4811;traducao;extorquais;vós acuseis falsamente, extorquais, fraudeis;REVISAR MANUALMENTE;
Συμεών;4826;pt;simeão;Simeão;Simeão;Simeão
Συμεών;4826;traducao;simeão;Simeão, Simão;Simeão;Simeão
σύμφημι;4852;traducao;reuno;eu reuno, sou lucrativo, sou conveniente.;REVISAR MANUALMENTE;reúno
σύμφημι;4852;pt;reuno;reuno;REVISAR MANUALMENTE;reúno
συναναπαύσωμαι;4875;pt;desçansar;desçansar;REVISAR MANUALMENTE;descansar
συναναπαύσωμαι;4875;traducao;desçansar;desçansar, encontrar desçanso juntos;REVISAR MANUALMENTE;descansar
συναναπαύσωμαι;4875;traducao;desçanso;desçansar, encontrar desçanso juntos;REVISAR MANUALMENTE;descanso
συνέχομαι;4912;traducao;restringo;eu mantenho unido, restringo, obrigo, pressiono;REVISAR MANUALMENTE;restrinjo
συνίστημι;4921;traducao;estabeleco;eu elogio, estabeleco, demonstro, provo, manto unido;REVISAR MANUALMENTE;estabeleço
συνεστήσατε;4921;traducao;mantestes;vós elogiastes, estabelecestes, demonstrastes, provastes, mantestes unido;REVISAR MANUALMENTE;mantivestes
Συντύχην;4941;traducao;síntique;Síntique;REVISAR MANUALMENTE;Síntique
Συντύχην;4941;pt;síntique;Síntique;REVISAR MANUALMENTE;Síntique
Συροφοινίκισσα;4949;traducao;sirofenícia;mulher sirofenícia;REVISAR MANUALMENTE;siro-fenícia
Συροφοινίκισσα;4949;pt;sirofenícia;mulher sirofenícia;REVISAR MANUALMENTE;siro-fenícia
συραφοινίκισσα;4949;traducao;sirofenícia;mulher sirofenícia;REVISAR MANUALMENTE;siro-fenícia
συραφοινίκισσα;4949;pt;sirofenícia;mulher sirofenícia;REVISAR MANUALMENTE;siro-fenícia
Σύρτιν;4950;traducao;sirti;sirti;REVISAR MANUALMENTE;Sirti
Σύρτιν;4950;pt;sirti;sirti;REVISAR MANUALMENTE;Sirti
σύρτην;4950;traducao;sirti;sirti;REVISAR MANUALMENTE;Sirti
σύρτην;4950;pt;sirti;sirti;REVISAR MANUALMENTE;Sirti
Συχὰρ;4965;traducao;sicar;Sicar;REVISAR MANUALMENTE;Sicar
Συχὰρ;4965;pt;sicar;Sicar;REVISAR MANUALMENTE;Sicar
Συχέμ;4966;traducao;siquém;Siquém;REVISAR MANUALMENTE;Siquém
Συχέμ;4966;pt;siquém;Siquém;REVISAR MANUALMENTE;Siquém
Σώπατρος;4986;traducao;sópater;Sópater;REVISAR MANUALMENTE;Sópater
Σώπατρος;4986;pt;sópater;Sópater;REVISAR MANUALMENTE;Sópater
Σωσθένην;4988;traducao;sóstene;Sóstene;REVISAR MANUALMENTE;Sóstenes
Σωσθένην;4988;pt;sóstene;Sóstene;REVISAR MANUALMENTE;Sóstenes
Σωσθένης;4988;traducao;sóstene;Sóstene;REVISAR MANUALMENTE;Sóstenes
Σωσθένης;4988;pt;sóstene;Sóstene;REVISAR MANUALMENTE;Sóstenes
σωσίπατρος;4989;traducao;sosípatro;Sosípatro;REVISAR MANUALMENTE;Sosípatro
σωσίπατρος;4989;pt;sosípatro;Sosípatro;REVISAR MANUALMENTE;Sosípatro
σωφρονήσατε;4993;traducao;autocontrolado;vós tende a mente sã, sede autocontrolado, tende a mente sóbria;REVISAR MANUALMENTE;Tabita
Ταβιθά;5000;traducao;tabito;Tabito;REVISAR MANUALMENTE;Tabita
Ταβιθά;5000;pt;tabito;Tabito;REVISAR MANUALMENTE;Tabita
ταβηθά;5000;traducao;tabito;Tabito;REVISAR MANUALMENTE;Tabita
ταβηθά;5000;pt;tabito;Tabito;REVISAR MANUALMENTE;Tabita
τεράτων;5059;traducao;maravilhos;dos maravilhos;REVISAR MANUALMENTE;maravilhas
τεράτων;5059;pt;maravilhos;dos maravilhos;REVISAR MANUALMENTE;maravilhas
Τερτύλλου;5061;traducao;tértulo;do Tértulo;REVISAR MANUALMENTE;Tértulo
Τερτύλλου;5061;pt;tértulo;do Tértulo;REVISAR MANUALMENTE;Tértulo
Τέρτυλλος;5061;traducao;tértulo;Tértulo;REVISAR MANUALMENTE;Tértulo
Τέρτυλλος;5061;pt;tértulo;Tértulo;REVISAR MANUALMENTE;Tértulo
τεσσαρακονταετῆ;5063;traducao;quarento;quarento anos;REVISAR MANUALMENTE;quarenta
τεσσαρακονταετῆ;5063;pt;quarento;quarento anos;REVISAR MANUALMENTE;quarenta
τεσσαρακονταετὴς;5063;traducao;quarento;quarento anos;REVISAR MANUALMENTE;quarenta
τεσσαρακονταετὴς;5063;pt;quarento;quarento anos;REVISAR MANUALMENTE;quarenta
τετραάρχου;5076;traducao;tetrarco;do tetrarco;REVISAR MANUALMENTE;tetrarca
τετραάρχου;5076;pt;tetrarco;do tetrarco;REVISAR MANUALMENTE;tetrarca
τετράρχου;5076;traducao;tetrarco;do tetrarco;REVISAR MANUALMENTE;tetrarca
τετράρχου;5076;pt;tetrarco;do tetrarco;REVISAR MANUALMENTE;tetrarca
τετηρήκασιν;5083;traducao;manteram;eles(as) manteram, guardaram, observaram, zelaram;REVISAR MANUALMENTE;mantiveram
τετηρήκασιν;5083;pt;manteram;manteram;REVISAR MANUALMENTE;mantiveram
ἐτήρησάς;5083;pt;manteste;manteste;REVISAR MANUALMENTE;mantiveste
τετήρηκας;5083;pt;manteste;manteste;REVISAR MANUALMENTE;mantiveste
ἐτήρησάς;5083;traducao;manteste;tu manteste, guardaste, observaste, zelaste;REVISAR MANUALMENTE;mantiveste
τετήρηκας;5083;traducao;manteste;tu manteste, guardaste, observaste, zelaste;REVISAR MANUALMENTE;mantiveste
Τιβεριάδος;5085;traducao;tiberíades;de Tiberíades;REVISAR MANUALMENTE;Tiberíades
Τιβεριάδος;5085;pt;tiberíades;de Tiberíades;REVISAR MANUALMENTE;Tiberíades
Τιβερίου;5086;traducao;tibério;do Tibério;REVISAR MANUALMENTE;Tibério
Τιβερίου;5086;pt;tibério;do Tibério;REVISAR MANUALMENTE;Tibério
Τιμαίου;5090;traducao;timeu;do Timeu;REVISAR MANUALMENTE;Timeu
Τιμαίου;5090;pt;timeu;do Timeu;REVISAR MANUALMENTE;Timeu
Τιμοθέῳ;5095;traducao;timóteo;ao Timóteo;Timóteo;Timóteo
Τιμοθέῳ;5095;pt;timóteo;ao Timóteo;Timóteo;Timóteo
Τιμοθέου;5095;traducao;timóteo;do Timóteo;Timóteo;Timóteo
Τιμοθέου;5095;pt;timóteo;do Timóteo;Timóteo;Timóteo
τιμοθεος;5095;traducao;timóteo;Timóteo;Timóteo;Timóteo
τιμοθεος;5095;pt;timóteo;Timóteo;Timóteo;Timóteo
Τιμόθεον;5095;traducao;timóteo;Timóteo;Timóteo;Timóteo
Τιμόθεον;5095;pt;timóteo;Timóteo;Timóteo;Timóteo
Τιμόθεε;5095;traducao;timóteo;Timóteo;Timóteo;Timóteo
Τιμόθεε;5095;pt;timóteo;Timóteo;Timóteo;Timóteo
τραπεζίταις;5133;traducao;doladores;aos doladores de dinheiro;REVISAR MANUALMENTE;
τραπεζίταις;5133;pt;doladores;aos doladores de dinheiro;REVISAR MANUALMENTE;
τετραχηλισμένα;5136;traducao;expido;tendo se desnudado, tendo se expido;REVISAR MANUALMENTE;exposto
Τραχωνίτιδος;5139;traducao;traconite;da traconite;REVISAR MANUALMENTE;Traconites
Τραχωνίτιδος;5139;pt;traconite;da traconite;REVISAR MANUALMENTE;Traconites
τρέφηται;5142;traducao;educe;ele(a) nutra, alimente, educe;REVISAR MANUALMENTE;eduque
τρίζει;5149;traducao;moe;ele(a) range, moe;REVISAR MANUALMENTE;mói
Τρόφιμον;5161;traducao;trófimo;Trófimo;REVISAR MANUALMENTE;Trófimo
Τρόφιμον;5161;pt;trófimo;Trófimo;REVISAR MANUALMENTE;Trófimo
Τρόφιμος;5161;traducao;trófimo;Trófimo;REVISAR MANUALMENTE;Trófimo
Τρόφιμος;5161;pt;trófimo;Trófimo;REVISAR MANUALMENTE;Trófimo
Τρῳάδι;5174;traducao;trôade;à Trôade;REVISAR MANUALMENTE;Trôade
Τρῳάδι;5174;pt;trôade;à Trôade;REVISAR MANUALMENTE;Trôade
Τρῳάδος;5174;traducao;trôade;da Trôade;REVISAR MANUALMENTE;Trôade
Τρῳάδος;5174;pt;trôade;da Trôade;REVISAR MANUALMENTE;Trôade
Τρῳάδα;5174;traducao;trôade;Trôade;REVISAR MANUALMENTE;Trôade
Τρῳάδα;5174;pt;trôade;Trôade;REVISAR MANUALMENTE;Trôade
Τύχικος;5190;traducao;tíquico;Tíquico;REVISAR MANUALMENTE;Tíquico
Τύχικος;5190;pt;tíquico;Tíquico;REVISAR MANUALMENTE;Tíquico
Τύχικον;5190;traducao;tíquico;Tíquico;REVISAR MANUALMENTE;Tíquico
Τύχικον;5190;pt;tíquico;Tíquico;REVISAR MANUALMENTE;Tíquico
ὑδρωπικὸς;5203;traducao;hidropisical;hidropisical;REVISAR MANUALMENTE;hidrópico
ὑδρωπικὸς;5203;pt;hidropisical;hidropisical;REVISAR MANUALMENTE;hidrópico
ὑποκριτῶν;5273;traducao;hipócritos;dos hipócritos;REVISAR MANUALMENTE;hipócritas
ὑποκριτῶν;5273;pt;hipócritos;dos hipócritos;REVISAR MANUALMENTE;hipócritas
ὑποκριτά;5273;traducao;hipócrito;hipócrito;REVISAR MANUALMENTE;hipócrita
ὑποκριτά;5273;pt;hipócrito;hipócrito;REVISAR MANUALMENTE;hipócrita
ὑπέθηκαν;5294;traducao;properam;eles(as) estabeleceram, sugeriram, properam, definiram antes;REVISAR MANUALMENTE;propuseram
ὑπωπιάζῃ;5299;pt;atace;atace sob os olhos;REVISAR MANUALMENTE;ataque
ὑποπιάζῃ;5299;pt;atace;atace sob os olhos;REVISAR MANUALMENTE;ataque
ὑποπιάζῃ;5299;traducao;esbofetee;ele(a) ataque sob os olhos, esbofetee, discipline;REVISAR MANUALMENTE;esbofeteie
Φάλεκ;5317;traducao;pelegue;Pelegue;REVISAR MANUALMENTE;Pelegue
Φάλεκ;5317;pt;pelegue;Pelegue;REVISAR MANUALMENTE;Pelegue
φάλεγ;5317;traducao;pelegue;Pelegue;REVISAR MANUALMENTE;Pelegue
φάλεγ;5317;pt;pelegue;Pelegue;REVISAR MANUALMENTE;Pelegue
Φανουήλ;5323;traducao;fanuel;Fanuel;REVISAR MANUALMENTE;Fanuel
Φανουήλ;5323;pt;fanuel;Fanuel;REVISAR MANUALMENTE;Fanuel
Φήλικι;5344;traducao;félix;ao Félix;REVISAR MANUALMENTE;Félix
Φήλικι;5344;pt;félix;ao Félix;REVISAR MANUALMENTE;Félix
Φήλικος;5344;traducao;félix;do Félix;REVISAR MANUALMENTE;Félix
Φήλικος;5344;pt;félix;do Félix;REVISAR MANUALMENTE;Félix
Φῆλιξ;5344;traducao;félix;Félix;REVISAR MANUALMENTE;Félix
Φῆλιξ;5344;pt;félix;Félix;REVISAR MANUALMENTE;Félix
Φήλικα;5344;traducao;félix;Félix;REVISAR MANUALMENTE;Félix
Φήλικα;5344;pt;félix;Félix;REVISAR MANUALMENTE;Félix
φθείρονται;5351;pt;destróem;destróem;REVISAR MANUALMENTE;destroem
φθείρουσιν;5351;pt;destróem;destróem;REVISAR MANUALMENTE;destroem
φθείρονται;5351;traducao;destróem;eles(as) destróem, corrompem, estragam;REVISAR MANUALMENTE;destroem
φθείρουσιν;5351;traducao;destróem;eles(as) destróem, corrompem, estragam;REVISAR MANUALMENTE;destroem
Φιλαδελφείᾳ;5359;traducao;filadélfia;à Filadélfia;REVISAR MANUALMENTE;Filadélfia
Φιλαδελφείᾳ;5359;pt;filadélfia;à Filadélfia;REVISAR MANUALMENTE;Filadélfia
Φιλαδέλφειαν;5359;traducao;filadélfia;Filadélfia;REVISAR MANUALMENTE;Filadélfia
Φιλαδέλφειαν;5359;pt;filadélfia;Filadélfia;REVISAR MANUALMENTE;Filadélfia
Φιλήμονι;5371;traducao;filemom;ao Filemom;REVISAR MANUALMENTE;Filemon
Φιλήμονι;5371;pt;filemom;ao Filemom;REVISAR MANUALMENTE;Filemon
Φιλίπποις;5375;traducao;filipos;aos Filipos;REVISAR MANUALMENTE;Filipos
Φιλίπποις;5375;pt;filipos;aos Filipos;REVISAR MANUALMENTE;Filipos
Φιλίππων;5375;traducao;filipos;de Filipos;REVISAR MANUALMENTE;Filipos
Φιλίππων;5375;pt;filipos;de Filipos;REVISAR MANUALMENTE;Filipos
Φιλίππους;5375;traducao;filipos;Filipos;REVISAR MANUALMENTE;Filipos
Φιλίππους;5375;pt;filipos;Filipos;REVISAR MANUALMENTE;Filipos
φλέγοντα;5393;traducao;flégon;flégon;REVISAR MANUALMENTE;Flegon
φλέγοντα;5393;pt;flégon;flégon;REVISAR MANUALMENTE;Flegon
φοίβην;5402;traducao;febe;Febe;REVISAR MANUALMENTE;Febe
φοίβην;5402;pt;febe;Febe;REVISAR MANUALMENTE;Febe
φρόνημα;5427;traducao;mindset;mindset;REVISAR MANUALMENTE;pensamento
φρόνημα;5427;pt;mindset;mindset;REVISAR MANUALMENTE;pensamento
Χαναὰν;5477;traducao;canaã;Canaã;REVISAR MANUALMENTE;Canaã
Χαναὰν;5477;pt;canaã;Canaã;REVISAR MANUALMENTE;Canaã
χάρακά;5482;traducao;paliçado;paliçado;REVISAR MANUALMENTE;estaca
χάρακά;5482;pt;paliçado;paliçado;REVISAR MANUALMENTE;estaca
Χαρράν;5488;traducao;harã;Harã;REVISAR MANUALMENTE;Harã
Χαρράν;5488;pt;harã;Harã;REVISAR MANUALMENTE;Harã
Χερουβὶν;5502;traducao;querubin;querubin;REVISAR MANUALMENTE;querubim
Χερουβὶν;5502;pt;querubin;querubin;REVISAR MANUALMENTE;querubim
χερουβὶμ;5502;traducao;querubin;querubin;REVISAR MANUALMENTE;querubim
χερουβὶμ;5502;pt;querubin;querubin;REVISAR MANUALMENTE;querubim
χιλιάσιν;5505;traducao;mis;às mis;REVISAR MANUALMENTE;mil
χιλιάσιν;5505;pt;mis;às mis;REVISAR MANUALMENTE;mil
χιλίων;5507;traducao;mis;dos mis;REVISAR MANUALMENTE;mil
χιλίων;5507;pt;mis;dos mis;REVISAR MANUALMENTE;mil
χιλίας;5507;traducao;mis;mis;REVISAR MANUALMENTE;mil
χιλίας;5507;pt;mis;mis;REVISAR MANUALMENTE;mil
Χλόης;5514;traducao;chloe;da Chloe;REVISAR MANUALMENTE;Chloe
Χλόης;5514;pt;chloe;da Chloe;REVISAR MANUALMENTE;Chloe
Χοραζίν;5523;traducao;corazino;corazino;REVISAR MANUALMENTE;Corazin
Χοραζίν;5523;pt;corazino;corazino;REVISAR MANUALMENTE;Corazin
χορηγήσαι;5524;traducao;forneca;ele(a) forneca;REVISAR MANUALMENTE;forneça
χορηγήσαι;5524;pt;forneca;forneca;REVISAR MANUALMENTE;forneça
Χουζᾶ;5529;traducao;cuza;de Cuza;REVISAR MANUALMENTE;Cuza
Χουζᾶ;5529;pt;cuza;de Cuza;REVISAR MANUALMENTE;Cuza
ψαλλέτω;5567;traducao;toce;ele(a) cante, faça melodia, toce instrumento de cordas.;REVISAR MANUALMENTE;toque
ψιχίων;5589;traducao;migalhos;dos migalhos;REVISAR MANUALMENTE;migalhas
ψιχίων;5589;pt;migalhos;dos migalhos;REVISAR MANUALMENTE;migalhas
Ἰωβὴδ;5601;traducao;obede;Obede;REVISAR MANUALMENTE;Obede
Ἰωβὴδ;5601;pt;obede;Obede;REVISAR MANUALMENTE;Obede
Ὠβὴδ;5601;traducao;obede;Obede;REVISAR MANUALMENTE;Obede
Ὠβὴδ;5601;pt;obede;Obede;REVISAR MANUALMENTE;Obede
ὡσηὲ;5617;traducao;oséio;oséio;REVISAR MANUALMENTE;Oséias
ὡσηὲ;5617;pt;oséio;oséio;REVISAR MANUALMENTE;Oséias