forma_grega,strongs,abrev_morf,morfologia,pt,traducao,tipo,prioridade,achado,sugestao
ἀποκριθεὶς,611,V-APP-NMS,Verbo - Aoristo Particípio Passiva - Nominativo Masculino Singular,tendo respondido,tendo respondido,passiva_a_confirmar,revisar,"'V-APP-NMS' é passiva, mas a passiva não está explícita em 'tendo respondido'.","Confirmar se a glossa pretende particípio isolado, adjetivo verbal ou construção passiva completa."
γενέσθαι,1096,V-PNM/P,Verbo - Presente Infinitivo Média ou Passiva,acontecer,"vir a ser, tornar-se, acontecer",media_passiva_ambigua,revisar,'V-PNM/P' é média ou passiva e 'pt' é infinitivo ativo: 'acontecer'.,"Decidir pelo contexto entre leitura média/reflexiva, passiva ou ativa idiomática; não corrigir automaticamente."
πληρωθῇ,4137,V-ASP-3S,Verbo - Aoristo Subjuntivo Passiva - 3ª Pessoa Singular,fosse cumprido,"ele(a) fosse completado, seja enchido, seja preenchido, seja satisfeito, seja terminado, seja cumprido",passiva_a_confirmar,revisar,"'V-ASP-3S' é passiva, mas a passiva não está explícita em 'fosse cumprido'.","Confirmar se a glossa pretende particípio isolado, adjetivo verbal ou construção passiva completa."
πορευθέντες,4198,V-APP-NMP,Verbo - Aoristo Particípio Passiva - Nominativo Masculino Plural,indo,"tendo ido, tendo movido, tendo partido",passiva_a_confirmar,revisar,"'V-APP-NMP' é passiva, mas a passiva não está explícita em 'indo'.","Confirmar se a glossa pretende particípio isolado, adjetivo verbal ou construção passiva completa."
ἐφοβήθησαν,5399,V-AIP-3P,Verbo - Aoristo Indicativo Passiva - 3ª Pessoa Plural,temeram,"eles(as) temeram, ficaram alarmados",passiva_a_confirmar,revisar,"'V-AIP-3P' é passiva, mas a passiva não está explícita em 'temeram'.","Confirmar se a glossa pretende particípio isolado, adjetivo verbal ou construção passiva completa."
ἐπλήσθησαν,4130,V-AIP-3P,Verbo - Aoristo Indicativo Passiva - 3ª Pessoa Plural,foram multiplicado,"eles(as) foram multiplicado, foram aumentado, foram abundado",concordancia_participio,alta,Auxiliar plural com particípio aparentemente singular: 'foram multiplicado'.,Revisar o número do particípio; provável forma plural terminada em '-s'.
φοβεῖσθε,5399,V-ASP-2P,Verbo - Aoristo Subjuntivo Passiva - 2ª Pessoa Plural,temais,que vós temais,passiva_a_confirmar,revisar,"'V-ASP-2P' é passiva, mas a passiva não está explícita em 'temais'.","Confirmar se a glossa pretende particípio isolado, adjetivo verbal ou construção passiva completa."
βαπτισθῆναι,907,V-ANP,Verbo - Aoristo Infinitivo Passiva,ser submerso,"ser submerso, ser batizado",passiva_a_confirmar,revisar,"'V-ANP' é passiva, mas a passiva não está explícita em 'ser submerso'.","Confirmar se a glossa pretende particípio isolado, adjetivo verbal ou construção passiva completa."
ἔρχεσθαι,2064,V-PNM/P,Verbo - Presente Infinitivo Média ou Passiva,vir,"vir, ir",media_passiva_ambigua,revisar,'V-PNM/P' é média ou passiva e 'pt' é infinitivo ativo: 'vir'.,"Decidir pelo contexto entre leitura média/reflexiva, passiva ou ativa idiomática; não corrigir automaticamente."
ἐξηράνθη,3583,V-AIP-3S,Verbo - Aoristo Indicativo Passiva - 3ª Pessoa Singular,secou,"ele(a) secou, murchou",passiva_a_confirmar,revisar,"'V-AIP-3S' é passiva, mas a passiva não está explícita em 'secou'.","Confirmar se a glossa pretende particípio isolado, adjetivo verbal ou construção passiva completa."
σωθῆναι,4982,V-ANP,Verbo - Aoristo Infinitivo Passiva,salvar,salvar,passiva_sem_marca,alta,"'V-ANP' é passiva, mas 'pt' está em infinitivo ativo: 'salvar'.",Revisar para 'ser + particípio' ou outra solução passiva adequada.
δύνασθαι,1410,V-PNM/P,Verbo - Presente Infinitivo Média ou Passiva,poder,"poder, ser capaz, conseguir",media_passiva_ambigua,revisar,'V-PNM/P' é média ou passiva e 'pt' é infinitivo ativo: 'poder'.,"Decidir pelo contexto entre leitura média/reflexiva, passiva ou ativa idiomática; não corrigir automaticamente."
πορευθεὶς,4198,V-APP-NMS,Verbo - Aoristo Particípio Passiva - Nominativo Masculino Singular,indo,"tendo ido, tendo sido movido, tendo partido",passiva_a_confirmar,revisar,"'V-APP-NMS' é passiva, mas a passiva não está explícita em 'indo'.","Confirmar se a glossa pretende particípio isolado, adjetivo verbal ou construção passiva completa."
ἀποκριθέντες,611,V-APP-NMP,Verbo - Aoristo Particípio Passiva - Nominativo Masculino Plural,tendo respondido,tendo respondido,passiva_a_confirmar,revisar,"'V-APP-NMP' é passiva, mas a passiva não está explícita em 'tendo respondido'.","Confirmar se a glossa pretende particípio isolado, adjetivo verbal ou construção passiva completa."
δοθεῖσάν,1325,V-APP-AFS,Verbo - Aoristo Particípio Passiva - Acusativo Feminino Singular,tendo dado,tendo dado,passiva_a_confirmar,revisar,"'V-APP-AFS' é passiva, mas a passiva não está explícita em 'tendo dado'.","Confirmar se a glossa pretende particípio isolado, adjetivo verbal ou construção passiva completa."
φοβήθητε,5399,V-AMP-2P,Verbo - Aoristo Imperativo Passiva - 2ª Pessoa Plural,temei,"vós temei, reverenciai",passiva_a_confirmar,revisar,"'V-AMP-2P' é passiva, mas a passiva não está explícita em 'temei'.","Confirmar se a glossa pretende particípio isolado, adjetivo verbal ou construção passiva completa."
ἀφιέναι,863,V-ANP,Verbo - Aoristo Infinitivo Passiva,perdoar,"ser perdoado(a), cancelado(a), despedido(a)",passiva_sem_marca,alta,"'V-ANP' é passiva, mas 'pt' está em infinitivo ativo: 'perdoar'.",Revisar para 'ser + particípio' ou outra solução passiva adequada.
ἐγενήθησάν,1096,V-AIP-3P,Verbo - Aoristo Indicativo Passiva - 3ª Pessoa Plural,ocorreram,"eles(as) foram tornados, foram acontecidos",passiva_a_confirmar,revisar,"'V-AIP-3P' é passiva, mas a passiva não está explícita em 'ocorreram'.","Confirmar se a glossa pretende particípio isolado, adjetivo verbal ou construção passiva completa."
ἐργάζεσθαι,2038,V-PNM/P,Verbo - Presente Infinitivo Média ou Passiva,realizar,"realizar, labutar, executar, praticar",media_passiva_ambigua,revisar,'V-PNM/P' é média ou passiva e 'pt' é infinitivo ativo: 'realizar'.,"Decidir pelo contexto entre leitura média/reflexiva, passiva ou ativa idiomática; não corrigir automaticamente."
σταθεὶς,2476,V-APP-NMS,Verbo - Aoristo Particípio Passiva - Nominativo Masculino Singular,tendo posicionado,"tendo posicionado, tendo estado de pé, tendo parado, tendo estabelecido",passiva_a_confirmar,revisar,"'V-APP-NMS' é passiva, mas a passiva não está explícita em 'tendo posicionado'.","Confirmar se a glossa pretende particípio isolado, adjetivo verbal ou construção passiva completa."
ἐλυπήθη,3076,V-AIP-3S,Verbo - Aoristo Indicativo Passiva - 3ª Pessoa Singular,ficou angustiado,ele(a) ficou angustiado,passiva_a_confirmar,revisar,"'V-AIP-3S' é passiva, mas a passiva não está explícita em 'ficou angustiado'.","Confirmar se a glossa pretende particípio isolado, adjetivo verbal ou construção passiva completa."
προσεύχεσθαι,4336,V-PNM/P,Verbo - Presente Infinitivo Média ou Passiva,orar,"orar, suplicar",media_passiva_ambigua,revisar,'V-PNM/P' é média ou passiva e 'pt' é infinitivo ativo: 'orar'.,"Decidir pelo contexto entre leitura média/reflexiva, passiva ou ativa idiomática; não corrigir automaticamente."
ἐσπλαγχνίσθη,4697,V-AIP-3S,Verbo - Aoristo Indicativo Passiva - 3ª Pessoa Singular,teve compaixão,"ele(a) teve compaixão, foi movido pela compaixão",passiva_a_confirmar,revisar,"'V-AIP-3S' é passiva, mas a passiva não está explícita em 'teve compaixão'.","Confirmar se a glossa pretende particípio isolado, adjetivo verbal ou construção passiva completa."
δοθῆναι,1325,V-ANP,Verbo - Aoristo Infinitivo Passiva,ser dado,ser dado,passiva_a_confirmar,revisar,"'V-ANP' é passiva, mas a passiva não está explícita em 'ser dado'.","Confirmar se a glossa pretende particípio isolado, adjetivo verbal ou construção passiva completa."
ἐγερθῆναί,1453,V-ANP,Verbo - Aoristo Infinitivo Passiva,levantar,"levantar, despertar",passiva_sem_marca,alta,"'V-ANP' é passiva, mas 'pt' está em infinitivo ativo: 'levantar'.",Revisar para 'ser + particípio' ou outra solução passiva adequada.
σταθήσεται,2476,V-FIP-3S,Verbo - Futuro Indicativo Passiva - 3ª Pessoa Singular,ficará de pé,"ele(a) será posicionado(a), ficará de pé, será estabelecido(a)",passiva_a_confirmar,revisar,"'V-FIP-3S' é passiva, mas a passiva não está explícita em 'ficará de pé'.","Confirmar se a glossa pretende particípio isolado, adjetivo verbal ou construção passiva completa."
ἐφοβήθη,5399,V-AIP-3S,Verbo - Aoristo Indicativo Passiva - 3ª Pessoa Singular,temeu,"ele(a) foi temido, foi ficado alarmado, foi reverenciado",passiva_a_confirmar,revisar,"'V-AIP-3S' é passiva, mas a passiva não está explícita em 'temeu'.","Confirmar se a glossa pretende particípio isolado, adjetivo verbal ou construção passiva completa."
ἀχθῆναι,71,V-ANP,Verbo - Aoristo Infinitivo Passiva,levar,"levar, conduzir, trazer",passiva_sem_marca,alta,"'V-ANP' é passiva, mas 'pt' está em infinitivo ativo: 'levar'.",Revisar para 'ser + particípio' ou outra solução passiva adequada.
ἀποκαλυφθῆναι,601,V-ANP,Verbo - Aoristo Infinitivo Passiva,ser revelado(a),"ser revelado(a), descoberto(a)",passiva_a_confirmar,revisar,"'V-ANP' é passiva, mas a passiva não está explícita em 'ser revelado(a)'.","Confirmar se a glossa pretende particípio isolado, adjetivo verbal ou construção passiva completa."
βληθῆναι,906,V-ANP,Verbo - Aoristo Infinitivo Passiva,ser lançado(a),"ser lançado, colocado, deitado",passiva_a_confirmar,revisar,"'V-ANP' é passiva, mas a passiva não está explícita em 'ser lançado(a)'.","Confirmar se a glossa pretende particípio isolado, adjetivo verbal ou construção passiva completa."
ἐγερθήσονται,1453,V-FIP-3P,Verbo - Futuro Indicativo Passiva - 3ª Pessoa Plural,serão levantado,"eles(as) serão levantado, serão despertado",concordancia_participio,alta,Auxiliar plural com particípio aparentemente singular: 'serão levantado'.,Revisar o número do particípio; provável forma plural terminada em '-s'.
πορεύθητι,4198,V-AMP-2S,Verbo - Aoristo Imperativo Passiva - 2ª Pessoa Singular,vai,"tu vai, move-te, parte",passiva_a_confirmar,revisar,"'V-AMP-2S' é passiva, mas a passiva não está explícita em 'vai'.","Confirmar se a glossa pretende particípio isolado, adjetivo verbal ou construção passiva completa."
ἀναχθέντες,321,V-APP-NMP,Verbo - Aoristo Particípio Passiva - Nominativo Masculino Plural,tendo conduzido,tendo conduzido,passiva_a_confirmar,revisar,"'V-APP-NMP' é passiva, mas a passiva não está explícita em 'tendo conduzido'.","Confirmar se a glossa pretende particípio isolado, adjetivo verbal ou construção passiva completa."
ἀποδοκιμασθῆναι,593,V-ANP,Verbo - Aoristo Infinitivo Passiva,rejeitar,"rejeitar, desaprovar, repudiar",passiva_sem_marca,alta,"'V-ANP' é passiva, mas 'pt' está em infinitivo ativo: 'rejeitar'.",Revisar para 'ser + particípio' ou outra solução passiva adequada.
ἀποκρίθητέ,611,V-AMP-2P,Verbo - Aoristo Imperativo Passiva - 2ª Pessoa Plural,respondei,vós respondei,passiva_a_confirmar,revisar,"'V-AMP-2P' é passiva, mas a passiva não está explícita em 'respondei'.","Confirmar se a glossa pretende particípio isolado, adjetivo verbal ou construção passiva completa."
γεννηθεὶς,1080,V-APP-NMS,Verbo - Aoristo Particípio Passiva - Nominativo Masculino Singular,tendo gerado,"tendo gerado, tendo dado à luz, tendo produzido.",passiva_a_confirmar,revisar,"'V-APP-NMS' é passiva, mas a passiva não está explícita em 'tendo gerado'.","Confirmar se a glossa pretende particípio isolado, adjetivo verbal ou construção passiva completa."
γεννηθῆναι,1080,V-ANP,Verbo - Aoristo Infinitivo Passiva,gerar,"gerar, dar à luz, produzir.",passiva_sem_marca,alta,"'V-ANP' é passiva, mas 'pt' está em infinitivo ativo: 'gerar'.",Revisar para 'ser + particípio' ou outra solução passiva adequada.
δεήθητε,1189,V-AMP-2P,Verbo - Aoristo Imperativo Passiva - 2ª Pessoa Plural,suplicai,"suplicai vós, implorai",passiva_a_confirmar,revisar,"'V-AMP-2P' é passiva, mas a passiva não está explícita em 'suplicai'.","Confirmar se a glossa pretende particípio isolado, adjetivo verbal ou construção passiva completa."
δοθείσης,1325,V-APP-GFS,Verbo - Aoristo Particípio Passiva - Genitivo Feminino Singular,tendo dado,tendo dado,passiva_a_confirmar,revisar,"'V-APP-GFS' é passiva, mas a passiva não está explícita em 'tendo dado'.","Confirmar se a glossa pretende particípio isolado, adjetivo verbal ou construção passiva completa."
ἠδυνήθησαν,1410,V-AIP-3P,Verbo - Aoristo Indicativo Passiva - 3ª Pessoa Plural,foram podido,"eles(as) foram podido, foram sido capaz, foram conseguido",concordancia_participio,alta,Auxiliar plural com particípio aparentemente singular: 'foram podido'.,Revisar o número do particípio; provável forma plural terminada em '-s'.
καθαρίσθητι,2511,V-AMP-2S,Verbo - Aoristo Imperativo Passiva - 2ª Pessoa Singular,sê limpo,"tu sê limpo, purificado",passiva_a_confirmar,revisar,"'V-AMP-2S' é passiva, mas a passiva não está explícita em 'sê limpo'.","Confirmar se a glossa pretende particípio isolado, adjetivo verbal ou construção passiva completa."
κληθῆναι,2564,V-ANP,Verbo - Aoristo Infinitivo Passiva,ser chamado,"ser chamado, ser nomeado",passiva_a_confirmar,revisar,"'V-ANP' é passiva, mas a passiva não está explícita em 'ser chamado'.","Confirmar se a glossa pretende particípio isolado, adjetivo verbal ou construção passiva completa."
κριθῆναι,2919,V-ANP,Verbo - Aoristo Infinitivo Passiva,ser julgado,"ser julgado, ser condenado, ser punido",passiva_a_confirmar,revisar,"'V-ANP' é passiva, mas a passiva não está explícita em 'ser julgado'.","Confirmar se a glossa pretende particípio isolado, adjetivo verbal ou construção passiva completa."
λυθῆναι,3089,V-ANP,Verbo - Aoristo Infinitivo Passiva,ser solto,"ser solto, liberado, dissolvido, quebrado, destruído",passiva_a_confirmar,revisar,"'V-ANP' é passiva, mas a passiva não está explícita em 'ser solto'.","Confirmar se a glossa pretende particípio isolado, adjetivo verbal ou construção passiva completa."
μνησθῆναι,3403,V-ANP,Verbo - Aoristo Infinitivo Passiva,ser lembrado(a),"lembrar, estar atento",passiva_a_confirmar,revisar,"'V-ANP' é passiva, mas a passiva não está explícita em 'ser lembrado(a)'.","Confirmar se a glossa pretende particípio isolado, adjetivo verbal ou construção passiva completa."
ὠργίσθη,3710,V-AIP-3S,Verbo - Aoristo Indicativo Passiva - 3ª Pessoa Singular,estava com raiva,"ele(a) estava com raiva, foi provocado a raiva",passiva_a_confirmar,revisar,"'V-AIP-3S' é passiva, mas a passiva não está explícita em 'estava com raiva'.","Confirmar se a glossa pretende particípio isolado, adjetivo verbal ou construção passiva completa."
περιτέμνεσθαι,4059,V-PNP,Verbo - Presente Infinitivo Passiva,circuncidar,circuncidar,passiva_sem_marca,alta,"'V-PNP' é passiva, mas 'pt' está em infinitivo ativo: 'circuncidar'.",Revisar para 'ser + particípio' ou outra solução passiva adequada.
πραθῆναι,4097,V-ANP,Verbo - Aoristo Infinitivo Passiva,ser vendido,"vender, ser vendido",passiva_a_confirmar,revisar,"'V-ANP' é passiva, mas a passiva não está explícita em 'ser vendido'.","Confirmar se a glossa pretende particípio isolado, adjetivo verbal ou construção passiva completa."
σκανδαλισθήσονται,4624,V-FIP-3P,Verbo - Futuro Indicativo Passiva - 3ª Pessoa Plural,tropeçarão,"eles(as) tropeçarão, serão ofendidos, se escandalizarão",passiva_a_confirmar,revisar,"'V-FIP-3P' é passiva, mas a passiva não está explícita em 'tropeçarão'.","Confirmar se a glossa pretende particípio isolado, adjetivo verbal ou construção passiva completa."
σταυρωθῆναι,4717,V-ANP,Verbo - Aoristo Infinitivo Passiva,crucificar,"ser crucificado, pendurado numa cruz ou estaca",passiva_sem_marca,alta,"'V-ANP' é passiva, mas 'pt' está em infinitivo ativo: 'crucificar'.",Revisar para 'ser + particípio' ou outra solução passiva adequada.
ὑστερεῖσθαι,5302,V-PNM/P,Verbo - Presente Infinitivo Média ou Passiva,faltar,"faltar, ficar aquém, estar necessitado, falhar.",media_passiva_ambigua,revisar,'V-PNM/P' é média ou passiva e 'pt' é infinitivo ativo: 'faltar'.,"Decidir pelo contexto entre leitura média/reflexiva, passiva ou ativa idiomática; não corrigir automaticamente."
φοβηθεὶς,5399,V-APP-NMS,Verbo - Aoristo Particípio Passiva - Nominativo Masculino Singular,tendo temido,"tendo temido, tendo ficado alarmado, tendo reverenciado",passiva_a_confirmar,revisar,"'V-APP-NMS' é passiva, mas a passiva não está explícita em 'tendo temido'.","Confirmar se a glossa pretende particípio isolado, adjetivo verbal ou construção passiva completa."
χορτασθῆναι,5526,V-ANP,Verbo - Aoristo Infinitivo Passiva,ser alimentado(a),"ser alimentado(a), preenchido(a), satisfeito(a)",passiva_a_confirmar,revisar,"'V-ANP' é passiva, mas a passiva não está explícita em 'ser alimentado(a)'.","Confirmar se a glossa pretende particípio isolado, adjetivo verbal ou construção passiva completa."
ἀλλαγησόμεθα,236,V-FIP-1P,Verbo - Futuro Indicativo Passiva - 1ª Pessoa Plural,seremos mudado,"nós seremos mudado, seremos trocado, seremos transformado",concordancia_participio,alta,Auxiliar plural com particípio aparentemente singular: 'seremos mudado'.,Revisar o número do particípio; provável forma plural terminada em '-s'.
ἀνάγεσθαι,321,V-PNM/P,Verbo - Presente Infinitivo Média ou Passiva,conduzir,conduzir,media_passiva_ambigua,revisar,'V-PNM/P' é média ou passiva e 'pt' é infinitivo ativo: 'conduzir'.,"Decidir pelo contexto entre leitura média/reflexiva, passiva ou ativa idiomática; não corrigir automaticamente."
ἀναχθῆναι,321,V-ANP,Verbo - Aoristo Infinitivo Passiva,conduzir,conduzir,passiva_sem_marca,alta,"'V-ANP' é passiva, mas 'pt' está em infinitivo ativo: 'conduzir'.",Revisar para 'ser + particípio' ou outra solução passiva adequada.
ἀναιρεθῆναι,337,V-ANP,Verbo - Aoristo Infinitivo Passiva,tomar,"tomar, matar, abolir, destruir",passiva_sem_marca,alta,"'V-ANP' é passiva, mas 'pt' está em infinitivo ativo: 'tomar'.",Revisar para 'ser + particípio' ou outra solução passiva adequada.
ἀναστρέφεσθαι,390,V-PNM/P,Verbo - Presente Infinitivo Média ou Passiva,conduzir,"conduzir, viver, comportar, voltar, derrubar.",media_passiva_ambigua,revisar,'V-PNM/P' é média ou passiva e 'pt' é infinitivo ativo: 'conduzir'.,"Decidir pelo contexto entre leitura média/reflexiva, passiva ou ativa idiomática; não corrigir automaticamente."
ἀνεστράφημέν,390,V-AIP-1P,Verbo - Aoristo Indicativo Passiva - 1ª Pessoa Plural,fomos conduzido,"nós fomos conduzido, fomos vivido, fomos comportado, fomos voltado, fomos derrubado.",concordancia_participio,alta,Auxiliar plural com particípio aparentemente singular: 'fomos conduzido'.,Revisar o número do particípio; provável forma plural terminada em '-s'.
ἀποδοθῆναι,591,V-ANP,Verbo - Aoristo Infinitivo Passiva,retribuir,"retribuir, devolver, render",passiva_sem_marca,alta,"'V-ANP' é passiva, mas 'pt' está em infinitivo ativo: 'retribuir'.",Revisar para 'ser + particípio' ou outra solução passiva adequada.
ἀπολογεῖσθαι,626,V-PNM/P,Verbo - Presente Infinitivo Média ou Passiva,defender,"defender, fazer uma defesa, prestar contas",media_passiva_ambigua,revisar,'V-PNM/P' é média ou passiva e 'pt' é infinitivo ativo: 'defender'.,"Decidir pelo contexto entre leitura média/reflexiva, passiva ou ativa idiomática; não corrigir automaticamente."
βούλεται,1014,V-PIM/P-3S,Verbo - Presente Indicativo Média ou Passiva - 3ª Pessoa Singular,quer,"ele(a) quer, deseja, tem intenção",media_passiva_ambigua,revisar,'V-PIM/P-3S' é média ou passiva e 'pt' é infinitivo ativo: 'quer'.,"Decidir pelo contexto entre leitura média/reflexiva, passiva ou ativa idiomática; não corrigir automaticamente."
δαιμονισθείς,1139,V-APP-NMS,Verbo - Aoristo Particípio Passiva - Nominativo Masculino Singular,tendo estado endemoniado,"tendo sido estado possuído por um demônio, tendo sido estado sob o poder de um demônio.",passiva_a_confirmar,revisar,"'V-APP-NMS' é passiva, mas a passiva não está explícita em 'tendo estado endemoniado'.","Confirmar se a glossa pretende particípio isolado, adjetivo verbal ou construção passiva completa."
δεθῆναι,1210,V-ANP,Verbo - Aoristo Infinitivo Passiva,amarrar,"amarrar, prender",passiva_sem_marca,alta,"'V-ANP' é passiva, mas 'pt' está em infinitivo ativo: 'amarrar'.",Revisar para 'ser + particípio' ou outra solução passiva adequada.
διακονηθῆναι,1247,V-ANP,Verbo - Aoristo Infinitivo Passiva,servir,"servir, ministrar, atender",passiva_sem_marca,alta,"'V-ANP' é passiva, mas 'pt' está em infinitivo ativo: 'servir'.",Revisar para 'ser + particípio' ou outra solução passiva adequada.
διασκορπισθήσονται,1287,V-FIP-3P,Verbo - Futuro Indicativo Passiva - 3ª Pessoa Plural,serão espalhado,"eles(as) serão espalhado, serão dispersado, serão desperdiçado",concordancia_participio,alta,Auxiliar plural com particípio aparentemente singular: 'serão espalhado'.,Revisar o número do particípio; provável forma plural terminada em '-s'.
ἐδόθησαν,1325,V-AIP-3P,Verbo - Aoristo Indicativo Passiva - 3ª Pessoa Plural,foram dado,"eles(as) foram dado, foram concedido, foram doado",concordancia_participio,alta,Auxiliar plural com particípio aparentemente singular: 'foram dado'.,Revisar o número do particípio; provável forma plural terminada em '-s'.
διέρχεσθαι,1330,V-PNM/P,Verbo - Presente Infinitivo Média ou Passiva,passar,"passar, viajar",media_passiva_ambigua,revisar,'V-PNM/P' é média ou passiva e 'pt' é infinitivo ativo: 'passar'.,"Decidir pelo contexto entre leitura média/reflexiva, passiva ou ativa idiomática; não corrigir automaticamente."
δικαιωθῆναι,1344,V-ANP,Verbo - Aoristo Infinitivo Passiva,justificar,"justificar, declarar justo, absolver",passiva_sem_marca,alta,"'V-ANP' é passiva, mas 'pt' está em infinitivo ativo: 'justificar'.",Revisar para 'ser + particípio' ou outra solução passiva adequada.
δικαιωθῶμεν,1344,V-ASP-1P,Verbo - Aoristo Subjuntivo Passiva - 1ª Pessoa Plural,sejamos justificado,"nós sejamos justificado, sejamos declarado justo, sejamos absolvido",concordancia_participio,alta,Auxiliar plural com particípio aparentemente singular: 'sejamos justificado'.,Revisar o número do particípio; provável forma plural terminada em '-s'.
διορυχθῆναι,1358,V-ANP,Verbo - Aoristo Infinitivo Passiva,cavar,"cavar, romper",passiva_sem_marca,alta,"'V-ANP' é passiva, mas 'pt' está em infinitivo ativo: 'cavar'.",Revisar para 'ser + particípio' ou outra solução passiva adequada.
ἠδυνήθημεν,1410,V-AIP-1P,Verbo - Aoristo Indicativo Passiva - 1ª Pessoa Plural,fomos sido capaz,"nós fomos sido capaz, fomos tido poder",concordancia_participio,alta,Auxiliar plural com particípio aparentemente singular: 'fomos sido'.,Revisar o número do particípio; provável forma plural terminada em '-s'.
ἠδυνήθημεν,1410,V-AIP-1P,Verbo - Aoristo Indicativo Passiva - 1ª Pessoa Plural,fomos sido capaz,"nós fomos sido capaz, fomos tido poder",construcao_inadequada,alta,Construção inadequada com 'sido'.,"Reescrever idiomaticamente; por exemplo, 'foram capazes', 'puderam' ou 'seremos capazes', conforme o sentido."
ἠγέρθησαν,1453,V-AIP-3P,Verbo - Aoristo Indicativo Passiva - 3ª Pessoa Plural,foram levantado,"eles(as) foram levantado, foram despertado",concordancia_participio,alta,Auxiliar plural com particípio aparentemente singular: 'foram levantado'.,Revisar o número do particípio; provável forma plural terminada em '-s'.
εἰσάγεσθαι,1521,V-PNM/P,Verbo - Presente Infinitivo Média ou Passiva,trazer,"trazer, liderar, apresentar",media_passiva_ambigua,revisar,'V-PNM/P' é média ou passiva e 'pt' é infinitivo ativo: 'trazer'.,"Decidir pelo contexto entre leitura média/reflexiva, passiva ou ativa idiomática; não corrigir automaticamente."
ἐξεθαμβήθησαν,1568,V-AIP-3P,Verbo - Aoristo Indicativo Passiva - 3ª Pessoa Plural,foram ficado muito surpreso,"eles(as) foram ficado muito surpreso, foram ficado surpreso, foram ficado alarmado",concordancia_participio,alta,Auxiliar plural com particípio aparentemente singular: 'foram ficado'.,Revisar o número do particípio; provável forma plural terminada em '-s'.
ἐξεθαμβήθησαν,1568,V-AIP-3P,Verbo - Aoristo Indicativo Passiva - 3ª Pessoa Plural,foram ficado muito surpreso,"eles(as) foram ficado muito surpreso, foram ficado surpreso, foram ficado alarmado",construcao_inadequada,alta,Construção inadequada com 'ficado'.,"Reescrever; por exemplo, 'ficaram' ou 'tornaram-se'."
ἐκπορεύεσθαι,1607,V-PNM/P,Verbo - Presente Infinitivo Média ou Passiva,sair,"sair, prosseguir",media_passiva_ambigua,revisar,'V-PNM/P' é média ou passiva e 'pt' é infinitivo ativo: 'sair'.,"Decidir pelo contexto entre leitura média/reflexiva, passiva ou ativa idiomática; não corrigir automaticamente."
ἐξετράπησαν,1624,V-AIP-3P,Verbo - Aoristo Indicativo Passiva - 3ª Pessoa Plural,foram desviado,"eles(as) foram desviado, foram evitado",concordancia_participio,alta,Auxiliar plural com particípio aparentemente singular: 'foram desviado'.,Revisar o número do particípio; provável forma plural terminada em '-s'.
ἐνευλογηθήσονται,1757,V-FIP-3P,Verbo - Futuro Indicativo Passiva - 3ª Pessoa Plural,serão abençoado,"eles(as) serão abençoado, serão invocado uma bênção sobre",concordancia_participio,alta,Auxiliar plural com particípio aparentemente singular: 'serão abençoado'.,Revisar o número do particípio; provável forma plural terminada em '-s'.
εὑρέθησαν,2147,V-AIP-3P,Verbo - Aoristo Indicativo Passiva - 3ª Pessoa Plural,foram encontrado,"eles(as) foram encontrado, foram descoberto, foram obtido",concordancia_participio,alta,Auxiliar plural com particípio aparentemente singular: 'foram encontrado'.,Revisar o número do particípio; provável forma plural terminada em '-s'.
θεαθῆναι,2300,V-ANP,Verbo - Aoristo Infinitivo Passiva,ser notado,"ser contemplado, ser notado",passiva_a_confirmar,revisar,"'V-ANP' é passiva, mas a passiva não está explícita em 'ser notado'.","Confirmar se a glossa pretende particípio isolado, adjetivo verbal ou construção passiva completa."
ἰάθητε,2390,V-AIP-2P,Verbo - Aoristo Indicativo Passiva - 2ª Pessoa Plural,fostes curado,"vós fostes curado, fostes restaurado",concordancia_participio,alta,Auxiliar plural com particípio aparentemente singular: 'fostes curado'.,Revisar o número do particípio; provável forma plural terminada em '-s'.
ἰᾶσθαι,2390,V-PNM/P,Verbo - Presente Infinitivo Média ou Passiva,curar,"curar, restaurar",media_passiva_ambigua,revisar,'V-PNM/P' é média ou passiva e 'pt' é infinitivo ativo: 'curar'.,"Decidir pelo contexto entre leitura média/reflexiva, passiva ou ativa idiomática; não corrigir automaticamente."
ἐκαθαρίσθησαν,2511,V-AIP-3P,Verbo - Aoristo Indicativo Passiva - 3ª Pessoa Plural,foram limpado,"eles(as) foram limpado, foram purificado",concordancia_participio,alta,Auxiliar plural com particípio aparentemente singular: 'foram limpado'.,Revisar o número do particípio; provável forma plural terminada em '-s'.
καθῆσθαι,2521,V-PNM/P,Verbo - Presente Infinitivo Média ou Passiva,sentar,"sentar, estar sentado, habitar",media_passiva_ambigua,revisar,'V-PNM/P' é média ou passiva e 'pt' é infinitivo ativo: 'sentar'.,"Decidir pelo contexto entre leitura média/reflexiva, passiva ou ativa idiomática; não corrigir automaticamente."
κληθῆτε,2564,V-ASP-2P,Verbo - Aoristo Subjuntivo Passiva - 2ª Pessoa Plural,sejais chamado,"vós sejais chamado, sejais nomeado, sejais convidado",concordancia_participio,alta,Auxiliar plural com particípio aparentemente singular: 'sejais chamado'.,Revisar o número do particípio; provável forma plural terminada em '-s'.
κατακεῖσθαι,2621,V-PNM/P,Verbo - Presente Infinitivo Média ou Passiva,deitar,"deitar, situar",media_passiva_ambigua,revisar,'V-PNM/P' é média ou passiva e 'pt' é infinitivo ativo: 'deitar'.,"Decidir pelo contexto entre leitura média/reflexiva, passiva ou ativa idiomática; não corrigir automaticamente."
κηρυχθῆναι,2784,V-ANP,Verbo - Aoristo Infinitivo Passiva,proclamar,"proclamar, pregar, anunciar",passiva_sem_marca,alta,"'V-ANP' é passiva, mas 'pt' está em infinitivo ativo: 'proclamar'.",Revisar para 'ser + particípio' ou outra solução passiva adequada.
ἐκοιμήθησαν,2837,V-AIP-3P,Verbo - Aoristo Indicativo Passiva - 3ª Pessoa Plural,foram dormido,"eles(as) foram dormido, foram adormecido, foram morrido",concordancia_participio,alta,Auxiliar plural com particípio aparentemente singular: 'foram dormido'.,Revisar o número do particípio; provável forma plural terminada em '-s'.
ἐκρίθησαν,2919,V-AIP-3P,Verbo - Aoristo Indicativo Passiva - 3ª Pessoa Plural,foram julgado,"eles(as) foram julgado, foram decidido, foram determinado",concordancia_participio,alta,Auxiliar plural com particípio aparentemente singular: 'foram julgado'.,Revisar o número do particípio; provável forma plural terminada em '-s'.
κρυβῆναι,2928,V-ANP,Verbo - Aoristo Infinitivo Passiva,esconder,"esconder, manter segredo",passiva_sem_marca,alta,"'V-ANP' é passiva, mas 'pt' está em infinitivo ativo: 'esconder'.",Revisar para 'ser + particípio' ou outra solução passiva adequada.
κτᾶσθαι,2932,V-PNM/P,Verbo - Presente Infinitivo Média ou Passiva,adquirir,"adquirir, obter, possuir",media_passiva_ambigua,revisar,'V-PNM/P' é média ou passiva e 'pt' é infinitivo ativo: 'adquirir'.,"Decidir pelo contexto entre leitura média/reflexiva, passiva ou ativa idiomática; não corrigir automaticamente."
λαληθῆναι,2980,V-ANP,Verbo - Aoristo Infinitivo Passiva,falar,"falar, proferir",passiva_sem_marca,alta,"'V-ANP' é passiva, mas 'pt' está em infinitivo ativo: 'falar'.",Revisar para 'ser + particípio' ou outra solução passiva adequada.
λογισθῆναι,3049,V-ANP,Verbo - Aoristo Infinitivo Passiva,calcular,"calcular, considerar, contabilizar, pensar, imputar.",passiva_sem_marca,alta,"'V-ANP' é passiva, mas 'pt' está em infinitivo ativo: 'calcular'.",Revisar para 'ser + particípio' ou outra solução passiva adequada.
λυπεῖσθαι,3076,V-PNM/P,Verbo - Presente Infinitivo Média ou Passiva,lamentar,"lamentar, causar tristeza, angustiar",media_passiva_ambigua,revisar,'V-PNM/P' é média ou passiva e 'pt' é infinitivo ativo: 'lamentar'.,"Decidir pelo contexto entre leitura média/reflexiva, passiva ou ativa idiomática; não corrigir automaticamente."
ἐλυπήθησαν,3076,V-AIP-3P,Verbo - Aoristo Indicativo Passiva - 3ª Pessoa Plural,foram lamentado,"eles(as) foram lamentado, foram causado tristeza, foram angustiado",concordancia_participio,alta,Auxiliar plural com particípio aparentemente singular: 'foram lamentado'.,Revisar o número do particípio; provável forma plural terminada em '-s'.
μεθύουσιν,3184,V-PIA-3P,Verbo - Presente Indicativo Ativa - 3ª Pessoa Plural,estão bêbado,"eles(as) estão bêbado, ficam intoxicado",concordancia_participio,alta,Auxiliar plural com particípio aparentemente singular: 'estão bêbado'.,Revisar o número do particípio; provável forma plural terminada em '-s'.
μιμεῖσθαι,3401,V-PNM/P,Verbo - Presente Infinitivo Média ou Passiva,imitar,"imitar, seguir",media_passiva_ambigua,revisar,'V-PNM/P' é média ou passiva e 'pt' é infinitivo ativo: 'imitar'.,"Decidir pelo contexto entre leitura média/reflexiva, passiva ou ativa idiomática; não corrigir automaticamente."
παραδίδοσθαι,3860,V-PNM/P,Verbo - Presente Infinitivo Média ou Passiva,entregar,"entregar, trair, confiar",media_passiva_ambigua,revisar,'V-PNM/P' é média ou passiva e 'pt' é infinitivo ativo: 'entregar'.,"Decidir pelo contexto entre leitura média/reflexiva, passiva ou ativa idiomática; não corrigir automaticamente."
παραδοθῆναι,3860,V-ANP,Verbo - Aoristo Infinitivo Passiva,entregar,"entregar, trair, confiar",passiva_sem_marca,alta,"'V-ANP' é passiva, mas 'pt' está em infinitivo ativo: 'entregar'.",Revisar para 'ser + particípio' ou outra solução passiva adequada.
παρεκλήθημεν,3870,V-AIP-1P,Verbo - Aoristo Indicativo Passiva - 1ª Pessoa Plural,fomos chamado para o seu lado,"nós fomos chamado para o seu lado, fomos exortado, fomos encorajado, fomos confortado",concordancia_participio,alta,Auxiliar plural com particípio aparentemente singular: 'fomos chamado'.,Revisar o número do particípio; provável forma plural terminada em '-s'.
πείθεσθαι,3982,V-PNM/P,Verbo - Presente Infinitivo Média ou Passiva,persuadir,"persuadir, convencer, confiar, ter confiança",media_passiva_ambigua,revisar,'V-PNM/P' é média ou passiva e 'pt' é infinitivo ativo: 'persuadir'.,"Decidir pelo contexto entre leitura média/reflexiva, passiva ou ativa idiomática; não corrigir automaticamente."
ἐπείσθησαν,3982,V-AIP-3P,Verbo - Aoristo Indicativo Passiva - 3ª Pessoa Plural,foram persuadido,"eles(as) foram persuadido, foram convencido, foram confiado, foram tido confiança",concordancia_participio,alta,Auxiliar plural com particípio aparentemente singular: 'foram persuadido'.,Revisar o número do particípio; provável forma plural terminada em '-s'.
πειρασθῆναι,3985,V-ANP,Verbo - Aoristo Infinitivo Passiva,ser testado(a),"ser testado, tentado, examinado",passiva_a_confirmar,revisar,"'V-ANP' é passiva, mas a passiva não está explícita em 'ser testado(a)'.","Confirmar se a glossa pretende particípio isolado, adjetivo verbal ou construção passiva completa."
πλανῆσαι,4105,V-PNM/P,Verbo - Presente Infinitivo Média ou Passiva,desviar,"desviar, enganar, fazer vagar",media_passiva_ambigua,revisar,'V-PNM/P' é média ou passiva e 'pt' é infinitivo ativo: 'desviar'.,"Decidir pelo contexto entre leitura média/reflexiva, passiva ou ativa idiomática; não corrigir automaticamente."
ἐπλανήθησαν,4105,V-AIP-3P,Verbo - Aoristo Indicativo Passiva - 3ª Pessoa Plural,foram desviado,"eles(as) foram desviado, foram enganado, foram feito vagar",concordancia_participio,alta,Auxiliar plural com particípio aparentemente singular: 'foram desviado'.,Revisar o número do particípio; provável forma plural terminada em '-s'.
πληρωθῆναι,4137,V-ANP,Verbo - Aoristo Infinitivo Passiva,preencher,"preencher, completar, cumprir",passiva_sem_marca,alta,"'V-ANP' é passiva, mas 'pt' está em infinitivo ativo: 'preencher'.",Revisar para 'ser + particípio' ou outra solução passiva adequada.
πληρωθῆτε,4137,V-ASP-2P,Verbo - Aoristo Subjuntivo Passiva - 2ª Pessoa Plural,sejais preenchido,"vós sejais preenchido, sejais completado, sejais cumprido",concordancia_participio,alta,Auxiliar plural com particípio aparentemente singular: 'sejais preenchido'.,Revisar o número do particípio; provável forma plural terminada em '-s'.
πορευθῆναι,4198,V-ANP,Verbo - Aoristo Infinitivo Passiva,ir,"ir, prosseguir, viajar",passiva_a_confirmar,revisar,"'V-ANP' é passiva, mas a passiva não está explícita em 'ir'.","Confirmar se a glossa pretende particípio isolado, adjetivo verbal ou construção passiva completa."
προπεμφθῆναι,4311,V-ANP,Verbo - Aoristo Infinitivo Passiva,enviar,"enviar, acompanhar, escoltar",passiva_sem_marca,alta,"'V-ANP' é passiva, mas 'pt' está em infinitivo ativo: 'enviar'.",Revisar para 'ser + particípio' ou outra solução passiva adequada.
σαλευθῆναι,4531,V-ANP,Verbo - Aoristo Infinitivo Passiva,sacudir,"sacudir, mover, perturbar, ficar inquieto",passiva_sem_marca,alta,"'V-ANP' é passiva, mas 'pt' está em infinitivo ativo: 'sacudir'.",Revisar para 'ser + particípio' ou outra solução passiva adequada.
σκανδαλισθήσεσθε,4624,V-FIP-2P,Verbo - Futuro Indicativo Passiva - 2ª Pessoa Plural,tropeçareis,"vós tropeçareis, sereis ofendidos, se escandalizarão",passiva_a_confirmar,revisar,"'V-FIP-2P' é passiva, mas a passiva não está explícita em 'tropeçareis'.","Confirmar se a glossa pretende particípio isolado, adjetivo verbal ou construção passiva completa."
σκανδαλισθῇ,4624,V-ASP-3S,Verbo - Aoristo Subjuntivo Passiva - 3ª Pessoa Singular,tropece,"ele(a) tropece, seja ofendido, se escandalize",passiva_a_confirmar,revisar,"'V-ASP-3S' é passiva, mas a passiva não está explícita em 'tropece'.","Confirmar se a glossa pretende particípio isolado, adjetivo verbal ou construção passiva completa."
στενοχωρεῖσθε,4729,V-PIM/P-2P,Verbo - Presente Indicativo Média ou Passiva - 2ª Pessoa Plural,estais angustiado,"vós estais angustiado, estais em dificuldade, estais em um lugar estreito",concordancia_participio,alta,Auxiliar plural com particípio aparentemente singular: 'estais angustiado'.,Revisar o número do particípio; provável forma plural terminada em '-s'.
Συνχάρητέ,4796,V-AMP-2P,Verbo - Aoristo Imperativo Passiva - 2ª Pessoa Plural,sois alegrado com,vós sois alegrado com,concordancia_participio,alta,Auxiliar plural com particípio aparentemente singular: 'sois alegrado'.,Revisar o número do particípio; provável forma plural terminada em '-s'.
συναχθήσονται,4863,V-FIP-3P,Verbo - Futuro Indicativo Passiva - 3ª Pessoa Plural,serão reunido,eles(as) serão reunido,concordancia_participio,alta,Auxiliar plural com particípio aparentemente singular: 'serão reunido'.,Revisar o número do particípio; provável forma plural terminada em '-s'.
συναχθῆναι,4863,V-ANP,Verbo - Aoristo Infinitivo Passiva,reunir,reunir,passiva_sem_marca,alta,"'V-ANP' é passiva, mas 'pt' está em infinitivo ativo: 'reunir'.",Revisar para 'ser + particípio' ou outra solução passiva adequada.
συνηγέρθητε,4891,V-AIP-2P,Verbo - Aoristo Indicativo Passiva - 2ª Pessoa Plural,fostes criado juntos,"vós fostes criado juntos, fostes despertado juntos",concordancia_participio,alta,Auxiliar plural com particípio aparentemente singular: 'fostes criado'.,Revisar o número do particípio; provável forma plural terminada em '-s'.
συντελεῖσθαι,4931,V-PNM/P,Verbo - Presente Infinitivo Média ou Passiva,completar,"completar, realizar, pôr fim",media_passiva_ambigua,revisar,'V-PNM/P' é média ou passiva e 'pt' é infinitivo ativo: 'completar'.,"Decidir pelo contexto entre leitura média/reflexiva, passiva ou ativa idiomática; não corrigir automaticamente."
ἐσφραγίσθητε,4972,V-AIP-2P,Verbo - Aoristo Indicativo Passiva - 2ª Pessoa Plural,fostes selado,"vós fostes selados, fostes colocado um selo, fostes marcado com um selo",concordancia_participio,alta,Auxiliar plural com particípio aparentemente singular: 'fostes selado'.,Revisar o número do particípio; provável forma plural terminada em '-s'.
Σώθητε,4982,V-AMP-2P,Verbo - Aoristo Imperativo Passiva - 2ª Pessoa Plural,sois salvado,"vós sois salvado, sois resgatado, sois libertado, sois curado, sois preservado",concordancia_participio,alta,Auxiliar plural com particípio aparentemente singular: 'sois salvado'.,Revisar o número do particípio; provável forma plural terminada em '-s'.
σωθησόμεθα,4982,V-FIP-1P,Verbo - Futuro Indicativo Passiva - 1ª Pessoa Plural,seremos salvado,"nós seremos salvado, seremos resgatado, seremos libertado, seremos curado, seremos preservado",concordancia_participio,alta,Auxiliar plural com particípio aparentemente singular: 'seremos salvado'.,Revisar o número do particípio; provável forma plural terminada em '-s'.
Ταπεινώθητε,5013,V-AMP-2P,Verbo - Aoristo Imperativo Passiva - 2ª Pessoa Plural,sois humilhado,"vós sois humilhado, sois rebaixado",concordancia_participio,alta,Auxiliar plural com particípio aparentemente singular: 'sois humilhado'.,Revisar o número do particípio; provável forma plural terminada em '-s'.
ἐτέθησαν,5087,V-AIP-3P,Verbo - Aoristo Indicativo Passiva - 3ª Pessoa Plural,foram colocado,"eles(as) foram colocado, foram nomeado, foram estabelecido",concordancia_participio,alta,Auxiliar plural com particípio aparentemente singular: 'foram colocado'.,Revisar o número do particípio; provável forma plural terminada em '-s'.
ὑψωθῆναι,5312,V-ANP,Verbo - Aoristo Infinitivo Passiva,elevar,"elevar, exaltar, elevar alto",passiva_sem_marca,alta,"'V-ANP' é passiva, mas 'pt' está em infinitivo ativo: 'elevar'.",Revisar para 'ser + particípio' ou outra solução passiva adequada.
φανῶσιν,5316,V-ASP-3P,Verbo - Aoristo Subjuntivo Passiva - 3ª Pessoa Plural,sejam mostrado,"eles(as) sejam mostrado, sejam feito aparecer, sejam aparecido, sejam brilhado, sejam manifestado",concordancia_participio,alta,Auxiliar plural com particípio aparentemente singular: 'sejam mostrado'.,Revisar o número do particípio; provável forma plural terminada em '-s'.
φανερωθῆναι,5319,V-ANP,Verbo - Aoristo Infinitivo Passiva,tornar manifesto,"tornar manifesto, revelar, dar a conhecer, mostrar abertamente.",passiva_a_confirmar,revisar,"'V-ANP' é passiva, mas a passiva não está explícita em 'tornar manifesto'.","Confirmar se a glossa pretende particípio isolado, adjetivo verbal ou construção passiva completa."
χωρίζεσθαι,5563,V-PNM/P,Verbo - Presente Infinitivo Média ou Passiva,separar,"separar, dividir, partir",media_passiva_ambigua,revisar,'V-PNM/P' é média ou passiva e 'pt' é infinitivo ativo: 'separar'.,"Decidir pelo contexto entre leitura média/reflexiva, passiva ou ativa idiomática; não corrigir automaticamente."
ἀγαλλιαθῆναι,21,V-ANP,Verbo - Aoristo Infinitivo Passiva,regozijar muito,"regozijar muito, exultar, ficar extremamente feliz.",passiva_a_confirmar,revisar,"'V-ANP' é passiva, mas a passiva não está explícita em 'regozijar muito'.","Confirmar se a glossa pretende particípio isolado, adjetivo verbal ou construção passiva completa."
ἡγιάσθητε,37,V-AIP-2P,Verbo - Aoristo Indicativo Passiva - 2ª Pessoa Plural,fostes santificado,"vós fostes santificado, fostes tornado santo, fostes consagrado, fostes separado",concordancia_participio,alta,Auxiliar plural com particípio aparentemente singular: 'fostes santificado'.,Revisar o número do particípio; provável forma plural terminada em '-s'.
ἠγοράσθησαν,59,V-AIP-3P,Verbo - Aoristo Indicativo Passiva - 3ª Pessoa Plural,foram comprado,"eles(as) foram comprado, foram resgatado",concordancia_participio,alta,Auxiliar plural com particípio aparentemente singular: 'foram comprado'.,Revisar o número do particípio; provável forma plural terminada em '-s'.
ἀρθῶσιν,142,V-ASP-3P,Verbo - Aoristo Subjuntivo Passiva - 3ª Pessoa Plural,sejam levantado,"eles(as) sejam levantado, sejam retirado, sejam levado embora.",concordancia_participio,alta,Auxiliar plural com particípio aparentemente singular: 'sejam levantado'.,Revisar o número do particípio; provável forma plural terminada em '-s'.
αἰσχυνθῶμεν,153,V-ASP-1P,Verbo - Aoristo Subjuntivo Passiva - 1ª Pessoa Plural,sejamos envergonhado,"nós sejamos envergonhado, sejamos desonrado",concordancia_participio,alta,Auxiliar plural com particípio aparentemente singular: 'sejamos envergonhado'.,Revisar o número do particípio; provável forma plural terminada em '-s'.
αἰχμαλωτισθήσονται,163,V-FIP-3P,Verbo - Futuro Indicativo Passiva - 3ª Pessoa Plural,serão capturado,"eles(as) serão capturado, serão levado cativo",concordancia_participio,alta,Auxiliar plural com particípio aparentemente singular: 'serão capturado'.,Revisar o número do particípio; provável forma plural terminada em '-s'.
ἀλλαγήσονται,236,V-FIP-3P,Verbo - Futuro Indicativo Passiva - 3ª Pessoa Plural,serão mudado,"eles(as) serão mudado, serão trocado, serão transformado",concordancia_participio,alta,Auxiliar plural com particípio aparentemente singular: 'serão mudado'.,Revisar o número do particípio; provável forma plural terminada em '-s'.
ἀναγνωσθῆναι,314,V-ANP,Verbo - Aoristo Infinitivo Passiva,ler,"ler, reconhecer, saber de novo",passiva_sem_marca,alta,"'V-ANP' é passiva, mas 'pt' está em infinitivo ativo: 'ler'.",Revisar para 'ser + particípio' ou outra solução passiva adequada.
ἀνήχθησαν,321,V-AIP-3P,Verbo - Aoristo Indicativo Passiva - 3ª Pessoa Plural,foram liderado,"eles(as) foram liderado, foram trazido, foram zarpado",concordancia_participio,alta,Auxiliar plural com particípio aparentemente singular: 'foram liderado'.,Revisar o número do particípio; provável forma plural terminada em '-s'.
ἀναιρεῖσθαι,337,V-PNM/P,Verbo - Presente Infinitivo Média ou Passiva,ocupar,"ocupar, matar, abolir, destruir",media_passiva_ambigua,revisar,'V-PNM/P' é média ou passiva e 'pt' é infinitivo ativo: 'ocupar'.,"Decidir pelo contexto entre leitura média/reflexiva, passiva ou ativa idiomática; não corrigir automaticamente."
ἀνακλιθῆναι,347,V-ANP,Verbo - Aoristo Infinitivo Passiva,reclinar,"reclinar, deitar, recostar",passiva_sem_marca,alta,"'V-ANP' é passiva, mas 'pt' está em infinitivo ativo: 'reclinar'.",Revisar para 'ser + particípio' ou outra solução passiva adequada.
ἀνακλῖναι,347,V-ANP,Verbo - Aoristo Infinitivo Passiva,reclinar,"reclinar, deitar, recostar",passiva_sem_marca,alta,"'V-ANP' é passiva, mas 'pt' está em infinitivo ativo: 'reclinar'.",Revisar para 'ser + particípio' ou outra solução passiva adequada.
ἀναλωθῆτε,355,V-ASP-2P,Verbo - Aoristo Subjuntivo Passiva - 2ª Pessoa Plural,sejais consumido,"vós sejais consumido, sejais gastado, sejais esgotado",concordancia_participio,alta,Auxiliar plural com particípio aparentemente singular: 'sejais consumido'.,Revisar o número do particípio; provável forma plural terminada em '-s'.
ἀνανεοῦσθαι,365,V-PNM/P,Verbo - Presente Infinitivo Média ou Passiva,renovar,"renovar, fazer novo novamente",media_passiva_ambigua,revisar,'V-PNM/P' é média ou passiva e 'pt' é infinitivo ativo: 'renovar'.,"Decidir pelo contexto entre leitura média/reflexiva, passiva ou ativa idiomática; não corrigir automaticamente."
ἀναπαήσονται,373,V-FIP-3P,Verbo - Futuro Indicativo Passiva - 3ª Pessoa Plural,serão descansado,"eles(as) serão descansado, serão refrescado, serão dado descanso",concordancia_participio,alta,Auxiliar plural com particípio aparentemente singular: 'serão descansado'.,Revisar o número do particípio; provável forma plural terminada em '-s'.
ἀναστράφητε,390,V-AMP-2P,Verbo - Aoristo Imperativo Passiva - 2ª Pessoa Plural,sois conduzido,"vós sois conduzido, sois vivido, sois comportado, sois voltado, sois derrubado.",concordancia_participio,alta,Auxiliar plural com particípio aparentemente singular: 'sois conduzido'.,Revisar o número do particípio; provável forma plural terminada em '-s'.
ἀναφαίνεσθαι,398,V-PNM/P,Verbo - Presente Infinitivo Média ou Passiva,aparecer,"aparecer, manifestar, mostrar",media_passiva_ambigua,revisar,'V-PNM/P' é média ou passiva e 'pt' é infinitivo ativo: 'aparecer'.,"Decidir pelo contexto entre leitura média/reflexiva, passiva ou ativa idiomática; não corrigir automaticamente."
ἀνετάζεσθαι,426,V-PNM/P,Verbo - Presente Infinitivo Média ou Passiva,examinar,"examinar, questionar, investigar minuciosamente.",media_passiva_ambigua,revisar,'V-PNM/P' é média ou passiva e 'pt' é infinitivo ativo: 'examinar'.,"Decidir pelo contexto entre leitura média/reflexiva, passiva ou ativa idiomática; não corrigir automaticamente."
ἀνεῳχθῆναι,455,V-ANP,Verbo - Aoristo Infinitivo Passiva,abrir,abrir,passiva_sem_marca,alta,"'V-ANP' é passiva, mas 'pt' está em infinitivo ativo: 'abrir'.",Revisar para 'ser + particípio' ou outra solução passiva adequada.
ἀνοιγῶσιν,455,V-ASP-3P,Verbo - Aoristo Subjuntivo Passiva - 3ª Pessoa Plural,sejam aberto,eles(as) sejam aberto,concordancia_participio,alta,Auxiliar plural com particípio aparentemente singular: 'sejam aberto'.,Revisar o número do particípio; provável forma plural terminada em '-s'.
ἀνταποκριθῆναι,470,V-ANP,Verbo - Aoristo Infinitivo Passiva,responder de volta,"responder de volta, responder em troca",passiva_a_confirmar,revisar,"'V-ANP' é passiva, mas a passiva não está explícita em 'responder de volta'.","Confirmar se a glossa pretende particípio isolado, adjetivo verbal ou construção passiva completa."
ἀντιλαμβάνεσθαι,482,V-PNM/P,Verbo - Presente Infinitivo Média ou Passiva,ajudar,"ajudar, apoiar, tomar posse",media_passiva_ambigua,revisar,'V-PNM/P' é média ou passiva e 'pt' é infinitivo ativo: 'ajudar'.,"Decidir pelo contexto entre leitura média/reflexiva, passiva ou ativa idiomática; não corrigir automaticamente."
ἀπαχθῆναι,520,V-ANP,Verbo - Aoristo Infinitivo Passiva,levar embora,"levar embora, tirar",passiva_a_confirmar,revisar,"'V-ANP' é passiva, mas a passiva não está explícita em 'levar embora'.","Confirmar se a glossa pretende particípio isolado, adjetivo verbal ou construção passiva completa."
ἀπαλλάσσεσθαι,525,V-PNM/P,Verbo - Presente Infinitivo Média ou Passiva,remover,"remover, libertar, partir",media_passiva_ambigua,revisar,'V-PNM/P' é média ou passiva e 'pt' é infinitivo ativo: 'remover'.,"Decidir pelo contexto entre leitura média/reflexiva, passiva ou ativa idiomática; não corrigir automaticamente."
ἀποκαλυφθῶσιν,601,V-ASP-3P,Verbo - Aoristo Subjuntivo Passiva - 3ª Pessoa Plural,sejam revelado,"eles(as) sejam revelado, sejam descoberto",concordancia_participio,alta,Auxiliar plural com particípio aparentemente singular: 'sejam revelado'.,Revisar o número do particípio; provável forma plural terminada em '-s'.
ἀποκαλύπτεσθαι,601,V-PNM/P,Verbo - Presente Infinitivo Média ou Passiva,revelar,"revelar, descobrir",media_passiva_ambigua,revisar,'V-PNM/P' é média ou passiva e 'pt' é infinitivo ativo: 'revelar'.,"Decidir pelo contexto entre leitura média/reflexiva, passiva ou ativa idiomática; não corrigir automaticamente."
ἀποκρίνεσθαι,611,V-PNM/P,Verbo - Presente Infinitivo Média ou Passiva,responder,responder,media_passiva_ambigua,revisar,'V-PNM/P' é média ou passiva e 'pt' é infinitivo ativo: 'responder'.,"Decidir pelo contexto entre leitura média/reflexiva, passiva ou ativa idiomática; não corrigir automaticamente."
ἀποκριθῆναι,611,V-ANP,Verbo - Aoristo Infinitivo Passiva,responder,responder,passiva_sem_marca,alta,"'V-ANP' é passiva, mas 'pt' está em infinitivo ativo: 'responder'.",Revisar para 'ser + particípio' ou outra solução passiva adequada.
ἀποκριθῶσιν,611,V-ASP-3P,Verbo - Aoristo Subjuntivo Passiva - 3ª Pessoa Plural,sejam respondido,eles(as) sejam respondido,concordancia_participio,alta,Auxiliar plural com particípio aparentemente singular: 'sejam respondido'.,Revisar o número do particípio; provável forma plural terminada em '-s'.
ἀποκτέννεσθαι,615,V-PNM/P,Verbo - Presente Infinitivo Média ou Passiva,matar,"matar, assassinar, condenar à morte",media_passiva_ambigua,revisar,'V-PNM/P' é média ou passiva e 'pt' é infinitivo ativo: 'matar'.,"Decidir pelo contexto entre leitura média/reflexiva, passiva ou ativa idiomática; não corrigir automaticamente."
ἀποκτανθῶσιν,615,V-ASP-3P,Verbo - Aoristo Subjuntivo Passiva - 3ª Pessoa Plural,sejam matado,"eles(as) sejam matado, sejam assassinado, sejam condenado à morte",concordancia_participio,alta,Auxiliar plural com particípio aparentemente singular: 'sejam matado'.,Revisar o número do particípio; provável forma plural terminada em '-s'.
ἀπολογηθῆναι,626,V-ANP,Verbo - Aoristo Infinitivo Passiva,defender,"defender, fazer uma defesa, prestar contas",passiva_sem_marca,alta,"'V-ANP' é passiva, mas 'pt' está em infinitivo ativo: 'defender'.",Revisar para 'ser + particípio' ou outra solução passiva adequada.
ἀπελύθησαν,630,V-AIP-3P,Verbo - Aoristo Indicativo Passiva - 3ª Pessoa Plural,foram liberado,"eles(as) foram liberado, foram despedido, foram mandado embora, foram divorciado",concordancia_participio,alta,Auxiliar plural com particípio aparentemente singular: 'foram liberado'.,Revisar o número do particípio; provável forma plural terminada em '-s'.
ἀπολυθήσεσθε,630,V-FIP-2P,Verbo - Futuro Indicativo Passiva - 2ª Pessoa Plural,sereis liberado,"vós sereis liberado, sereis despedido, sereis mandado embora, sereis divorciado",concordancia_participio,alta,Auxiliar plural com particípio aparentemente singular: 'sereis liberado'.,Revisar o número do particípio; provável forma plural terminada em '-s'.
ἀπολυθῆτε,630,V-ASP-2P,Verbo - Aoristo Subjuntivo Passiva - 2ª Pessoa Plural,sejais liberado,"vós sejais liberado, sejais despedido, sejais mandado embora, sejais divorciado",concordancia_participio,alta,Auxiliar plural com particípio aparentemente singular: 'sejais liberado'.,Revisar o número do particípio; provável forma plural terminada em '-s'.
ἀπεπλανήθησαν,635,V-AIP-3P,Verbo - Aoristo Indicativo Passiva - 3ª Pessoa Plural,foram desviado,"eles(as) foram desviado, foram enganado, foram feito vagar",concordancia_participio,alta,Auxiliar plural com particípio aparentemente singular: 'foram desviado'.,Revisar o número do particípio; provável forma plural terminada em '-s'.
ἀπεστράφησάν,654,V-AIP-3P,Verbo - Aoristo Indicativo Passiva - 3ª Pessoa Plural,deram as costas,"eles(as) deram as costas, afastaram-se",passiva_a_confirmar,revisar,"'V-AIP-3P' é passiva, mas a passiva não está explícita em 'deram as costas'.","Confirmar se a glossa pretende particípio isolado, adjetivo verbal ou construção passiva completa."
ἀποστραφῇς,654,V-ASP-2S,Verbo - Aoristo Subjuntivo Passiva - 2ª Pessoa Singular,dês as costas,"tu dês as costas, te afastes",passiva_a_confirmar,revisar,"'V-ASP-2S' é passiva, mas a passiva não está explícita em 'dês as costas'.","Confirmar se a glossa pretende particípio isolado, adjetivo verbal ou construção passiva completa."
ἀπενεχθῆναι,667,V-ANP,Verbo - Aoristo Infinitivo Passiva,levar embora,"levar embora, remover",passiva_a_confirmar,revisar,"'V-ANP' é passiva, mas a passiva não está explícita em 'levar embora'.","Confirmar se a glossa pretende particípio isolado, adjetivo verbal ou construção passiva completa."
ἀποφθέγγεσθαι,669,V-PNM/P,Verbo - Presente Infinitivo Média ou Passiva,falar,"falar, declarar ou proferir",media_passiva_ambigua,revisar,'V-PNM/P' é média ou passiva e 'pt' é infinitivo ativo: 'falar'.,"Decidir pelo contexto entre leitura média/reflexiva, passiva ou ativa idiomática; não corrigir automaticamente."
ἀποχωρισθῆναι,673,V-ANP,Verbo - Aoristo Infinitivo Passiva,separar,"separar, partir",passiva_sem_marca,alta,"'V-ANP' é passiva, mas 'pt' está em infinitivo ativo: 'separar'.",Revisar para 'ser + particípio' ou outra solução passiva adequada.
ἀρκεσθησόμεθα,714,V-FIP-1P,Verbo - Futuro Indicativo Passiva - 1ª Pessoa Plural,seremos sido suficiente,"nós seremos sido suficiente, seremos estado contente, seremos estado satisfeito",concordancia_participio,alta,Auxiliar plural com particípio aparentemente singular: 'seremos sido'.,Revisar o número do particípio; provável forma plural terminada em '-s'.
ἀρκεσθησόμεθα,714,V-FIP-1P,Verbo - Futuro Indicativo Passiva - 1ª Pessoa Plural,seremos sido suficiente,"nós seremos sido suficiente, seremos estado contente, seremos estado satisfeito",construcao_inadequada,alta,Construção inadequada com 'sido'.,"Reescrever idiomaticamente; por exemplo, 'foram capazes', 'puderam' ou 'seremos capazes', conforme o sentido."
ἀρνεῖσθαι,720,V-PNM/P,Verbo - Presente Infinitivo Média ou Passiva,negar,"negar, renegar, rejeitar",media_passiva_ambigua,revisar,'V-PNM/P' é média ou passiva e 'pt' é infinitivo ativo: 'negar'.,"Decidir pelo contexto entre leitura média/reflexiva, passiva ou ativa idiomática; não corrigir automaticamente."
ἁρπαγησόμεθα,726,V-FIP-1P,Verbo - Futuro Indicativo Passiva - 1ª Pessoa Plural,seremos apreendido,"nós seremos apreendido, seremos arrebatado, seremos tirado à força",concordancia_participio,alta,Auxiliar plural com particípio aparentemente singular: 'seremos apreendido'.,Revisar o número do particípio; provável forma plural terminada em '-s'.
ἀσπάζεσθαι,782,V-PNM/P,Verbo - Presente Infinitivo Média ou Passiva,saudar,"saudar, abraçar",media_passiva_ambigua,revisar,'V-PNM/P' é média ou passiva e 'pt' é infinitivo ativo: 'saudar'.,"Decidir pelo contexto entre leitura média/reflexiva, passiva ou ativa idiomática; não corrigir automaticamente."
ἀστατοῦμεν,790,V-PIA-1P,Verbo - Presente Indicativo Ativa - 1ª Pessoa Plural,estamos inquieto,"nós estamos inquieto, somos instável, vagamos",concordancia_participio,alta,Auxiliar plural com particípio aparentemente singular: 'estamos inquieto'.,Revisar o número do particípio; provável forma plural terminada em '-s'.
ἀσφαλισθῆναι,805,V-ANP,Verbo - Aoristo Infinitivo Passiva,proteger,"proteger, tornar seguro, prender",passiva_sem_marca,alta,"'V-ANP' é passiva, mas 'pt' está em infinitivo ativo: 'proteger'.",Revisar para 'ser + particípio' ou outra solução passiva adequada.
ἀτιμάζεσθαι,818,V-PNM/P,Verbo - Presente Infinitivo Média ou Passiva,desonrar,"desonrar, tratar vergonhosamente, desprezar",media_passiva_ambigua,revisar,'V-PNM/P' é média ou passiva e 'pt' é infinitivo ativo: 'desonrar'.,"Decidir pelo contexto entre leitura média/reflexiva, passiva ou ativa idiomática; não corrigir automaticamente."
ἀτιμασθῆναι,818,V-ANP,Verbo - Aoristo Infinitivo Passiva,desonrar,"desonrar, tratar vergonhosamente, desprezar",passiva_sem_marca,alta,"'V-ANP' é passiva, mas 'pt' está em infinitivo ativo: 'desonrar'.",Revisar para 'ser + particípio' ou outra solução passiva adequada.
αὐξηθῆτε,837,V-ASP-2P,Verbo - Aoristo Subjuntivo Passiva - 2ª Pessoa Plural,sejais crescido,"vós sejais crescido, sejais aumentado, sejais tornado maior",concordancia_participio,alta,Auxiliar plural com particípio aparentemente singular: 'sejais crescido'.,Revisar o número do particípio; provável forma plural terminada em '-s'.
ἀφεῖναι,863,V-ANP,Verbo - Aoristo Infinitivo Passiva,mandar embora,"mandar embora, partir, perdoar, permitir, abandonar",passiva_a_confirmar,revisar,"'V-ANP' é passiva, mas a passiva não está explícita em 'mandar embora'.","Confirmar se a glossa pretende particípio isolado, adjetivo verbal ou construção passiva completa."
βαρηθῶσιν,916,V-ASP-3P,Verbo - Aoristo Subjuntivo Passiva - 3ª Pessoa Plural,sejam pesado,"eles(as) sejam pesado, sejam sobrecarregado, sejam oprimido",concordancia_participio,alta,Auxiliar plural com particípio aparentemente singular: 'sejam pesado'.,Revisar o número do particípio; provável forma plural terminada em '-s'.
ἐβαρήθημεν,916,V-AIP-1P,Verbo - Aoristo Indicativo Passiva - 1ª Pessoa Plural,fomos pesado,"nós fomos pesado, fomos sobrecarregado, fomos oprimido",concordancia_participio,alta,Auxiliar plural com particípio aparentemente singular: 'fomos pesado'.,Revisar o número do particípio; provável forma plural terminada em '-s'.
βαστάζεσθαι,941,V-PNM/P,Verbo - Presente Infinitivo Média ou Passiva,suportar,"suportar, carregar, apoiar",media_passiva_ambigua,revisar,'V-PNM/P' é média ou passiva e 'pt' é infinitivo ativo: 'suportar'.,"Decidir pelo contexto entre leitura média/reflexiva, passiva ou ativa idiomática; não corrigir automaticamente."
βεβαιοῦσθαι,950,V-PNM/P,Verbo - Presente Infinitivo Média ou Passiva,confirmar,"confirmar, estabelecer, tornar firme, seguro",media_passiva_ambigua,revisar,'V-PNM/P' é média ou passiva e 'pt' é infinitivo ativo: 'confirmar'.,"Decidir pelo contexto entre leitura média/reflexiva, passiva ou ativa idiomática; não corrigir automaticamente."
ἐβουλήθη,1014,V-AIP-3S,Verbo - Aoristo Indicativo Passiva - 3ª Pessoa Singular,desejou,"ele(a) quis, desejou, pretendeu",passiva_a_confirmar,revisar,"'V-AIP-3S' é passiva, mas a passiva não está explícita em 'desejou'.","Confirmar se a glossa pretende particípio isolado, adjetivo verbal ou construção passiva completa."
βυθίζεσθαι,1036,V-PNM/P,Verbo - Presente Infinitivo Média ou Passiva,afundar,"afundar, mergulhar, submergir",media_passiva_ambigua,revisar,'V-PNM/P' é média ou passiva e 'pt' é infinitivo ativo: 'afundar'.,"Decidir pelo contexto entre leitura média/reflexiva, passiva ou ativa idiomática; não corrigir automaticamente."
γαμηθῆναι,1060,V-ANP,Verbo - Aoristo Infinitivo Passiva,casar,casar,passiva_sem_marca,alta,"'V-ANP' é passiva, mas 'pt' está em infinitivo ativo: 'casar'.",Revisar para 'ser + particípio' ou outra solução passiva adequada.
γεμίζεσθαι,1072,V-PNM/P,Verbo - Presente Infinitivo Média ou Passiva,preencher,"preencher, ser preenchido, carregar",media_passiva_ambigua,revisar,'V-PNM/P' é média ou passiva e 'pt' é infinitivo ativo: 'preencher'.,"Decidir pelo contexto entre leitura média/reflexiva, passiva ou ativa idiomática; não corrigir automaticamente."
γεγεννήμεθα,1080,V-AIP-1P,Verbo - Aoristo Indicativo Passiva - 1ª Pessoa Plural,fomos gerado,"nós fomos gerado, fomos dado à luz, fomos produzido.",concordancia_participio,alta,Auxiliar plural com particípio aparentemente singular: 'fomos gerado'.,Revisar o número do particípio; provável forma plural terminada em '-s'.
ἐγεννήθημεν,1080,V-AIP-1P,Verbo - Aoristo Indicativo Passiva - 1ª Pessoa Plural,fomos gerado,"nós fomos gerado, fomos dado à luz, fomos produzido.",concordancia_participio,alta,Auxiliar plural com particípio aparentemente singular: 'fomos gerado'.,Revisar o número do particípio; provável forma plural terminada em '-s'.
γενήθητε,1096,V-AMP-2P,Verbo - Aoristo Imperativo Passiva - 2ª Pessoa Plural,sois tornado,"vós sois tornado, sois vindo a ser, sois acontecido, sois sido feito",concordancia_participio,alta,Auxiliar plural com particípio aparentemente singular: 'sois tornado'.,Revisar o número do particípio; provável forma plural terminada em '-s'.
γενηθῆναι,1096,V-ANP,Verbo - Aoristo Infinitivo Passiva,tornar,"tornar, vir a ser, acontecer, ser feito",passiva_sem_marca,alta,"'V-ANP' é passiva, mas 'pt' está em infinitivo ativo: 'tornar'.",Revisar para 'ser + particípio' ou outra solução passiva adequada.
γράφεσθαι,1125,V-PNM/P,Verbo - Presente Infinitivo Média ou Passiva,escrever,escrever,media_passiva_ambigua,revisar,'V-PNM/P' é média ou passiva e 'pt' é infinitivo ativo: 'escrever'.,"Decidir pelo contexto entre leitura média/reflexiva, passiva ou ativa idiomática; não corrigir automaticamente."
δαρήσεσθε,1194,V-FIP-2P,Verbo - Futuro Indicativo Passiva - 2ª Pessoa Plural,sereis batido,"vós sereis batido, sereis atacado, sereis flagelado",concordancia_participio,alta,Auxiliar plural com particípio aparentemente singular: 'sereis batido'.,Revisar o número do particípio; provável forma plural terminada em '-s'.
διακριθῆτε,1252,V-ASP-2P,Verbo - Aoristo Subjuntivo Passiva - 2ª Pessoa Plural,sejais distinguido,"vós sejais distinguido, sejais discernido, sejais julgado, sejais duvidado",concordancia_participio,alta,Auxiliar plural com particípio aparentemente singular: 'sejais distinguido'.,Revisar o número do particípio; provável forma plural terminada em '-s'.
διεκρίθητε,1252,V-AIP-2P,Verbo - Aoristo Indicativo Passiva - 2ª Pessoa Plural,fostes distinguido,"vós fostes distinguido, fostes discernido, fostes julgado, fostes duvidado",concordancia_participio,alta,Auxiliar plural com particípio aparentemente singular: 'fostes distinguido'.,Revisar o número do particípio; provável forma plural terminada em '-s'.
διελέχθησαν,1256,V-AIP-3P,Verbo - Aoristo Indicativo Passiva - 3ª Pessoa Plural,foram discutido,"eles(as) foram discutido, foram raciocinado, foram argumentado, foram falado",concordancia_participio,alta,Auxiliar plural com particípio aparentemente singular: 'foram discutido'.,Revisar o número do particípio; provável forma plural terminada em '-s'.
διαλογίζεσθαι,1260,V-PNM/P,Verbo - Presente Infinitivo Média ou Passiva,raciocinar,"raciocinar, considerar, debater, ponderar",media_passiva_ambigua,revisar,'V-PNM/P' é média ou passiva e 'pt' é infinitivo ativo: 'raciocinar'.,"Decidir pelo contexto entre leitura média/reflexiva, passiva ou ativa idiomática; não corrigir automaticamente."
διελύθησαν,1262,V-AIP-3P,Verbo - Aoristo Indicativo Passiva - 3ª Pessoa Plural,foram dissolvido,"eles(as) foram dissolvido, foram quebrado, foram dispersado, foram liberado.",concordancia_participio,alta,Auxiliar plural com particípio aparentemente singular: 'foram dissolvido'.,Revisar o número do particípio; provável forma plural terminada em '-s'.
διαμερισθήσονται,1266,V-FIP-3P,Verbo - Futuro Indicativo Passiva - 3ª Pessoa Plural,serão dividido,"eles(as) serão dividido, serão distribuído, serão repartido",concordancia_participio,alta,Auxiliar plural com particípio aparentemente singular: 'serão dividido'.,Revisar o número do particípio; provável forma plural terminada em '-s'.
διηνοίχθησαν,1272,V-AIP-3P,Verbo - Aoristo Indicativo Passiva - 3ª Pessoa Plural,foram aberto completamente,eles(as) foram aberto completamente,concordancia_participio,alta,Auxiliar plural com particípio aparentemente singular: 'foram aberto'.,Revisar o número do particípio; provável forma plural terminada em '-s'.
διαπορεύεσθαι,1279,V-PNM/P,Verbo - Presente Infinitivo Média ou Passiva,passar,"passar, viajar",media_passiva_ambigua,revisar,'V-PNM/P' é média ou passiva e 'pt' é infinitivo ativo: 'passar'.,"Decidir pelo contexto entre leitura média/reflexiva, passiva ou ativa idiomática; não corrigir automaticamente."
διεσκορπίσθησαν,1287,V-AIP-3P,Verbo - Aoristo Indicativo Passiva - 3ª Pessoa Plural,foram espalhado,"eles(as) foram espalhado, foram dispersado, foram desperdiçado",concordancia_participio,alta,Auxiliar plural com particípio aparentemente singular: 'foram espalhado'.,Revisar o número do particípio; provável forma plural terminada em '-s'.
διεσπάρησαν,1289,V-AIP-3P,Verbo - Aoristo Indicativo Passiva - 3ª Pessoa Plural,foram espalhado,"eles(as) foram espalhado, foram dispersado",concordancia_participio,alta,Auxiliar plural com particípio aparentemente singular: 'foram espalhado'.,Revisar o número do particípio; provável forma plural terminada em '-s'.
διασωθῆναι,1295,V-ANP,Verbo - Aoristo Infinitivo Passiva,salvar,"salvar, preservar, trazer segurança",passiva_sem_marca,alta,"'V-ANP' é passiva, mas 'pt' está em infinitivo ativo: 'salvar'.",Revisar para 'ser + particípio' ou outra solução passiva adequada.
διαχωρίζεσθαι,1316,V-PNM/P,Verbo - Presente Infinitivo Média ou Passiva,separar,"separar, dividir",media_passiva_ambigua,revisar,'V-PNM/P' é média ou passiva e 'pt' é infinitivo ativo: 'separar'.,"Decidir pelo contexto entre leitura média/reflexiva, passiva ou ativa idiomática; não corrigir automaticamente."
ἐδιδάχθησαν,1321,V-AIP-3P,Verbo - Aoristo Indicativo Passiva - 3ª Pessoa Plural,foram ensinado,"eles(as) foram ensinado, foram instruído",concordancia_participio,alta,Auxiliar plural com particípio aparentemente singular: 'foram ensinado'.,Revisar o número do particípio; provável forma plural terminada em '-s'.
δικαιοῦσθαι,1344,V-PNM/P,Verbo - Presente Infinitivo Média ou Passiva,justificar,"justificar, declarar justo, absolver",media_passiva_ambigua,revisar,'V-PNM/P' é média ou passiva e 'pt' é infinitivo ativo: 'justificar'.,"Decidir pelo contexto entre leitura média/reflexiva, passiva ou ativa idiomática; não corrigir automaticamente."
δικαιωθήσονται,1344,V-FIP-3P,Verbo - Futuro Indicativo Passiva - 3ª Pessoa Plural,serão justificado,"eles(as) serão justificado, serão declarado justo, serão absolvido",concordancia_participio,alta,Auxiliar plural com particípio aparentemente singular: 'serão justificado'.,Revisar o número do particípio; provável forma plural terminada em '-s'.
ἐδικαιώθητε,1344,V-AIP-2P,Verbo - Aoristo Indicativo Passiva - 2ª Pessoa Plural,fostes justificado,"vós fostes justificado, fostes declarado justo, fostes absolvido",concordancia_participio,alta,Auxiliar plural com particípio aparentemente singular: 'fostes justificado'.,Revisar o número do particípio; provável forma plural terminada em '-s'.
διωχθήσονται,1377,V-FIP-3P,Verbo - Futuro Indicativo Passiva - 3ª Pessoa Plural,serão perseguido,"eles(as) serão perseguido, serão avançado",concordancia_participio,alta,Auxiliar plural com particípio aparentemente singular: 'serão perseguido'.,Revisar o número do particípio; provável forma plural terminada em '-s'.
ἐδουλώθητε,1402,V-AIP-2P,Verbo - Aoristo Indicativo Passiva - 2ª Pessoa Plural,fostes escravizado,"vós fostes escravizado, fostes trazido à escravidão, fostes feito um servo.",concordancia_participio,alta,Auxiliar plural com particípio aparentemente singular: 'fostes escravizado'.,Revisar o número do particípio; provável forma plural terminada em '-s'.
ἠδυνήθητε,1410,V-AIP-2P,Verbo - Aoristo Indicativo Passiva - 2ª Pessoa Plural,fostes sido capaz,"vós fostes sido capaz, fostes tido poder",concordancia_participio,alta,Auxiliar plural com particípio aparentemente singular: 'fostes sido'.,Revisar o número do particípio; provável forma plural terminada em '-s'.
ἐδυναμώθησαν,1412,V-AIP-3P,Verbo - Aoristo Indicativo Passiva - 3ª Pessoa Plural,foram capacitado,"eles(as) foram capacitado, foram fortalecido, foram tornado forte",concordancia_participio,alta,Auxiliar plural com particípio aparentemente singular: 'foram capacitado'.,Revisar o número do particípio; provável forma plural terminada em '-s'.
Ἐγέρθητε,1453,V-AMP-2P,Verbo - Aoristo Imperativo Passiva - 2ª Pessoa Plural,sois levantado,"vós sois levantado, sois despertado",concordancia_participio,alta,Auxiliar plural com particípio aparentemente singular: 'sois levantado'.,Revisar o número do particípio; provável forma plural terminada em '-s'.
ἐγκαλεῖσθαι,1458,V-PNM/P,Verbo - Presente Infinitivo Média ou Passiva,acusar,"acusar, cobrar, chamar a atenção",media_passiva_ambigua,revisar,'V-PNM/P' é média ou passiva e 'pt' é infinitivo ativo: 'acusar'.,"Decidir pelo contexto entre leitura média/reflexiva, passiva ou ativa idiomática; não corrigir automaticamente."
ἐγκόπτεσθαι,1465,V-PNM/P,Verbo - Presente Infinitivo Média ou Passiva,impedir,"impedir, cortar",media_passiva_ambigua,revisar,'V-PNM/P' é média ou passiva e 'pt' é infinitivo ativo: 'impedir'.,"Decidir pelo contexto entre leitura média/reflexiva, passiva ou ativa idiomática; não corrigir automaticamente."
ἐξεκαύθησαν,1572,V-AIP-3P,Verbo - Aoristo Indicativo Passiva - 3ª Pessoa Plural,foram acendido,"eles(as) foram acendido, foram inflamado, foram queimado",concordancia_participio,alta,Auxiliar plural com particípio aparentemente singular: 'foram acendido'.,Revisar o número do particípio; provável forma plural terminada em '-s'.
ἐκλυθήσονται,1590,V-FIP-3P,Verbo - Futuro Indicativo Passiva - 3ª Pessoa Plural,serão desmaiado,"eles(as) serão desmaiado, serão cansado, serão desanimado",concordancia_participio,alta,Auxiliar plural com particípio aparentemente singular: 'serão desmaiado'.,Revisar o número do particípio; provável forma plural terminada em '-s'.
ἐκλυθῶσιν,1590,V-ASP-3P,Verbo - Aoristo Subjuntivo Passiva - 3ª Pessoa Plural,sejam desmaiado,"eles(as) sejam desmaiado, sejam cansado, sejam desanimado",concordancia_participio,alta,Auxiliar plural com particípio aparentemente singular: 'sejam desmaiado'.,Revisar o número do particípio; provável forma plural terminada em '-s'.
ἐκπλήσσεσθαι,1605,V-PNM/P,Verbo - Presente Infinitivo Média ou Passiva,surpreender,"surpreender, ficar impressionado com o espanto.",media_passiva_ambigua,revisar,'V-PNM/P' é média ou passiva e 'pt' é infinitivo ativo: 'surpreender'.,"Decidir pelo contexto entre leitura média/reflexiva, passiva ou ativa idiomática; não corrigir automaticamente."
ἐξεπλάγησαν,1605,V-AIP-3P,Verbo - Aoristo Indicativo Passiva - 3ª Pessoa Plural,foram surpreendido,"eles(as) foram surpreendido, foram ficado impressionado com o espanto.",concordancia_participio,alta,Auxiliar plural com particípio aparentemente singular: 'foram surpreendido'.,Revisar o número do particípio; provável forma plural terminada em '-s'.
ἐκτραπήσονται,1624,V-FIP-3P,Verbo - Futuro Indicativo Passiva - 3ª Pessoa Plural,serão desviado,"eles(as) serão desviado, serão evitado",concordancia_participio,alta,Auxiliar plural com particípio aparentemente singular: 'serão desviado'.,Revisar o número do particípio; provável forma plural terminada em '-s'.
ἐξεχύθησαν,1632,V-AIP-3P,Verbo - Aoristo Indicativo Passiva - 3ª Pessoa Plural,foram derramado,eles(as) foram derramado,concordancia_participio,alta,Auxiliar plural com particípio aparentemente singular: 'foram derramado'.,Revisar o número do particípio; provável forma plural terminada em '-s'.
ἐλεηθήσονται,1653,V-FIP-3P,Verbo - Futuro Indicativo Passiva - 3ª Pessoa Plural,alcançarão misericórdia,eles(as) alcançarão misericórdia,passiva_a_confirmar,revisar,"'V-FIP-3P' é passiva, mas a passiva não está explícita em 'alcançarão misericórdia'.","Confirmar se a glossa pretende particípio isolado, adjetivo verbal ou construção passiva completa."
ἠλεήθημεν,1653,V-AIP-1P,Verbo - Aoristo Indicativo Passiva - 1ª Pessoa Plural,fomos tido misericórdia,"nós fomos tido misericórdia, fomos mostrado compaixão, fomos sido misericordioso.",concordancia_participio,alta,Auxiliar plural com particípio aparentemente singular: 'fomos tido'.,Revisar o número do particípio; provável forma plural terminada em '-s'.
ἠλεήθημεν,1653,V-AIP-1P,Verbo - Aoristo Indicativo Passiva - 1ª Pessoa Plural,fomos tido misericórdia,"nós fomos tido misericórdia, fomos mostrado compaixão, fomos sido misericordioso.",construcao_inadequada,alta,Construção inadequada com 'tido'.,"Reescrever conforme o sentido: 'tivemos', 'recebemos' ou 'fomos considerados'."
ἐμφανισθῆναι,1718,V-ANP,Verbo - Aoristo Infinitivo Passiva,tornar manifesto,"tornar manifesto, revelar, mostrar, declarar",passiva_a_confirmar,revisar,"'V-ANP' é passiva, mas a passiva não está explícita em 'tornar manifesto'.","Confirmar se a glossa pretende particípio isolado, adjetivo verbal ou construção passiva completa."
ἐνεφανίσθησαν,1718,V-AIP-3P,Verbo - Aoristo Indicativo Passiva - 3ª Pessoa Plural,foram tornado manifesto,"eles(as) foram tornado manifesto, foram revelado, foram mostrado, foram declarado",concordancia_participio,alta,Auxiliar plural com particípio aparentemente singular: 'foram tornado'.,Revisar o número do particípio; provável forma plural terminada em '-s'.
ἐνεφανίσθησαν,1718,V-AIP-3P,Verbo - Aoristo Indicativo Passiva - 3ª Pessoa Plural,foram tornado manifesto,"eles(as) foram tornado manifesto, foram revelado, foram mostrado, foram declarado",construcao_inadequada,alta,Particípio de 'tornar' sem concordância ou construção adequada.,"Usar 'tornados/tornadas' quando for passiva real, ou reescrever como 'tornaram-se'/'passaram a ser'."
ἐνδοξασθῆναι,1740,V-ANP,Verbo - Aoristo Infinitivo Passiva,ser glorificado,"ser glorificado, ser mantido em honra",passiva_a_confirmar,revisar,"'V-ANP' é passiva, mas a passiva não está explícita em 'ser glorificado'.","Confirmar se a glossa pretende particípio isolado, adjetivo verbal ou construção passiva completa."
ἐνυπνιασθήσονται,1797,V-FIP-3P,Verbo - Futuro Indicativo Passiva - 3ª Pessoa Plural,serão sonhado,eles(as) serão sonhado,concordancia_participio,alta,Auxiliar plural com particípio aparentemente singular: 'serão sonhado'.,Revisar o número do particípio; provável forma plural terminada em '-s'.
ἐξαλειφθῆναι,1813,V-ANP,Verbo - Aoristo Infinitivo Passiva,eliminar,"eliminar, apagar, obliterar",passiva_sem_marca,alta,"'V-ANP' é passiva, mas 'pt' está em infinitivo ativo: 'eliminar'.",Revisar para 'ser + particípio' ou outra solução passiva adequada.
ἐξαπορηθῆναι,1820,V-ANP,Verbo - Aoristo Infinitivo Passiva,estar totalmente perdido,"estar totalmente perdido, estar em desespero",passiva_a_confirmar,revisar,"'V-ANP' é passiva, mas a passiva não está explícita em 'estar totalmente perdido'.","Confirmar se a glossa pretende particípio isolado, adjetivo verbal ou construção passiva completa."
ἐπηγγείλαντο,1861,V-AIP-3P,Verbo - Aoristo Indicativo Passiva - 3ª Pessoa Plural,foram prometido,"eles(as) foram prometido, foram proclamado, foram anunciado",concordancia_participio,alta,Auxiliar plural com particípio aparentemente singular: 'foram prometido'.,Revisar o número do particípio; provável forma plural terminada em '-s'.
ἐπανέρχεσθαί,1880,V-PNM/P,Verbo - Presente Infinitivo Média ou Passiva,voltar,voltar,media_passiva_ambigua,revisar,'V-PNM/P' é média ou passiva e 'pt' é infinitivo ativo: 'voltar'.,"Decidir pelo contexto entre leitura média/reflexiva, passiva ou ativa idiomática; não corrigir automaticamente."
ἐπικαλεῖσθαι,1941,V-PNM/P,Verbo - Presente Infinitivo Média ou Passiva,chamar,"chamar, invocar, apelar, nomear",media_passiva_ambigua,revisar,'V-PNM/P' é média ou passiva e 'pt' é infinitivo ativo: 'chamar'.,"Decidir pelo contexto entre leitura média/reflexiva, passiva ou ativa idiomática; não corrigir automaticamente."
ἐπικεῖσθαι,1945,V-PNM/P,Verbo - Presente Infinitivo Média ou Passiva,deitar,"deitar, ser imposto, pressionar",media_passiva_ambigua,revisar,'V-PNM/P' é média ou passiva e 'pt' é infinitivo ativo: 'deitar'.,"Decidir pelo contexto entre leitura média/reflexiva, passiva ou ativa idiomática; não corrigir automaticamente."
ἐπισκέπτεσθαι,1980,V-PNM/P,Verbo - Presente Infinitivo Média ou Passiva,visitar,"visitar, cuidar",media_passiva_ambigua,revisar,'V-PNM/P' é média ou passiva e 'pt' é infinitivo ativo: 'visitar'.,"Decidir pelo contexto entre leitura média/reflexiva, passiva ou ativa idiomática; não corrigir automaticamente."
ἐπεστράφητε,1994,V-AIP-2P,Verbo - Aoristo Indicativo Passiva - 2ª Pessoa Plural,fostes virado,"vós fostes virado, fostes voltado, fostes voltado atrás, fostes convertido",concordancia_participio,alta,Auxiliar plural com particípio aparentemente singular: 'fostes virado'.,Revisar o número do particípio; provável forma plural terminada em '-s'.
ἐπιστραφήτω,1994,V-AMP-3S,Verbo - Aoristo Imperativo Passiva - 3ª Pessoa Singular,retorne,"ele(a) sê convertido(a), retorne",passiva_a_confirmar,revisar,"'V-AMP-3S' é passiva, mas a passiva não está explícita em 'retorne'.","Confirmar se a glossa pretende particípio isolado, adjetivo verbal ou construção passiva completa."
ἐπισυναχθήσονται,1996,V-FIP-3P,Verbo - Futuro Indicativo Passiva - 3ª Pessoa Plural,serão reunido,eles(as) serão reunido,concordancia_participio,alta,Auxiliar plural com particípio aparentemente singular: 'serão reunido'.,Revisar o número do particípio; provável forma plural terminada em '-s'.
ἐπιτελεῖσθαι,2005,V-PNM/P,Verbo - Presente Infinitivo Média ou Passiva,completar,"completar, realizar, aperfeiçoar, terminar",media_passiva_ambigua,revisar,'V-PNM/P' é média ou passiva e 'pt' é infinitivo ativo: 'completar'.,"Decidir pelo contexto entre leitura média/reflexiva, passiva ou ativa idiomática; não corrigir automaticamente."
ἐρρέθησαν,2046,V-AIP-3P,Verbo - Aoristo Indicativo Passiva - 3ª Pessoa Plural,foram dito,"eles(as) foram dito, foram falado, foram contado",concordancia_participio,alta,Auxiliar plural com particípio aparentemente singular: 'foram dito'.,Revisar o número do particípio; provável forma plural terminada em '-s'.
εὐοδοῦσθαι,2137,V-PNM/P,Verbo - Presente Infinitivo Média ou Passiva,prosperar,"prosperar, ter sucesso, ter uma boa jornada",media_passiva_ambigua,revisar,'V-PNM/P' é média ou passiva e 'pt' é infinitivo ativo: 'prosperar'.,"Decidir pelo contexto entre leitura média/reflexiva, passiva ou ativa idiomática; não corrigir automaticamente."
εὑρέθημεν,2147,V-AIP-1P,Verbo - Aoristo Indicativo Passiva - 1ª Pessoa Plural,fomos encontrado,"nós fomos encontrado, fomos descoberto, obtivemos",concordancia_participio,alta,Auxiliar plural com particípio aparentemente singular: 'fomos encontrado'.,Revisar o número do particípio; provável forma plural terminada em '-s'.
εὑρεθησόμεθα,2147,V-FIP-1P,Verbo - Futuro Indicativo Passiva - 1ª Pessoa Plural,seremos encontrado,"nós seremos encontrado, seremos descoberto, seremos obtido",concordancia_participio,alta,Auxiliar plural com particípio aparentemente singular: 'seremos encontrado'.,Revisar o número do particípio; provável forma plural terminada em '-s'.
εὑρεθῆναι,2147,V-ANP,Verbo - Aoristo Infinitivo Passiva,encontrar,"encontrar, descobrir, obter",passiva_sem_marca,alta,"'V-ANP' é passiva, mas 'pt' está em infinitivo ativo: 'encontrar'.",Revisar para 'ser + particípio' ou outra solução passiva adequada.
εὑρεθῆτε,2147,V-ASP-2P,Verbo - Aoristo Subjuntivo Passiva - 2ª Pessoa Plural,sejais encontrado,"vós sejais encontrado, sejais descoberto, sejais obtido",concordancia_participio,alta,Auxiliar plural com particípio aparentemente singular: 'sejais encontrado'.,Revisar o número do particípio; provável forma plural terminada em '-s'.
εὑρεθῶσιν,2147,V-ASP-3P,Verbo - Aoristo Subjuntivo Passiva - 3ª Pessoa Plural,sejam encontrado,"eles(as) sejam encontrado, sejam descoberto, sejam obtido",concordancia_participio,alta,Auxiliar plural com particípio aparentemente singular: 'sejam encontrado'.,Revisar o número do particípio; provável forma plural terminada em '-s'.
εὐφραίνεσθαι,2165,V-PNM/P,Verbo - Presente Infinitivo Média ou Passiva,alegrar,alegrar,media_passiva_ambigua,revisar,'V-PNM/P' é média ou passiva e 'pt' é infinitivo ativo: 'alegrar'.,"Decidir pelo contexto entre leitura média/reflexiva, passiva ou ativa idiomática; não corrigir automaticamente."
εὐφρανθῆναι,2165,V-ANP,Verbo - Aoristo Infinitivo Passiva,alegrar,alegrar,passiva_sem_marca,alta,"'V-ANP' é passiva, mas 'pt' está em infinitivo ativo: 'alegrar'.",Revisar para 'ser + particípio' ou outra solução passiva adequada.
εὐφρανθῶμεν,2165,V-ASP-1P,Verbo - Aoristo Subjuntivo Passiva - 1ª Pessoa Plural,sejamos alegrado,nós sejamos alegrado,concordancia_participio,alta,Auxiliar plural com particípio aparentemente singular: 'sejamos alegrado'.,Revisar o número do particípio; provável forma plural terminada em '-s'.
ζημιωθῆναι,2210,V-ANP,Verbo - Aoristo Infinitivo Passiva,sofrer perdas,"sofrer perdas, perder, ser punido, sofrer danos",passiva_a_confirmar,revisar,"'V-ANP' é passiva, mas a passiva não está explícita em 'sofrer perdas'.","Confirmar se a glossa pretende particípio isolado, adjetivo verbal ou construção passiva completa."
ζημιωθῆτε,2210,V-ASP-2P,Verbo - Aoristo Subjuntivo Passiva - 2ª Pessoa Plural,sejais sofrido perdas,"vós sejais sofrido perdas, sejais perdido, sejais sido punido, sejais sofrido danos",concordancia_participio,alta,Auxiliar plural com particípio aparentemente singular: 'sejais sofrido'.,Revisar o número do particípio; provável forma plural terminada em '-s'.
ζωοποιηθήσονται,2227,V-FIP-3P,Verbo - Futuro Indicativo Passiva - 3ª Pessoa Plural,serão tornado vivo,"eles(as) serão tornado vivo, serão dado vida, serão acelerado",concordancia_participio,alta,Auxiliar plural com particípio aparentemente singular: 'serão tornado'.,Revisar o número do particípio; provável forma plural terminada em '-s'.
ζωοποιηθήσονται,2227,V-FIP-3P,Verbo - Futuro Indicativo Passiva - 3ª Pessoa Plural,serão tornado vivo,"eles(as) serão tornado vivo, serão dado vida, serão acelerado",construcao_inadequada,alta,Particípio de 'tornar' sem concordância ou construção adequada.,"Usar 'tornados/tornadas' quando for passiva real, ou reescrever como 'tornaram-se'/'passaram a ser'."
ἡγεῖσθαι,2233,V-PNM/P,Verbo - Presente Infinitivo Média ou Passiva,liderar,"liderar, considerar, pensar",media_passiva_ambigua,revisar,'V-PNM/P' é média ou passiva e 'pt' é infinitivo ativo: 'liderar'.,"Decidir pelo contexto entre leitura média/reflexiva, passiva ou ativa idiomática; não corrigir automaticamente."
ἡσσώθητε,2274,V-AIP-2P,Verbo - Aoristo Indicativo Passiva - 2ª Pessoa Plural,fostes sido derrotado,"vós fostes sido derrotado, fostes sido inferior, fostes sido superado",concordancia_participio,alta,Auxiliar plural com particípio aparentemente singular: 'fostes sido'.,Revisar o número do particípio; provável forma plural terminada em '-s'.
ἐθαμβήθησαν,2284,V-AIP-3P,Verbo - Aoristo Indicativo Passiva - 3ª Pessoa Plural,foram surpreendido,eles(as) foram surpreendido,concordancia_participio,alta,Auxiliar plural com particípio aparentemente singular: 'foram surpreendido'.,Revisar o número do particípio; provável forma plural terminada em '-s'.
θαυμασθήσονται,2296,V-FIP-3P,Verbo - Futuro Indicativo Passiva - 3ª Pessoa Plural,serão maravilhado,"eles(as) serão maravilhado, serão surpreendido",concordancia_participio,alta,Auxiliar plural com particípio aparentemente singular: 'serão maravilhado'.,Revisar o número do particípio; provável forma plural terminada em '-s'.
θαυμασθῆναι,2296,V-ANP,Verbo - Aoristo Infinitivo Passiva,maravilhar,"maravilhar, surpreender",passiva_sem_marca,alta,"'V-ANP' é passiva, mas 'pt' está em infinitivo ativo: 'maravilhar'.",Revisar para 'ser + particípio' ou outra solução passiva adequada.
θεραπευθῆναι,2323,V-ANP,Verbo - Aoristo Infinitivo Passiva,curar,"curar, restaurar a saúde",passiva_sem_marca,alta,"'V-ANP' é passiva, mas 'pt' está em infinitivo ativo: 'curar'.",Revisar para 'ser + particípio' ou outra solução passiva adequada.
θεραπεύεσθαι,2323,V-PNM/P,Verbo - Presente Infinitivo Média ou Passiva,curar,"curar, restaurar a saúde",media_passiva_ambigua,revisar,'V-PNM/P' é média ou passiva e 'pt' é infinitivo ativo: 'curar'.,"Decidir pelo contexto entre leitura média/reflexiva, passiva ou ativa idiomática; não corrigir automaticamente."
ἐθεραπεύθησαν,2323,V-AIP-3P,Verbo - Aoristo Indicativo Passiva - 3ª Pessoa Plural,foram curado,"eles(as) foram curado, foram restaurado a saúde",concordancia_participio,alta,Auxiliar plural com particípio aparentemente singular: 'foram curado'.,Revisar o número do particípio; provável forma plural terminada em '-s'.
θλίβεσθαι,2346,V-PNM/P,Verbo - Presente Infinitivo Média ou Passiva,pressionar,"pressionar, afligir, perturbar, oprimir",media_passiva_ambigua,revisar,'V-PNM/P' é média ou passiva e 'pt' é infinitivo ativo: 'pressionar'.,"Decidir pelo contexto entre leitura média/reflexiva, passiva ou ativa idiomática; não corrigir automaticamente."
θύεσθαι,2380,V-PNM/P,Verbo - Presente Infinitivo Média ou Passiva,sacrificar,"sacrificar, matar",media_passiva_ambigua,revisar,'V-PNM/P' é média ou passiva e 'pt' é infinitivo ativo: 'sacrificar'.,"Decidir pelo contexto entre leitura média/reflexiva, passiva ou ativa idiomática; não corrigir automaticamente."
ἰαθῆναι,2390,V-ANP,Verbo - Aoristo Infinitivo Passiva,curar,"curar, restaurar",passiva_sem_marca,alta,"'V-ANP' é passiva, mas 'pt' está em infinitivo ativo: 'curar'.",Revisar para 'ser + particípio' ou outra solução passiva adequada.
ἱλάσκεσθαι,2433,V-PNM/P,Verbo - Presente Infinitivo Média ou Passiva,propiciar,"propiciar, apaziguar, expiar",media_passiva_ambigua,revisar,'V-PNM/P' é média ou passiva e 'pt' é infinitivo ativo: 'propiciar'.,"Decidir pelo contexto entre leitura média/reflexiva, passiva ou ativa idiomática; não corrigir automaticamente."
σταθήσεσθε,2476,V-FIP-2P,Verbo - Futuro Indicativo Passiva - 2ª Pessoa Plural,sereis posicionado,"vós sereis posicionado, sereis estado de pé, sereis parado, sereis estabelecido",concordancia_participio,alta,Auxiliar plural com particípio aparentemente singular: 'sereis posicionado'.,Revisar o número do particípio; provável forma plural terminada em '-s'.
σταθῆτε,2476,V-ASP-2P,Verbo - Aoristo Subjuntivo Passiva - 2ª Pessoa Plural,sejais posicionado,"vós sejais posicionado, sejais estado de pé, sejais parado, sejais estabelecido",concordancia_participio,alta,Auxiliar plural com particípio aparentemente singular: 'sejais posicionado'.,Revisar o número do particípio; provável forma plural terminada em '-s'.
ἐστάθησαν,2476,V-AIP-3P,Verbo - Aoristo Indicativo Passiva - 3ª Pessoa Plural,foram posicionado,"eles(as) foram posicionado, foram estado de pé, foram parado, foram estabelecido",concordancia_participio,alta,Auxiliar plural com particípio aparentemente singular: 'foram posicionado'.,Revisar o número do particípio; provável forma plural terminada em '-s'.
καθαιρεῖσθαι,2507,V-PNM/P,Verbo - Presente Infinitivo Média ou Passiva,derrubar,"derrubar, destruir, demolir, destronar",media_passiva_ambigua,revisar,'V-PNM/P' é média ou passiva e 'pt' é infinitivo ativo: 'derrubar'.,"Decidir pelo contexto entre leitura média/reflexiva, passiva ou ativa idiomática; não corrigir automaticamente."
καθαρίζεσθαι,2511,V-PNM/P,Verbo - Presente Infinitivo Média ou Passiva,limpar,"limpar, purificar",media_passiva_ambigua,revisar,'V-PNM/P' é média ou passiva e 'pt' é infinitivo ativo: 'limpar'.,"Decidir pelo contexto entre leitura média/reflexiva, passiva ou ativa idiomática; não corrigir automaticamente."
κατεστάθησαν,2525,V-AIP-3P,Verbo - Aoristo Indicativo Passiva - 3ª Pessoa Plural,foram nomeado,"eles(as) foram nomeado, foram fixado, foram estabelecido, foram constituído",concordancia_participio,alta,Auxiliar plural com particípio aparentemente singular: 'foram nomeado'.,Revisar o número do particípio; provável forma plural terminada em '-s'.
κληθῶμεν,2564,V-ASP-1P,Verbo - Aoristo Subjuntivo Passiva - 1ª Pessoa Plural,sejamos chamado,"nós sejamos chamado, sejamos nomeado, sejamos convidado",concordancia_participio,alta,Auxiliar plural com particípio aparentemente singular: 'sejamos chamado'.,Revisar o número do particípio; provável forma plural terminada em '-s'.
κατεαγῶσιν,2608,V-ASP-3P,Verbo - Aoristo Subjuntivo Passiva - 3ª Pessoa Plural,sejam quebrado,eles(as) sejam quebrado,concordancia_participio,alta,Auxiliar plural com particípio aparentemente singular: 'sejam quebrado'.,Revisar o número do particípio; provável forma plural terminada em '-s'.
καταδικασθῆτε,2613,V-ASP-2P,Verbo - Aoristo Subjuntivo Passiva - 2ª Pessoa Plural,sejais condenado,"vós sejais condenado, sejais julgado",concordancia_participio,alta,Auxiliar plural com particípio aparentemente singular: 'sejais condenado'.,Revisar o número do particípio; provável forma plural terminada em '-s'.
καταισχυνθῶμεν,2617,V-ASP-1P,Verbo - Aoristo Subjuntivo Passiva - 1ª Pessoa Plural,sejamos envergonhado,"nós sejamos envergonhado, sejamos desonrado, sejamos confundido",concordancia_participio,alta,Auxiliar plural com particípio aparentemente singular: 'sejamos envergonhado'.,Revisar o número do particípio; provável forma plural terminada em '-s'.
καταισχυνθῶσιν,2617,V-ASP-3P,Verbo - Aoristo Subjuntivo Passiva - 3ª Pessoa Plural,sejam envergonhado,"eles(as) sejam envergonhado, sejam desonrado, sejam confundido",concordancia_participio,alta,Auxiliar plural com particípio aparentemente singular: 'sejam envergonhado'.,Revisar o número do particípio; provável forma plural terminada em '-s'.
κατακαλύπτεσθαι,2619,V-PNM/P,Verbo - Presente Infinitivo Média ou Passiva,cobrir,"cobrir, velar",media_passiva_ambigua,revisar,'V-PNM/P' é média ou passiva e 'pt' é infinitivo ativo: 'cobrir'.,"Decidir pelo contexto entre leitura média/reflexiva, passiva ou ativa idiomática; não corrigir automaticamente."
κατακλιθῆναι,2625,V-ANP,Verbo - Aoristo Infinitivo Passiva,reclinar,"reclinar, deitar",passiva_sem_marca,alta,"'V-ANP' é passiva, mas 'pt' está em infinitivo ativo: 'reclinar'.",Revisar para 'ser + particípio' ou outra solução passiva adequada.
κατακριθῶμεν,2632,V-ASP-1P,Verbo - Aoristo Subjuntivo Passiva - 1ª Pessoa Plural,sejamos condenado,"nós sejamos condenado, sejamos julgado contra, sejamos sentenciado.",concordancia_participio,alta,Auxiliar plural com particípio aparentemente singular: 'sejamos condenado'.,Revisar o número do particípio; provável forma plural terminada em '-s'.
καταλειφθῆναι,2641,V-ANP,Verbo - Aoristo Infinitivo Passiva,deixar para trás,"deixar para trás, abandonar",passiva_a_confirmar,revisar,"'V-ANP' é passiva, mas a passiva não está explícita em 'deixar para trás'.","Confirmar se a glossa pretende particípio isolado, adjetivo verbal ou construção passiva completa."
καταλλάγητε,2644,V-AMP-2P,Verbo - Aoristo Imperativo Passiva - 2ª Pessoa Plural,sois reconciliado,"vós sois reconciliado, sois restaurado a favor",concordancia_participio,alta,Auxiliar plural com particípio aparentemente singular: 'sois reconciliado'.,Revisar o número do particípio; provável forma plural terminada em '-s'.
κατηλλάγημεν,2644,V-AIP-1P,Verbo - Aoristo Indicativo Passiva - 1ª Pessoa Plural,fomos reconciliado,"nós fomos reconciliado, fomos restaurado a favor",concordancia_participio,alta,Auxiliar plural com particípio aparentemente singular: 'fomos reconciliado'.,Revisar o número do particípio; provável forma plural terminada em '-s'.
κατενύγησαν,2660,V-AIP-3P,Verbo - Aoristo Indicativo Passiva - 3ª Pessoa Plural,foram perfurado completamente,"eles(as) foram perfurado completamente, foram sido picado, foram sido profundamente comovido ou afetado.",concordancia_participio,alta,Auxiliar plural com particípio aparentemente singular: 'foram perfurado'.,Revisar o número do particípio; provável forma plural terminada em '-s'.
καταξιωθῆναι,2661,V-ANP,Verbo - Aoristo Infinitivo Passiva,considerar digno,considerar digno,passiva_a_confirmar,revisar,"'V-ANP' é passiva, mas a passiva não está explícita em 'considerar digno'.","Confirmar se a glossa pretende particípio isolado, adjetivo verbal ou construção passiva completa."
κατηξιώθησαν,2661,V-AIP-3P,Verbo - Aoristo Indicativo Passiva - 3ª Pessoa Plural,foram considerado digno,eles(as) foram considerado digno,concordancia_participio,alta,Auxiliar plural com particípio aparentemente singular: 'foram considerado'.,Revisar o número do particípio; provável forma plural terminada em '-s'.
κατεπόθησαν,2666,V-AIP-3P,Verbo - Aoristo Indicativo Passiva - 3ª Pessoa Plural,foram engolido,"eles(as) foram engolido, foram devorado, foram consumido",concordancia_participio,alta,Auxiliar plural com particípio aparentemente singular: 'foram engolido'.,Revisar o número do particípio; provável forma plural terminada em '-s'.
καταποντίζεσθαι,2670,V-PNM/P,Verbo - Presente Infinitivo Média ou Passiva,afundar,"afundar, submergir",media_passiva_ambigua,revisar,'V-PNM/P' é média ou passiva e 'pt' é infinitivo ativo: 'afundar'.,"Decidir pelo contexto entre leitura média/reflexiva, passiva ou ativa idiomática; não corrigir automaticamente."
καταργηθήσονται,2673,V-FIP-3P,Verbo - Futuro Indicativo Passiva - 3ª Pessoa Plural,serão abolido,"eles(as) serão abolido, serão anulado, serão tornado ineficaz, serão posto fim",concordancia_participio,alta,Auxiliar plural com particípio aparentemente singular: 'serão abolido'.,Revisar o número do particípio; provável forma plural terminada em '-s'.
κατηργήθητε,2673,V-AIP-2P,Verbo - Aoristo Indicativo Passiva - 2ª Pessoa Plural,fostes abolido,"vós fostes abolido, fostes anulado, fostes tornado ineficaz, fostes posto fim",concordancia_participio,alta,Auxiliar plural com particípio aparentemente singular: 'fostes abolido'.,Revisar o número do particípio; provável forma plural terminada em '-s'.
κατεστρώθησαν,2693,V-AIP-3P,Verbo - Aoristo Indicativo Passiva - 3ª Pessoa Plural,foram espalhado,"eles(as) foram espalhado, foram deitado",concordancia_participio,alta,Auxiliar plural com particípio aparentemente singular: 'foram espalhado'.,Revisar o número do particípio; provável forma plural terminada em '-s'.
κατειχετο,2722,V-IIP-3S,Verbo - Imperfeito Indicativo Passiva - 3ª Pessoa Singular,era segurado firme,"ele(a) era segurado firme, era restringido, era possuído, era mantido",passiva_a_confirmar,revisar,"'V-IIP-3S' é passiva, mas a passiva não está explícita em 'era segurado firme'.","Confirmar se a glossa pretende particípio isolado, adjetivo verbal ou construção passiva completa."
κατηγορεῖσθαι,2723,V-PNM/P,Verbo - Presente Infinitivo Média ou Passiva,acusar,"acusar, cobrar",media_passiva_ambigua,revisar,'V-PNM/P' é média ou passiva e 'pt' é infinitivo ativo: 'acusar'.,"Decidir pelo contexto entre leitura média/reflexiva, passiva ou ativa idiomática; não corrigir automaticamente."
ἐκαυματίσθησαν,2739,V-AIP-3P,Verbo - Aoristo Indicativo Passiva - 3ª Pessoa Plural,foram queimado,"eles(as) foram queimado, foram sido queimado com calor",concordancia_participio,alta,Auxiliar plural com particípio aparentemente singular: 'foram queimado'.,Revisar o número do particípio; provável forma plural terminada em '-s'.
κείμεθα,2749,V-PIM/P-1P,Verbo - Presente Indicativo Média ou Passiva - 1ª Pessoa Plural,somos colocado(a),"nós somos colocado(a), somos definido(a), jazemos, somos apontado(a)",concordancia_participio,alta,Auxiliar plural com particípio aparentemente singular: 'somos colocado'.,Revisar o número do particípio; provável forma plural terminada em '-s'.
κερδηθήσονται,2770,V-FIP-3P,Verbo - Futuro Indicativo Passiva - 3ª Pessoa Plural,serão ganhado,"eles(as) serão ganhado, serão ganhado, serão lucrado",concordancia_participio,alta,Auxiliar plural com particípio aparentemente singular: 'serão ganhado'.,Revisar o número do particípio; provável forma plural terminada em '-s'.
ἐκινήθησαν,2795,V-AIP-3P,Verbo - Aoristo Indicativo Passiva - 3ª Pessoa Plural,foram movido,"eles(as) foram movido, foram agitado, foram colocado em movimento",concordancia_participio,alta,Auxiliar plural com particípio aparentemente singular: 'foram movido'.,Revisar o número do particípio; provável forma plural terminada em '-s'.
κλεισθῶσιν,2808,V-ASP-3P,Verbo - Aoristo Subjuntivo Passiva - 3ª Pessoa Plural,sejam fechado,"eles(as) sejam fechado, sejam trancado",concordancia_participio,alta,Auxiliar plural com particípio aparentemente singular: 'sejam fechado'.,Revisar o número do particípio; provável forma plural terminada em '-s'.
ἐκλείσθησαν,2808,V-AIP-3P,Verbo - Aoristo Indicativo Passiva - 3ª Pessoa Plural,foram fechado,"eles(as) foram fechado, foram trancado",concordancia_participio,alta,Auxiliar plural com particípio aparentemente singular: 'foram fechado'.,Revisar o número do particípio; provável forma plural terminada em '-s'.
κοιμηθησόμεθα,2837,V-FIP-1P,Verbo - Futuro Indicativo Passiva - 1ª Pessoa Plural,seremos dormido,"nós seremos dormido, seremos adormecido, seremos morrido",concordancia_participio,alta,Auxiliar plural com particípio aparentemente singular: 'seremos dormido'.,Revisar o número do particípio; provável forma plural terminada em '-s'.
ἐκολλήθησαν,2853,V-AIP-3P,Verbo - Aoristo Indicativo Passiva - 3ª Pessoa Plural,foram unido,"eles(as) foram unido, foram aderido",concordancia_participio,alta,Auxiliar plural com particípio aparentemente singular: 'foram unido'.,Revisar o número do particípio; provável forma plural terminada em '-s'.
κολοβωθήσονται,2856,V-FIP-3P,Verbo - Futuro Indicativo Passiva - 3ª Pessoa Plural,serão encurtado,eles(as) serão encurtado,concordancia_participio,alta,Auxiliar plural com particípio aparentemente singular: 'serão encurtado'.,Revisar o número do particípio; provável forma plural terminada em '-s'.
ἐκολοβώθησαν,2856,V-AIP-3P,Verbo - Aoristo Indicativo Passiva - 3ª Pessoa Plural,foram encurtado,eles(as) foram encurtado,concordancia_participio,alta,Auxiliar plural com particípio aparentemente singular: 'foram encurtado'.,Revisar o número do particípio; provável forma plural terminada em '-s'.
κραταιωθῆναι,2901,V-ANP,Verbo - Aoristo Infinitivo Passiva,fortalecer,"fortalecer, tornar forte, capacitar",passiva_sem_marca,alta,"'V-ANP' é passiva, mas 'pt' está em infinitivo ativo: 'fortalecer'.",Revisar para 'ser + particípio' ou outra solução passiva adequada.
κρατεῖσθαι,2902,V-PNM/P,Verbo - Presente Infinitivo Média ou Passiva,apreender,"apreender, segurar, agarrar, reter, manter",media_passiva_ambigua,revisar,'V-PNM/P' é média ou passiva e 'pt' é infinitivo ativo: 'apreender'.,"Decidir pelo contexto entre leitura média/reflexiva, passiva ou ativa idiomática; não corrigir automaticamente."
κριθήσονται,2919,V-FIP-3P,Verbo - Futuro Indicativo Passiva - 3ª Pessoa Plural,serão julgado,"eles(as) serão julgado, serão decidido, serão determinado",concordancia_participio,alta,Auxiliar plural com particípio aparentemente singular: 'serão julgado'.,Revisar o número do particípio; provável forma plural terminada em '-s'.
κριθῶσι,2919,V-ASP-3P,Verbo - Aoristo Subjuntivo Passiva - 3ª Pessoa Plural,sejam julgado,"eles(as) sejam julgado, sejam decidido, sejam determinado",concordancia_participio,alta,Auxiliar plural com particípio aparentemente singular: 'sejam julgado'.,Revisar o número do particípio; provável forma plural terminada em '-s'.
κριθῶσιν,2919,V-ASP-3P,Verbo - Aoristo Subjuntivo Passiva - 3ª Pessoa Plural,sejam julgado,"eles(as) sejam julgado, sejam decidido, sejam determinado",concordancia_participio,alta,Auxiliar plural com particípio aparentemente singular: 'sejam julgado'.,Revisar o número do particípio; provável forma plural terminada em '-s'.
ἐκτίσθησαν,2936,V-AIP-3P,Verbo - Aoristo Indicativo Passiva - 3ª Pessoa Plural,foram criado,"eles(as) foram criado, foram formado, foram feito",concordancia_participio,alta,Auxiliar plural com particípio aparentemente singular: 'foram criado'.,Revisar o número do particípio; provável forma plural terminada em '-s'.
κωλύεσθαι,2967,V-PNM/P,Verbo - Presente Infinitivo Média ou Passiva,impedir,"impedir, proibir, restringir",media_passiva_ambigua,revisar,'V-PNM/P' é média ou passiva e 'pt' é infinitivo ativo: 'impedir'.,"Decidir pelo contexto entre leitura média/reflexiva, passiva ou ativa idiomática; não corrigir automaticamente."
λαλεῖσθαι,2980,V-PNM/P,Verbo - Presente Infinitivo Média ou Passiva,falar,"falar, proferir",media_passiva_ambigua,revisar,'V-PNM/P' é média ou passiva e 'pt' é infinitivo ativo: 'falar'.,"Decidir pelo contexto entre leitura média/reflexiva, passiva ou ativa idiomática; não corrigir automaticamente."
λαληθησομένων,2980,V-FPP-GNP,Verbo - Futuro Particípio Passiva - Genitivo Neutro Plural,prestes a falar,"prestes a falar, prestes a proferir",passiva_a_confirmar,revisar,"'V-FPP-GNP' é passiva, mas a passiva não está explícita em 'prestes a falar'.","Confirmar se a glossa pretende particípio isolado, adjetivo verbal ou construção passiva completa."
λιθασθῶσιν,3034,V-ASP-3P,Verbo - Aoristo Subjuntivo Passiva - 3ª Pessoa Plural,sejam apedrejado,"eles(as) sejam apedrejado, sejam atirado pedras",concordancia_participio,alta,Auxiliar plural com particípio aparentemente singular: 'sejam apedrejado'.,Revisar o número do particípio; provável forma plural terminada em '-s'.
ἐλιθοβόλησαν,3036,V-AIP-3P,Verbo - Aoristo Indicativo Passiva - 3ª Pessoa Plural,foram apedrejado,"eles(as) foram apedrejado, foram atirado pedras",concordancia_participio,alta,Auxiliar plural com particípio aparentemente singular: 'foram apedrejado'.,Revisar o número do particípio; provável forma plural terminada em '-s'.
λυπηθήσεσθε,3076,V-FIP-2P,Verbo - Futuro Indicativo Passiva - 2ª Pessoa Plural,sereis lamentado,"vós sereis lamentado, sereis causado tristeza, sereis angustiado",concordancia_participio,alta,Auxiliar plural com particípio aparentemente singular: 'sereis lamentado'.,Revisar o número do particípio; provável forma plural terminada em '-s'.
λυπηθῆναι,3076,V-ANP,Verbo - Aoristo Infinitivo Passiva,lamentar,"lamentar, causar tristeza, angustiar",passiva_sem_marca,alta,"'V-ANP' é passiva, mas 'pt' está em infinitivo ativo: 'lamentar'.",Revisar para 'ser + particípio' ou outra solução passiva adequada.
λυπηθῆτε,3076,V-ASP-2P,Verbo - Aoristo Subjuntivo Passiva - 2ª Pessoa Plural,sejais lamentado,"vós sejais lamentado, sejais causado tristeza, sejais angustiado",concordancia_participio,alta,Auxiliar plural com particípio aparentemente singular: 'sejais lamentado'.,Revisar o número do particípio; provável forma plural terminada em '-s'.
ἐλυτρώθητε,3084,V-AIP-2P,Verbo - Aoristo Indicativo Passiva - 2ª Pessoa Plural,fostes redimido,"vós fostes redimido, fostes resgatado, fostes libertado",concordancia_participio,alta,Auxiliar plural com particípio aparentemente singular: 'fostes redimido'.,Revisar o número do particípio; provável forma plural terminada em '-s'.
λυθήσονται,3089,V-FIP-3P,Verbo - Futuro Indicativo Passiva - 3ª Pessoa Plural,serão soltado,"eles(as) serão soltado, serão liberado, serão dissolvido, serão quebrado, serão destruído",concordancia_participio,alta,Auxiliar plural com particípio aparentemente singular: 'serão soltado'.,Revisar o número do particípio; provável forma plural terminada em '-s'.
ἐλύθησαν,3089,V-AIP-3P,Verbo - Aoristo Indicativo Passiva - 3ª Pessoa Plural,foram soltado,"eles(as) foram soltado, foram liberado, foram dissolvido, foram quebrado, foram destruído",concordancia_participio,alta,Auxiliar plural com particípio aparentemente singular: 'foram soltado'.,Revisar o número do particípio; provável forma plural terminada em '-s'.
ἐμαρτυρήθησαν,3140,V-AIP-3P,Verbo - Aoristo Indicativo Passiva - 3ª Pessoa Plural,foram testemunhado,"eles(as) foram testemunhado, foram prestado depoimento, foram afirmado que viu, ouviu ou vivenciou algo.",concordancia_participio,alta,Auxiliar plural com particípio aparentemente singular: 'foram testemunhado'.,Revisar o número do particípio; provável forma plural terminada em '-s'.
ἐματαιώθησαν,3154,V-AIP-3P,Verbo - Aoristo Indicativo Passiva - 3ª Pessoa Plural,foram tornado fútil,"eles(as) foram tornado fútil, foram tornado vão, foram levado ao vazio",concordancia_participio,alta,Auxiliar plural com particípio aparentemente singular: 'foram tornado'.,Revisar o número do particípio; provável forma plural terminada em '-s'.
ἐματαιώθησαν,3154,V-AIP-3P,Verbo - Aoristo Indicativo Passiva - 3ª Pessoa Plural,foram tornado fútil,"eles(as) foram tornado fútil, foram tornado vão, foram levado ao vazio",construcao_inadequada,alta,Particípio de 'tornar' sem concordância ou construção adequada.,"Usar 'tornados/tornadas' quando for passiva real, ou reescrever como 'tornaram-se'/'passaram a ser'."
μάχεσθαι,3164,V-PNM/P,Verbo - Presente Infinitivo Média ou Passiva,lutar,"lutar, brigar",media_passiva_ambigua,revisar,'V-PNM/P' é média ou passiva e 'pt' é infinitivo ativo: 'lutar'.,"Decidir pelo contexto entre leitura média/reflexiva, passiva ou ativa idiomática; não corrigir automaticamente."
μεγαλυνθῆναι,3170,V-ANP,Verbo - Aoristo Infinitivo Passiva,engrandecer,"engrandecer, exaltar",passiva_sem_marca,alta,"'V-ANP' é passiva, mas 'pt' está em infinitivo ativo: 'engrandecer'.",Revisar para 'ser + particípio' ou outra solução passiva adequada.
μεθύσκεσθαι,3182,V-PNM/P,Verbo - Presente Infinitivo Média ou Passiva,embebedar,"embebedar, intoxicar",media_passiva_ambigua,revisar,'V-PNM/P' é média ou passiva e 'pt' é infinitivo ativo: 'embebedar'.,"Decidir pelo contexto entre leitura média/reflexiva, passiva ou ativa idiomática; não corrigir automaticamente."
μεθύσκεσθε,3182,V-PNM/P-2P,Verbo - Presente Infinitivo Média ou Passiva - 2ª Pessoa Plural,embebedar,"vós embebedar, intoxicar",media_passiva_ambigua,revisar,'V-PNM/P-2P' é média ou passiva e 'pt' é infinitivo ativo: 'embebedar'.,"Decidir pelo contexto entre leitura média/reflexiva, passiva ou ativa idiomática; não corrigir automaticamente."
ἐμεθύσθησαν,3182,V-AIP-3P,Verbo - Aoristo Indicativo Passiva - 3ª Pessoa Plural,foram embebedado,"eles(as) foram embebedado, foram intoxicado",concordancia_participio,alta,Auxiliar plural com particípio aparentemente singular: 'foram embebedado'.,Revisar o número do particípio; provável forma plural terminada em '-s'.
μεθυσθῶσιν,3184,V-ASP-3P,Verbo - Aoristo Subjuntivo Passiva - 3ª Pessoa Plural,sejam estado bêbado,"eles(as) sejam estado bêbado, sejam ficado intoxicado",concordancia_participio,alta,Auxiliar plural com particípio aparentemente singular: 'sejam estado'.,Revisar o número do particípio; provável forma plural terminada em '-s'.
μνησθῇς,3403,V-ASP-2S,Verbo - Aoristo Subjuntivo Passiva - 2ª Pessoa Singular,lembrares,"tu sejas lembrado, sejas estado atento",passiva_a_confirmar,revisar,"'V-ASP-2S' é passiva, mas a passiva não está explícita em 'lembrares'.","Confirmar se a glossa pretende particípio isolado, adjetivo verbal ou construção passiva completa."
μεμνηστευμένην,3423,V-RPP-AFS,Verbo - Perfeito Particípio Passiva - Acusativo Feminino Singular,estando prometida em casamento,"tendo sido noivado, se tendo sido envolvido",passiva_a_confirmar,revisar,"'V-RPP-AFS' é passiva, mas a passiva não está explícita em 'estando prometida em casamento'.","Confirmar se a glossa pretende particípio isolado, adjetivo verbal ou construção passiva completa."
μεμνηστευμένῃ,3423,V-RPP-DFS,Verbo - Perfeito Particípio Passiva - Dativo Feminino Singular,à prometida em casamento,"tendo sido noivado, se tendo sido envolvido",passiva_a_confirmar,revisar,"'V-RPP-DFS' é passiva, mas a passiva não está explícita em 'à prometida em casamento'.","Confirmar se a glossa pretende particípio isolado, adjetivo verbal ou construção passiva completa."
Μνηστευθείσης,3423,V-APP-GFS,Verbo - Aoristo Particípio Passiva - Genitivo Feminino Singular,da prometida em casamento,"tendo sido noivado, se tendo sido envolvido",passiva_a_confirmar,revisar,"'V-APP-GFS' é passiva, mas a passiva não está explícita em 'da prometida em casamento'.","Confirmar se a glossa pretende particípio isolado, adjetivo verbal ou construção passiva completa."
μοιχευθῆναι,3431,V-ANP,Verbo - Aoristo Infinitivo Passiva,cometer adultério,cometer adultério,passiva_a_confirmar,revisar,"'V-ANP' é passiva, mas a passiva não está explícita em 'cometer adultério'.","Confirmar se a glossa pretende particípio isolado, adjetivo verbal ou construção passiva completa."
ἐμολύνθησαν,3435,V-AIP-3P,Verbo - Aoristo Indicativo Passiva - 3ª Pessoa Plural,foram contaminado,"eles(as) foram contaminado, foram manchado, foram poluído",concordancia_participio,alta,Auxiliar plural com particípio aparentemente singular: 'foram contaminado'.,Revisar o número do particípio; provável forma plural terminada em '-s'.
ξενισθῶμεν,3579,V-ASP-1P,Verbo - Aoristo Subjuntivo Passiva - 1ª Pessoa Plural,sejamos entretido,"nós sejamos entretido, sejamos hospedado, sejamos surpreendido",concordancia_participio,alta,Auxiliar plural com particípio aparentemente singular: 'sejamos entretido'.,Revisar o número do particípio; provável forma plural terminada em '-s'.
ὁμοιωθῆναι,3666,V-ANP,Verbo - Aoristo Infinitivo Passiva,ser semelhante,"ser semelhante, comparar",passiva_a_confirmar,revisar,"'V-ANP' é passiva, mas a passiva não está explícita em 'ser semelhante'.","Confirmar se a glossa pretende particípio isolado, adjetivo verbal ou construção passiva completa."
ὀνειδισμοῖς,3680,S-DMP,Substantivo - Dativo Masculino Plural,aos reprovações,aos reprovações,concordancia_nominal,alta,Contração masculina antes de feminino plural: 'aos reprovações'.,Trocar 'aos reprovações' por 'às reprovações'.
ὤφθησαν,3708,V-AIP-3P,Verbo - Aoristo Indicativo Passiva - 3ª Pessoa Plural,foram visto,"eles(as) foram visto, foram percebido, foram atentado",concordancia_participio,alta,Auxiliar plural com particípio aparentemente singular: 'foram visto'.,Revisar o número do particípio; provável forma plural terminada em '-s'.
ὠργίσθησαν,3710,V-AIP-3P,Verbo - Aoristo Indicativo Passiva - 3ª Pessoa Plural,foram estado com raiva,"eles(as) foram estado com raiva, foram provocado a raiva",concordancia_participio,alta,Auxiliar plural com particípio aparentemente singular: 'foram estado'.,Revisar o número do particípio; provável forma plural terminada em '-s'.
παιδευθῶσιν,3811,V-ASP-3P,Verbo - Aoristo Subjuntivo Passiva - 3ª Pessoa Plural,sejam treinado,"eles(as) sejam treinado, sejam educado, sejam disciplinado, sejam instruído, sejam corrigido.",concordancia_participio,alta,Auxiliar plural com particípio aparentemente singular: 'sejam treinado'.,Revisar o número do particípio; provável forma plural terminada em '-s'.
παλαιωθήσονται,3822,V-FIP-3P,Verbo - Futuro Indicativo Passiva - 3ª Pessoa Plural,serão envelhecido,"eles(as) serão envelhecido, serão tornado obsoleto",concordancia_participio,alta,Auxiliar plural com particípio aparentemente singular: 'serão envelhecido'.,Revisar o número do particípio; provável forma plural terminada em '-s'.
παραδέξονταί,3858,V-FIP-3P,Verbo - Futuro Indicativo Passiva - 3ª Pessoa Plural,serão recebido,"eles(as) serão recebido, serão aceitado, serão reconhecido",concordancia_participio,alta,Auxiliar plural com particípio aparentemente singular: 'serão recebido'.,Revisar o número do particípio; provável forma plural terminada em '-s'.
παραδέχεσθαι,3858,V-PNM/P,Verbo - Presente Infinitivo Média ou Passiva,receber,"receber, aceitar, reconhecer",media_passiva_ambigua,revisar,'V-PNM/P' é média ou passiva e 'pt' é infinitivo ativo: 'receber'.,"Decidir pelo contexto entre leitura média/reflexiva, passiva ou ativa idiomática; não corrigir automaticamente."
παρεδέχθησαν,3858,V-AIP-3P,Verbo - Aoristo Indicativo Passiva - 3ª Pessoa Plural,foram recebido,"eles(as) foram recebido, foram aceitado, foram reconhecido",concordancia_participio,alta,Auxiliar plural com particípio aparentemente singular: 'foram recebido'.,Revisar o número do particípio; provável forma plural terminada em '-s'.
παραδοθήσεσθε,3860,V-FIP-2P,Verbo - Futuro Indicativo Passiva - 2ª Pessoa Plural,sereis entregado,"vós sereis entregado, sereis traído, sereis confiado",concordancia_participio,alta,Auxiliar plural com particípio aparentemente singular: 'sereis entregado'.,Revisar o número do particípio; provável forma plural terminada em '-s'.
παρεδόθητε,3860,V-AIP-2P,Verbo - Aoristo Indicativo Passiva - 2ª Pessoa Plural,fostes entregado,"vós fostes entregado, fostes traído, fostes confiado",concordancia_participio,alta,Auxiliar plural com particípio aparentemente singular: 'fostes entregado'.,Revisar o número do particípio; provável forma plural terminada em '-s'.
παραιτεῖσθαι,3868,V-PNM/P,Verbo - Presente Infinitivo Média ou Passiva,recusar,"recusar, rejeitar, evitar",media_passiva_ambigua,revisar,'V-PNM/P' é média ou passiva e 'pt' é infinitivo ativo: 'recusar'.,"Decidir pelo contexto entre leitura média/reflexiva, passiva ou ativa idiomática; não corrigir automaticamente."
παρακληθήσονται,3870,V-FIP-3P,Verbo - Futuro Indicativo Passiva - 3ª Pessoa Plural,serão chamado para o seu lado,"eles(as) serão chamado para o seu lado, serão exortado, serão encorajado, serão confortado",concordancia_participio,alta,Auxiliar plural com particípio aparentemente singular: 'serão chamado'.,Revisar o número do particípio; provável forma plural terminada em '-s'.
παρακληθῆναι,3870,V-ANP,Verbo - Aoristo Infinitivo Passiva,chamar para o seu lado,"chamar para o seu lado, exortar, encorajar, confortar",passiva_a_confirmar,revisar,"'V-ANP' é passiva, mas a passiva não está explícita em 'chamar para o seu lado'.","Confirmar se a glossa pretende particípio isolado, adjetivo verbal ou construção passiva completa."
παρακληθῶσιν,3870,V-ASP-3P,Verbo - Aoristo Subjuntivo Passiva - 3ª Pessoa Plural,sejam chamado para o seu lado,"eles(as) sejam chamado para o seu lado, sejam exortado, sejam encorajado, sejam confortado",concordancia_participio,alta,Auxiliar plural com particípio aparentemente singular: 'sejam chamado'.,Revisar o número do particípio; provável forma plural terminada em '-s'.
παρεκλήθησαν,3870,V-AIP-3P,Verbo - Aoristo Indicativo Passiva - 3ª Pessoa Plural,foram chamado para o seu lado,"eles(as) foram chamado para o seu lado, foram exortado, foram encorajado, foram confortado",concordancia_participio,alta,Auxiliar plural com particípio aparentemente singular: 'foram chamado'.,Revisar o número do particípio; provável forma plural terminada em '-s'.
παραπορεύεσθαι,3899,V-PNM/P,Verbo - Presente Infinitivo Média ou Passiva,passar,"passar, viajar",media_passiva_ambigua,revisar,'V-PNM/P' é média ou passiva e 'pt' é infinitivo ativo: 'passar'.,"Decidir pelo contexto entre leitura média/reflexiva, passiva ou ativa idiomática; não corrigir automaticamente."
παρατιθέναι,3908,V-ANP,Verbo - Aoristo Infinitivo Passiva,colocar ao lado,"colocar ao lado, colocar diante, confiar, comprometer",passiva_a_confirmar,revisar,"'V-ANP' é passiva, mas a passiva não está explícita em 'colocar ao lado'.","Confirmar se a glossa pretende particípio isolado, adjetivo verbal ou construção passiva completa."
παρεισέδυσαν,3921,V-AIP-3P,Verbo - Aoristo Indicativo Passiva - 3ª Pessoa Plural,foram entrado secretamente,"eles(as) foram entrado secretamente, se foram infiltrado",concordancia_participio,alta,Auxiliar plural com particípio aparentemente singular: 'foram entrado'.,Revisar o número do particípio; provável forma plural terminada em '-s'.
πειρασθῆτε,3985,V-ASP-2P,Verbo - Aoristo Subjuntivo Passiva - 2ª Pessoa Plural,sejais testado,"vós sejais testado, sejais tentado, sejais examinado",concordancia_participio,alta,Auxiliar plural com particípio aparentemente singular: 'sejais testado'.,Revisar o número do particípio; provável forma plural terminada em '-s'.
ἐπειράσθησαν,3985,V-AIP-3P,Verbo - Aoristo Indicativo Passiva - 3ª Pessoa Plural,foram testado,"eles(as) foram testado, foram tentado, foram examinado",concordancia_participio,alta,Auxiliar plural com particípio aparentemente singular: 'foram testado'.,Revisar o número do particípio; provável forma plural terminada em '-s'.
περιετμήθητε,4059,V-AIP-2P,Verbo - Aoristo Indicativo Passiva - 2ª Pessoa Plural,fostes circuncidado,vós fostes circuncidado,concordancia_participio,alta,Auxiliar plural com particípio aparentemente singular: 'fostes circuncidado'.,Revisar o número do particípio; provável forma plural terminada em '-s'.
περιτμηθῆναι,4059,V-ANP,Verbo - Aoristo Infinitivo Passiva,circuncidar,circuncidar,passiva_sem_marca,alta,"'V-ANP' é passiva, mas 'pt' está em infinitivo ativo: 'circuncidar'.",Revisar para 'ser + particípio' ou outra solução passiva adequada.
περιτμηθῆτε,4059,V-ASP-2P,Verbo - Aoristo Subjuntivo Passiva - 2ª Pessoa Plural,sejais circuncidado,vós sejais circuncidado,concordancia_participio,alta,Auxiliar plural com particípio aparentemente singular: 'sejais circuncidado'.,Revisar o número do particípio; provável forma plural terminada em '-s'.
ἐπικράνθησαν,4087,V-AIP-3P,Verbo - Aoristo Indicativo Passiva - 3ª Pessoa Plural,foram tornado amargo,"eles(as) foram tornado amargo, foram amargurado, foram exasperado",concordancia_participio,alta,Auxiliar plural com particípio aparentemente singular: 'foram tornado'.,Revisar o número do particípio; provável forma plural terminada em '-s'.
ἐπικράνθησαν,4087,V-AIP-3P,Verbo - Aoristo Indicativo Passiva - 3ª Pessoa Plural,foram tornado amargo,"eles(as) foram tornado amargo, foram amargurado, foram exasperado",construcao_inadequada,alta,Particípio de 'tornar' sem concordância ou construção adequada.,"Usar 'tornados/tornadas' quando for passiva real, ou reescrever como 'tornaram-se'/'passaram a ser'."
πίμπρασθαι,4092,V-PNM/P,Verbo - Presente Infinitivo Média ou Passiva,inchar,"inchar, inflamar",media_passiva_ambigua,revisar,'V-PNM/P' é média ou passiva e 'pt' é infinitivo ativo: 'inchar'.,"Decidir pelo contexto entre leitura média/reflexiva, passiva ou ativa idiomática; não corrigir automaticamente."
πιστευθῆναι,4100,V-ANP,Verbo - Aoristo Infinitivo Passiva,acreditar,"acreditar, ter fé, confiar",passiva_sem_marca,alta,"'V-ANP' é passiva, mas 'pt' está em infinitivo ativo: 'acreditar'.",Revisar para 'ser + particípio' ou outra solução passiva adequada.
ἐπιστεύθησαν,4100,V-AIP-3P,Verbo - Aoristo Indicativo Passiva - 3ª Pessoa Plural,foram acreditado,"eles(as) foram acreditado, foram tido fé, foram confiado",concordancia_participio,alta,Auxiliar plural com particípio aparentemente singular: 'foram acreditado'.,Revisar o número do particípio; provável forma plural terminada em '-s'.
πλανηθῆτε,4105,V-ASP-2P,Verbo - Aoristo Subjuntivo Passiva - 2ª Pessoa Plural,sejais desviado,"vós sejais desviado, sejais enganado, sejais feito vagar",concordancia_participio,alta,Auxiliar plural com particípio aparentemente singular: 'sejais desviado'.,Revisar o número do particípio; provável forma plural terminada em '-s'.
πλατύνθητε,4115,V-AMP-2P,Verbo - Aoristo Imperativo Passiva - 2ª Pessoa Plural,sois ampliado,vós sois ampliado,concordancia_participio,alta,Auxiliar plural com particípio aparentemente singular: 'sois ampliado'.,Revisar o número do particípio; provável forma plural terminada em '-s'.
πλεονεκτηθῶμεν,4122,V-ASP-1P,Verbo - Aoristo Subjuntivo Passiva - 1ª Pessoa Plural,sejamos cobiçado,"nós sejamos cobiçado, sejamos fraudado, sejamos tirado vantagem",concordancia_participio,alta,Auxiliar plural com particípio aparentemente singular: 'sejamos cobiçado'.,Revisar o número do particípio; provável forma plural terminada em '-s'.
πληθυνθῆναι,4129,V-ANP,Verbo - Aoristo Infinitivo Passiva,multiplicado,"multiplicado, aumento, medida mais completa",passiva_a_confirmar,revisar,"'V-ANP' é passiva, mas a passiva não está explícita em 'multiplicado'.","Confirmar se a glossa pretende particípio isolado, adjetivo verbal ou construção passiva completa."
ἐπληθύνθη,4129,V-AIP-3S,Verbo - Aoristo Indicativo Passiva - 3ª Pessoa Singular,multiplicado,"multiplicado, aumento, medida mais completa",passiva_a_confirmar,revisar,"'V-AIP-3S' é passiva, mas a passiva não está explícita em 'multiplicado'.","Confirmar se a glossa pretende particípio isolado, adjetivo verbal ou construção passiva completa."
πλησθῆναι,4130,V-ANP,Verbo - Aoristo Infinitivo Passiva,multiplicar,"multiplicar, aumentar, abundar",passiva_sem_marca,alta,"'V-ANP' é passiva, mas 'pt' está em infinitivo ativo: 'multiplicar'.",Revisar para 'ser + particípio' ou outra solução passiva adequada.
ἐπλουτίσθητε,4148,V-AIP-2P,Verbo - Aoristo Indicativo Passiva - 2ª Pessoa Plural,fostes enriquecido,vós fostes enriquecido,concordancia_participio,alta,Auxiliar plural com particípio aparentemente singular: 'fostes enriquecido'.,Revisar o número do particípio; provável forma plural terminada em '-s'.
ποιήμασιν,4161,S-DNP,Substantivo - Dativo Neutro Plural,aos obras,aos obras,concordancia_nominal,alta,Contração masculina antes de feminino plural: 'aos obras'.,Trocar 'aos obras' por 'às obras'.
πορευθῆτε,4198,V-ASP-2P,Verbo - Aoristo Subjuntivo Passiva - 2ª Pessoa Plural,sejais ido,"vós sejais ido, sejais prosseguido, sejais viajado",concordancia_participio,alta,Auxiliar plural com particípio aparentemente singular: 'sejais ido'.,Revisar o número do particípio; provável forma plural terminada em '-s'.
πορευθῶσιν,4198,V-ASP-3P,Verbo - Aoristo Subjuntivo Passiva - 3ª Pessoa Plural,sejam ido,"eles(as) sejam ido, sejam prosseguido, sejam viajado",concordancia_participio,alta,Auxiliar plural com particípio aparentemente singular: 'sejam ido'.,Revisar o número do particípio; provável forma plural terminada em '-s'.
ἐποτίσθημεν,4222,V-AIP-1P,Verbo - Aoristo Indicativo Passiva - 1ª Pessoa Plural,fomos dado para beber,"nós fomos dado para beber, fomos regado",concordancia_participio,alta,Auxiliar plural com particípio aparentemente singular: 'fomos dado'.,Revisar o número do particípio; provável forma plural terminada em '-s'.
ἐπρίσθησαν,4249,V-AIP-3P,Verbo - Aoristo Indicativo Passiva - 3ª Pessoa Plural,foram serrado,"eles(as) foram serrado, foram cortado com serra",concordancia_participio,alta,Auxiliar plural com particípio aparentemente singular: 'foram serrado'.,Revisar o número do particípio; provável forma plural terminada em '-s'.
προσέρχεσθαι,4334,V-PNM/P,Verbo - Presente Infinitivo Média ou Passiva,chegar,"chegar, aproximar",media_passiva_ambigua,revisar,'V-PNM/P' é média ou passiva e 'pt' é infinitivo ativo: 'chegar'.,"Decidir pelo contexto entre leitura média/reflexiva, passiva ou ativa idiomática; não corrigir automaticamente."
προσεκλίθη,4346,V-AIP-3S,Verbo - Aoristo Indicativo Passiva - 3ª Pessoa Singular,inclinação,"inclinação, apego",passiva_a_confirmar,revisar,"'V-AIP-3S' é passiva, mas a passiva não está explícita em 'inclinação'.","Confirmar se a glossa pretende particípio isolado, adjetivo verbal ou construção passiva completa."
προσωρμίσθησαν,4358,V-AIP-3P,Verbo - Aoristo Indicativo Passiva - 3ª Pessoa Plural,foram trazido para o porto,"eles(as) foram trazido para o porto, foram atracado, foram ancorado",concordancia_participio,alta,Auxiliar plural com particípio aparentemente singular: 'foram trazido'.,Revisar o número do particípio; provável forma plural terminada em '-s'.
προσετέθησαν,4369,V-AIP-3P,Verbo - Aoristo Indicativo Passiva - 3ª Pessoa Plural,foram adicionado,"eles(as) foram adicionado, foram aumentado, foram continuado, foram prosseguido",concordancia_participio,alta,Auxiliar plural com particípio aparentemente singular: 'foram adicionado'.,Revisar o número do particípio; provável forma plural terminada em '-s'.
προστεθῆναι,4369,V-ANP,Verbo - Aoristo Infinitivo Passiva,adicionar,"adicionar, aumentar, continuar, prosseguir",passiva_sem_marca,alta,"'V-ANP' é passiva, mas 'pt' está em infinitivo ativo: 'adicionar'.",Revisar para 'ser + particípio' ou outra solução passiva adequada.
προσηνέχθησαν,4374,V-AIP-3P,Verbo - Aoristo Indicativo Passiva - 3ª Pessoa Plural,foram trazido,"eles(as) foram trazido, foram oferecido, foram apresentado",concordancia_participio,alta,Auxiliar plural com particípio aparentemente singular: 'foram trazido'.,Revisar o número do particípio; provável forma plural terminada em '-s'.
πτοηθῆτε,4422,V-ASP-2P,Verbo - Aoristo Subjuntivo Passiva - 2ª Pessoa Plural,sejais assustado,"vós sejais assustado, sejais aterrorizado, sejais ficado alarmado",concordancia_participio,alta,Auxiliar plural com particípio aparentemente singular: 'sejais assustado'.,Revisar o número do particípio; provável forma plural terminada em '-s'.
πυνθάνεσθαι,4441,V-PNM/P,Verbo - Presente Infinitivo Média ou Passiva,perguntar,"perguntar, aprender por investigação",media_passiva_ambigua,revisar,'V-PNM/P' é média ou passiva e 'pt' é infinitivo ativo: 'perguntar'.,"Decidir pelo contexto entre leitura média/reflexiva, passiva ou ativa idiomática; não corrigir automaticamente."
πυροῦσθαι,4448,V-PNM/P,Verbo - Presente Infinitivo Média ou Passiva,queimar,"queimar, incendiar, inflamar",media_passiva_ambigua,revisar,'V-PNM/P' é média ou passiva e 'pt' é infinitivo ativo: 'queimar'.,"Decidir pelo contexto entre leitura média/reflexiva, passiva ou ativa idiomática; não corrigir automaticamente."
ῥυσθῶμεν,4506,V-ASP-1P,Verbo - Aoristo Subjuntivo Passiva - 1ª Pessoa Plural,sejamos resgatado,"nós sejamos resgatado, sejamos entregado, sejamos salvado",concordancia_participio,alta,Auxiliar plural com particípio aparentemente singular: 'sejamos resgatado'.,Revisar o número do particípio; provável forma plural terminada em '-s'.
ῥύεσθαι,4506,V-PNM/P,Verbo - Presente Infinitivo Média ou Passiva,resgatar,"resgatar, entregar, salvar",media_passiva_ambigua,revisar,'V-PNM/P' é média ou passiva e 'pt' é infinitivo ativo: 'resgatar'.,"Decidir pelo contexto entre leitura média/reflexiva, passiva ou ativa idiomática; não corrigir automaticamente."
σαίνεσθαι,4525,V-PNM/P,Verbo - Presente Infinitivo Média ou Passiva,abanar,"abanar, bajular",media_passiva_ambigua,revisar,'V-PNM/P' é média ou passiva e 'pt' é infinitivo ativo: 'abanar'.,"Decidir pelo contexto entre leitura média/reflexiva, passiva ou ativa idiomática; não corrigir automaticamente."
σέβεσθαι,4576,V-PNM/P,Verbo - Presente Infinitivo Média ou Passiva,adorar,"adorar, reverenciar, venerar",media_passiva_ambigua,revisar,'V-PNM/P' é média ou passiva e 'pt' é infinitivo ativo: 'adorar'.,"Decidir pelo contexto entre leitura média/reflexiva, passiva ou ativa idiomática; não corrigir automaticamente."
ἐσείσθησαν,4579,V-AIP-3P,Verbo - Aoristo Indicativo Passiva - 3ª Pessoa Plural,foram sacudido,"eles(as) foram sacudido, foram feito tremer, foram agitado",concordancia_participio,alta,Auxiliar plural com particípio aparentemente singular: 'foram sacudido'.,Revisar o número do particípio; provável forma plural terminada em '-s'.
σκανδαλισθήσομαι,4624,V-FIP-1S,Verbo - Futuro Indicativo Passiva - 1ª Pessoa Singular,tropeçarei,"eu tropeçarei, serei ofendido, me escandalizarei",passiva_a_confirmar,revisar,"'V-FIP-1S' é passiva, mas a passiva não está explícita em 'tropeçarei'.","Confirmar se a glossa pretende particípio isolado, adjetivo verbal ou construção passiva completa."
σκανδαλισθῆτε,4624,V-ASP-2P,Verbo - Aoristo Subjuntivo Passiva - 2ª Pessoa Plural,tropeceis,"vós tropeceis, sejais ofendidos, se escandalizeis",passiva_a_confirmar,revisar,"'V-ASP-2P' é passiva, mas a passiva não está explícita em 'tropeceis'.","Confirmar se a glossa pretende particípio isolado, adjetivo verbal ou construção passiva completa."
ἐσκανδαλίσθησαν,4624,V-AIP-3P,Verbo - Aoristo Indicativo Passiva - 3ª Pessoa Plural,tropeçaram,"eles(as) tropeçaram, foram ofendidos, se escandalizaram",passiva_a_confirmar,revisar,"'V-AIP-3P' é passiva, mas a passiva não está explícita em 'tropeçaram'.","Confirmar se a glossa pretende particípio isolado, adjetivo verbal ou construção passiva completa."
σκεύεσιν,4632,S-DNP,Substantivo - Dativo Neutro Plural,aos embarcações,aos embarcações,concordancia_nominal,alta,Contração masculina antes de feminino plural: 'aos embarcações'.,Trocar 'aos embarcações' por 'às embarcações'.
σκορπισθῆτε,4650,V-ASP-2P,Verbo - Aoristo Subjuntivo Passiva - 2ª Pessoa Plural,sejais espalhado,"vós sejais espalhado, sejais dispersado",concordancia_participio,alta,Auxiliar plural com particípio aparentemente singular: 'sejais espalhado'.,Revisar o número do particípio; provável forma plural terminada em '-s'.
ἐστερεώθησαν,4732,V-AIP-3P,Verbo - Aoristo Indicativo Passiva - 3ª Pessoa Plural,foram firmado,"eles(as) foram firmado, foram estabelecido, foram fortalecido",concordancia_participio,alta,Auxiliar plural com particípio aparentemente singular: 'foram firmado'.,Revisar o número do particípio; provável forma plural terminada em '-s'.
στηριχθῆναι,4741,V-ANP,Verbo - Aoristo Infinitivo Passiva,estabelecer,"estabelecer, fortalecer, consertar, definir firmemente",passiva_sem_marca,alta,"'V-ANP' é passiva, mas 'pt' está em infinitivo ativo: 'estabelecer'.",Revisar para 'ser + particípio' ou outra solução passiva adequada.
στραφῆτε,4762,V-ASP-2P,Verbo - Aoristo Subjuntivo Passiva - 2ª Pessoa Plural,sejais virado,"vós sejais virado, sejais voltado, sejais convertido",concordancia_participio,alta,Auxiliar plural com particípio aparentemente singular: 'sejais virado'.,Revisar o número do particípio; provável forma plural terminada em '-s'.
συλλημφθῆναι,4815,V-ANP,Verbo - Aoristo Infinitivo Passiva,apreender,"apreender, conceber, ajudar",passiva_sem_marca,alta,"'V-ANP' é passiva, mas 'pt' está em infinitivo ativo: 'apreender'.",Revisar para 'ser + particípio' ou outra solução passiva adequada.
συλληφθῆναι,4815,V-ANP,Verbo - Aoristo Infinitivo Passiva,apreender,"apreender, conceber, ajudar",passiva_sem_marca,alta,"'V-ANP' é passiva, mas 'pt' está em infinitivo ativo: 'apreender'.",Revisar para 'ser + particípio' ou outra solução passiva adequada.
συμπαρακληθῆναι,4837,V-ANP,Verbo - Aoristo Infinitivo Passiva,ser confortado(a),"ser confortado(a), encorajado(a), exortado(a)",passiva_a_confirmar,revisar,"'V-ANP' é passiva, mas a passiva não está explícita em 'ser confortado(a)'.","Confirmar se a glossa pretende particípio isolado, adjetivo verbal ou construção passiva completa."
συμφυεῖσαι,4855,V-APP-NFP,Verbo - Aoristo Particípio Passiva - Nominativo Feminino Plural,crescermos juntos,"crescermos juntos, nos unirmos, tricotarmos juntos",passiva_a_confirmar,revisar,"'V-APP-NFP' é passiva, mas a passiva não está explícita em 'crescermos juntos'.","Confirmar se a glossa pretende particípio isolado, adjetivo verbal ou construção passiva completa."
συνάχθητε,4863,V-AMP-2P,Verbo - Aoristo Imperativo Passiva - 2ª Pessoa Plural,sois reunido,vós sois reunido,concordancia_participio,alta,Auxiliar plural com particípio aparentemente singular: 'sois reunido'.,Revisar o número do particípio; provável forma plural terminada em '-s'.
συνετάφημεν,4916,V-AIP-1P,Verbo - Aoristo Indicativo Passiva - 1ª Pessoa Plural,fomos enterrado juntos,"nós fomos enterrado juntos, fomos sido enterrado com",concordancia_participio,alta,Auxiliar plural com particípio aparentemente singular: 'fomos enterrado'.,Revisar o número do particípio; provável forma plural terminada em '-s'.
συνίστασθαι,4921,V-PNM/P,Verbo - Presente Infinitivo Média ou Passiva,elogiar,"elogiar, estabelecer, demonstrar, provar, manter unido",media_passiva_ambigua,revisar,'V-PNM/P' é média ou passiva e 'pt' é infinitivo ativo: 'elogiar'.,"Decidir pelo contexto entre leitura média/reflexiva, passiva ou ativa idiomática; não corrigir automaticamente."
συνετέλεσεν,4931,V-APP-GFP,Verbo - Aoristo Indicativo Ativa - 3ª Pessoa Singular,completou,"ele(a) completou, realizou, pôs fim",passiva_a_confirmar,revisar,"'V-APP-GFP' é passiva, mas a passiva não está explícita em 'completou'.","Confirmar se a glossa pretende particípio isolado, adjetivo verbal ou construção passiva completa."
συνυπεκρίθησαν,4942,V-AIP-3P,Verbo - Aoristo Indicativo Passiva - 3ª Pessoa Plural,foram juntado à hipocrisia,"eles(as) foram juntado à hipocrisia, foram agido hipocritamente juntos",concordancia_participio,alta,Auxiliar plural com particípio aparentemente singular: 'foram juntado'.,Revisar o número do particípio; provável forma plural terminada em '-s'.
ἐσχίσθησαν,4977,V-AIP-3P,Verbo - Aoristo Indicativo Passiva - 3ª Pessoa Plural,foram dividido,"eles(as) foram dividido, foram separado",concordancia_participio,alta,Auxiliar plural com particípio aparentemente singular: 'foram dividido'.,Revisar o número do particípio; provável forma plural terminada em '-s'.
σώζεσθαι,4982,V-PNM/P,Verbo - Presente Infinitivo Média ou Passiva,salvar,"salvar, resgatar, libertar, curar, preservar",media_passiva_ambigua,revisar,'V-PNM/P' é média ou passiva e 'pt' é infinitivo ativo: 'salvar'.,"Decidir pelo contexto entre leitura média/reflexiva, passiva ou ativa idiomática; não corrigir automaticamente."
ταπεινοῦσθαι,5013,V-PNM/P,Verbo - Presente Infinitivo Média ou Passiva,humilhar,"humilhar, rebaixar",media_passiva_ambigua,revisar,'V-PNM/P' é média ou passiva e 'pt' é infinitivo ativo: 'humilhar'.,"Decidir pelo contexto entre leitura média/reflexiva, passiva ou ativa idiomática; não corrigir automaticamente."
ταραχθῆτε,5015,V-ASP-2P,Verbo - Aoristo Subjuntivo Passiva - 2ª Pessoa Plural,sejais perturbado,"vós sejais perturbado, sejais incomodado, sejais agitado",concordancia_participio,alta,Auxiliar plural com particípio aparentemente singular: 'sejais perturbado'.,Revisar o número do particípio; provável forma plural terminada em '-s'.
τελειωθῶσιν,5048,V-ASP-3P,Verbo - Aoristo Subjuntivo Passiva - 3ª Pessoa Plural,sejam completado,"eles(as) sejam completado, sejam aperfeiçoado, sejam realizado, sejam posto fim.",concordancia_participio,alta,Auxiliar plural com particípio aparentemente singular: 'sejam completado'.,Revisar o número do particípio; provável forma plural terminada em '-s'.
τελεσθήσονται,5055,V-FIP-3P,Verbo - Futuro Indicativo Passiva - 3ª Pessoa Plural,serão completado,"eles(as) serão completado, serão terminado, serão cumprido, serão realizado.",concordancia_participio,alta,Auxiliar plural com particípio aparentemente singular: 'serão completado'.,Revisar o número do particípio; provável forma plural terminada em '-s'.
τελεσθῆναι,5055,V-ANP,Verbo - Aoristo Infinitivo Passiva,completar,"completar, terminar, cumprir, realizar.",passiva_sem_marca,alta,"'V-ANP' é passiva, mas 'pt' está em infinitivo ativo: 'completar'.",Revisar para 'ser + particípio' ou outra solução passiva adequada.
τελεσθῶσιν,5055,V-ASP-3P,Verbo - Aoristo Subjuntivo Passiva - 3ª Pessoa Plural,sejam completado,"eles(as) sejam completado, sejam terminado, sejam cumprido, sejam realizado.",concordancia_participio,alta,Auxiliar plural com particípio aparentemente singular: 'sejam completado'.,Revisar o número do particípio; provável forma plural terminada em '-s'.
τηρηθῆναι,5083,V-ANP,Verbo - Aoristo Infinitivo Passiva,manter,"manter, guardar, observar, zelar",passiva_sem_marca,alta,"'V-ANP' é passiva, mas 'pt' está em infinitivo ativo: 'manter'.",Revisar para 'ser + particípio' ou outra solução passiva adequada.
τεθῆναι,5087,V-ANP,Verbo - Aoristo Infinitivo Passiva,colocar,"colocar, nomear, estabelecer",passiva_sem_marca,alta,"'V-ANP' é passiva, mas 'pt' está em infinitivo ativo: 'colocar'.",Revisar para 'ser + particípio' ou outra solução passiva adequada.
τεθῶσιν,5087,V-ASP-3P,Verbo - Aoristo Subjuntivo Passiva - 3ª Pessoa Plural,sejam colocado,"eles(as) sejam colocado, sejam nomeado, sejam estabelecido",concordancia_participio,alta,Auxiliar plural com particípio aparentemente singular: 'sejam colocado'.,Revisar o número do particípio; provável forma plural terminada em '-s'.
τιμωρηθῶσιν,5097,V-ASP-3P,Verbo - Aoristo Subjuntivo Passiva - 3ª Pessoa Plural,sejam punido,"eles(as) sejam punido, sejam vingado, sejam justificado",concordancia_participio,alta,Auxiliar plural com particípio aparentemente singular: 'sejam punido'.,Revisar o número do particípio; provável forma plural terminada em '-s'.
τρέφεσθαι,5142,V-PNM/P,Verbo - Presente Infinitivo Média ou Passiva,nutrir,"nutrir, alimentar, educar",media_passiva_ambigua,revisar,'V-PNM/P' é média ou passiva e 'pt' é infinitivo ativo: 'nutrir'.,"Decidir pelo contexto entre leitura média/reflexiva, passiva ou ativa idiomática; não corrigir automaticamente."
ἐτυμπανίσθησαν,5178,V-AIP-3P,Verbo - Aoristo Indicativo Passiva - 3ª Pessoa Plural,foram torturado,"eles(as) foram torturado, foram batido, foram tamborilado",concordancia_participio,alta,Auxiliar plural com particípio aparentemente singular: 'foram torturado'.,Revisar o número do particípio; provável forma plural terminada em '-s'.
τύπτεσθαι,5180,V-PNM/P,Verbo - Presente Infinitivo Média ou Passiva,golpear,"golpear, bater, ferir",media_passiva_ambigua,revisar,'V-PNM/P' é média ou passiva e 'pt' é infinitivo ativo: 'golpear'.,"Decidir pelo contexto entre leitura média/reflexiva, passiva ou ativa idiomática; não corrigir automaticamente."
τυφωθεὶς,5187,V-APP-NMS,Verbo - Aoristo Particípio Passiva - Nominativo Masculino Singular,pretensioso,pretensioso,passiva_a_confirmar,revisar,"'V-APP-NMS' é passiva, mas a passiva não está explícita em 'pretensioso'.","Confirmar se a glossa pretende particípio isolado, adjetivo verbal ou construção passiva completa."
ὑποταγησόμεθα,5293,V-FIP-1P,Verbo - Futuro Indicativo Passiva - 1ª Pessoa Plural,seremos sujeitado,"nós seremos sujeitado, seremos subordinado, seremos submetido, seremos estado sob obediência",concordancia_participio,alta,Auxiliar plural com particípio aparentemente singular: 'seremos sujeitado'.,Revisar o número do particípio; provável forma plural terminada em '-s'.
ὑψωθῆτε,5312,V-ASP-2P,Verbo - Aoristo Subjuntivo Passiva - 2ª Pessoa Plural,sejais elevado,"vós sejais elevado, sejais exaltado, sejais elevado alto",concordancia_participio,alta,Auxiliar plural com particípio aparentemente singular: 'sejais elevado'.,Revisar o número do particípio; provável forma plural terminada em '-s'.
φανῶμεν,5316,V-ASP-1P,Verbo - Aoristo Subjuntivo Passiva - 1ª Pessoa Plural,sejamos mostrado,"nós sejamos mostrado, sejamos feito aparecer, sejamos aparecido, sejamos brilhado, sejamos manifestado",concordancia_participio,alta,Auxiliar plural com particípio aparentemente singular: 'sejamos mostrado'.,Revisar o número do particípio; provável forma plural terminada em '-s'.
ἐφάνησαν,5316,V-AIP-3P,Verbo - Aoristo Indicativo Passiva - 3ª Pessoa Plural,foram mostrado,"eles(as) foram mostrado, foram feito aparecer, foram aparecido, foram brilhado, foram manifestado",concordancia_participio,alta,Auxiliar plural com particípio aparentemente singular: 'foram mostrado'.,Revisar o número do particípio; provável forma plural terminada em '-s'.
φανερωθήσεσθε,5319,V-FIP-2P,Verbo - Futuro Indicativo Passiva - 2ª Pessoa Plural,sereis tornado manifesto,"vós sereis tornado manifesto, sereis revelado, sereis dado a conhecer, sereis mostrado abertamente.",concordancia_participio,alta,Auxiliar plural com particípio aparentemente singular: 'sereis tornado'.,Revisar o número do particípio; provável forma plural terminada em '-s'.
φανερωθῶσιν,5319,V-ASP-3P,Verbo - Aoristo Subjuntivo Passiva - 3ª Pessoa Plural,sejam tornado manifesto,"eles(as) sejam tornado manifesto, sejam revelado, sejam dado a conhecer, sejam mostrado abertamente.",concordancia_participio,alta,Auxiliar plural com particípio aparentemente singular: 'sejam tornado'.,Revisar o número do particípio; provável forma plural terminada em '-s'.
φανερωθῶσιν,5319,V-ASP-3P,Verbo - Aoristo Subjuntivo Passiva - 3ª Pessoa Plural,sejam tornado manifesto,"eles(as) sejam tornado manifesto, sejam revelado, sejam dado a conhecer, sejam mostrado abertamente.",construcao_inadequada,alta,Particípio de 'tornar' sem concordância ou construção adequada.,"Usar 'tornados/tornadas' quando for passiva real, ou reescrever como 'tornaram-se'/'passaram a ser'."
ἐφανερώθησαν,5319,V-AIP-3P,Verbo - Aoristo Indicativo Passiva - 3ª Pessoa Plural,foram tornado manifesto,"eles(as) foram tornado manifesto, foram revelado, foram dado a conhecer, foram mostrado abertamente.",concordancia_participio,alta,Auxiliar plural com particípio aparentemente singular: 'foram tornado'.,Revisar o número do particípio; provável forma plural terminada em '-s'.
ἐφανερώθησαν,5319,V-AIP-3P,Verbo - Aoristo Indicativo Passiva - 3ª Pessoa Plural,foram tornado manifesto,"eles(as) foram tornado manifesto, foram revelado, foram dado a conhecer, foram mostrado abertamente.",construcao_inadequada,alta,Particípio de 'tornar' sem concordância ou construção adequada.,"Usar 'tornados/tornadas' quando for passiva real, ou reescrever como 'tornaram-se'/'passaram a ser'."
φέρεσθαι,5342,V-PNM/P,Verbo - Presente Infinitivo Média ou Passiva,suportar,"suportar, carregar, trazer, liderar",media_passiva_ambigua,revisar,'V-PNM/P' é média ou passiva e 'pt' é infinitivo ativo: 'suportar'.,"Decidir pelo contexto entre leitura média/reflexiva, passiva ou ativa idiomática; não corrigir automaticamente."
φθέγγεσθαι,5350,V-PNM/P,Verbo - Presente Infinitivo Média ou Passiva,falar,"falar, proferir, proclamar",media_passiva_ambigua,revisar,'V-PNM/P' é média ou passiva e 'pt' é infinitivo ativo: 'falar'.,"Decidir pelo contexto entre leitura média/reflexiva, passiva ou ativa idiomática; não corrigir automaticamente."
φοβηθῇς,5399,V-ASP-2S,Verbo - Aoristo Subjuntivo Passiva - 2ª Pessoa Singular,temas,"tu sejas temido, sejas tido medo, reverência",passiva_a_confirmar,revisar,"'V-ASP-2S' é passiva, mas a passiva não está explícita em 'temas'.","Confirmar se a glossa pretende particípio isolado, adjetivo verbal ou construção passiva completa."
ἐφυσιώθησάν,5448,V-AIP-3P,Verbo - Aoristo Indicativo Passiva - 3ª Pessoa Plural,foram inchado,"eles(as) foram inchado, foram inflado, foram orgulhado",concordancia_participio,alta,Auxiliar plural com particípio aparentemente singular: 'foram inchado'.,Revisar o número do particípio; provável forma plural terminada em '-s'.
φωνηθῆναι,5455,V-ANP,Verbo - Aoristo Infinitivo Passiva,chamar,"chamar, gritar, falar",passiva_sem_marca,alta,"'V-ANP' é passiva, mas 'pt' está em infinitivo ativo: 'chamar'.",Revisar para 'ser + particípio' ou outra solução passiva adequada.
χαρίζεσθαί,5483,V-PNM/P,Verbo - Presente Infinitivo Média ou Passiva,conceder,"conceder, dar livremente, perdoar, mostrar favor",media_passiva_ambigua,revisar,'V-PNM/P' é média ou passiva e 'pt' é infinitivo ativo: 'conceder'.,"Decidir pelo contexto entre leitura média/reflexiva, passiva ou ativa idiomática; não corrigir automaticamente."
χαρισθῆναι,5483,V-ANP,Verbo - Aoristo Infinitivo Passiva,conceder,"conceder, dar livremente, perdoar, mostrar favor",passiva_sem_marca,alta,"'V-ANP' é passiva, mas 'pt' está em infinitivo ativo: 'conceder'.",Revisar para 'ser + particípio' ou outra solução passiva adequada.
χορτάζεσθαι,5526,V-PNM/P,Verbo - Presente Infinitivo Média ou Passiva,alimentar,"alimentar, preencher, satisfazer",media_passiva_ambigua,revisar,'V-PNM/P' é média ou passiva e 'pt' é infinitivo ativo: 'alimentar'.,"Decidir pelo contexto entre leitura média/reflexiva, passiva ou ativa idiomática; não corrigir automaticamente."
χωρισθῆναι,5563,V-ANP,Verbo - Aoristo Infinitivo Passiva,separar,"separar, dividir, partir",passiva_sem_marca,alta,"'V-ANP' é passiva, mas 'pt' está em infinitivo ativo: 'separar'.",Revisar para 'ser + particípio' ou outra solução passiva adequada.
ὠφελήθησαν,5623,V-AIP-3P,Verbo - Aoristo Indicativo Passiva - 3ª Pessoa Plural,foram beneficiado,"eles(as) foram beneficiado, foram lucrado, foram ajudado",concordancia_participio,alta,Auxiliar plural com particípio aparentemente singular: 'foram beneficiado'.,Revisar o número do particípio; provável forma plural terminada em '-s'.
SEM NÚMERO DE OCORRÊNCIAS,,,,,,pt_vazio,alta,Campo 'pt' está vazio.,Informe uma glossa portuguesa.
ἀφέθησαν,863,V-AIP-3P,Verbo - Aoristo Indicativo Passiva - 3ª Pessoa Plural,foram mandado embora,"eles(as) foram mandado embora, foram partido, foram perdoado, foram permitido, foram abandonado",concordancia_participio,alta,Auxiliar plural com particípio aparentemente singular: 'foram mandado'.,Revisar o número do particípio; provável forma plural terminada em '-s'.
L,,,,,,pt_vazio,alta,Campo 'pt' está vazio.,Informe uma glossa portuguesa.
λογίζεσθαι,3049,V-PNM/P,Verbo - Presente Infinitivo Média ou Passiva,calcular,"calcular, considerar, contabilizar, pensar, imputar.",media_passiva_ambigua,revisar,'V-PNM/P' é média ou passiva e 'pt' é infinitivo ativo: 'calcular'.,"Decidir pelo contexto entre leitura média/reflexiva, passiva ou ativa idiomática; não corrigir automaticamente."
M,,,,,,pt_vazio,alta,Campo 'pt' está vazio.,Informe uma glossa portuguesa.
μνησθῶ,3403,V-ASP-1S,Verbo - Aoristo Subjuntivo Passiva - 1ª Pessoa Singular,lembre,"eu seja lembrado, seja estado atento",passiva_a_confirmar,revisar,"'V-ASP-1S' é passiva, mas a passiva não está explícita em 'lembre'.","Confirmar se a glossa pretende particípio isolado, adjetivo verbal ou construção passiva completa."
N,,,,,,pt_vazio,alta,Campo 'pt' está vazio.,Informe uma glossa portuguesa.
τηρεῖσθαι,5083,V-PNM/P,Verbo - Presente Infinitivo Média ou Passiva,manter,"manter, guardar, observar, zelar",media_passiva_ambigua,revisar,'V-PNM/P' é média ou passiva e 'pt' é infinitivo ativo: 'manter'.,"Decidir pelo contexto entre leitura média/reflexiva, passiva ou ativa idiomática; não corrigir automaticamente."
ἀνιστάμενος,450,V-PMP-NMS,Verbo -,levantar,"levantar, subir, levantar-se, ressuscitar",passiva_sem_marca,alta,"'V-PMP-NMS' é passiva, mas 'pt' está em infinitivo ativo: 'levantar'.",Revisar para 'ser + particípio' ou outra solução passiva adequada.
ἀπειθοῦντα,544,V-PAP-AMS,Verbo -,desobedeça,"desobedeça, seja desobediente, recuse-se a acreditar",passiva_a_confirmar,revisar,"'V-PAP-AMS' é passiva, mas a passiva não está explícita em 'desobedeça'.","Confirmar se a glossa pretende particípio isolado, adjetivo verbal ou construção passiva completa."
ἀποδιδοὺς,591,V-PAP-NMS,Verbo -,retribuir,"retribuir, devolver, render",passiva_sem_marca,alta,"'V-PAP-NMS' é passiva, mas 'pt' está em infinitivo ativo: 'retribuir'.",Revisar para 'ser + particípio' ou outra solução passiva adequada.
ἀποκτένεσθαι,615,V-PNP,Verbo - Presente Infinitivo Passiva,matar,"matar, assassinar, condenar à morte",passiva_sem_marca,alta,"'V-PNP' é passiva, mas 'pt' está em infinitivo ativo: 'matar'.",Revisar para 'ser + particípio' ou outra solução passiva adequada.
ἀρξάμενον,756,V-AMP-ANS,Verbo - Aoristo Particípio Média - Acusativo Neutro Singular,tendo começado,tendo começado,passiva_a_confirmar,revisar,"'V-AMP-ANS' é passiva, mas a passiva não está explícita em 'tendo começado'.","Confirmar se a glossa pretende particípio isolado, adjetivo verbal ou construção passiva completa."
γεγενῆσθαι,1096,V-RNP,Verbo - Perfeito Infinitivo Passiva,ser feito,"tornar-se, vir a ser, acontecer, ser feito",passiva_a_confirmar,revisar,"'V-RNP' é passiva, mas a passiva não está explícita em 'ser feito'.","Confirmar se a glossa pretende particípio isolado, adjetivo verbal ou construção passiva completa."
διαπορεῖσθαι,1280,V-PNP,Verbo - Presente Infinitivo Passiva,estar perplexo,"estar perplexo, estar em dúvida, estar perdido",passiva_a_confirmar,revisar,"'V-PNP' é passiva, mas a passiva não está explícita em 'estar perplexo'.","Confirmar se a glossa pretende particípio isolado, adjetivo verbal ou construção passiva completa."
διαταξάμενός,1299,V-AMP-NMS,Verbo -,organizar,"organizar, ordenar, comandar, dirigir",passiva_sem_marca,alta,"'V-AMP-NMS' é passiva, mas 'pt' está em infinitivo ativo: 'organizar'.",Revisar para 'ser + particípio' ou outra solução passiva adequada.
διεδίδοτο,1239,V-IIP-3S,Verbo - Imperfeito Indicativo Passiva - 3ª Pessoa Singular,era distribuído,"ele(a) era distribuído, era dividido entre.",passiva_a_confirmar,revisar,"'V-IIP-3S' é passiva, mas a passiva não está explícita em 'era distribuído'.","Confirmar se a glossa pretende particípio isolado, adjetivo verbal ou construção passiva completa."
διερρήγνυτο,1284,V-IIP-3S,Verbo - Imperfeito Indicativo Passiva - 3ª Pessoa Singular,era rasgado(a),"ele(a) era rasgado, era estourado",passiva_a_confirmar,revisar,"'V-IIP-3S' é passiva, mas a passiva não está explícita em 'era rasgado(a)'.","Confirmar se a glossa pretende particípio isolado, adjetivo verbal ou construção passiva completa."
διηγείρετο,1326,V-IIP-3S,Verbo - Imperfeito Indicativo Passiva - 3ª Pessoa Singular,era despertado(a),"ele(a) era despertado, era agitado",passiva_a_confirmar,revisar,"'V-IIP-3S' é passiva, mas a passiva não está explícita em 'era despertado(a)'.","Confirmar se a glossa pretende particípio isolado, adjetivo verbal ou construção passiva completa."
διορυγῆναι,1358,V-ANP,Verbo - Aoristo Infinitivo Passiva,cavar,"cavar, romper",passiva_sem_marca,alta,"'V-ANP' é passiva, mas 'pt' está em infinitivo ativo: 'cavar'.",Revisar para 'ser + particípio' ou outra solução passiva adequada.
ἐγκόπτω,1465,V-PNP,Verbo - Presente Infinitivo Passiva,impedir,"impedir, cortar",passiva_sem_marca,alta,"'V-PNP' é passiva, mas 'pt' está em infinitivo ativo: 'impedir'.",Revisar para 'ser + particípio' ou outra solução passiva adequada.
ἐδεσμεῖτο,1196,V-IIP-3S,Verbo - Imperfeito Indicativo Passiva - 3ª Pessoa Singular,era amarrado,"ele(a) era amarrado, era prendido",passiva_a_confirmar,revisar,"'V-IIP-3S' é passiva, mas a passiva não está explícita em 'era amarrado'.","Confirmar se a glossa pretende particípio isolado, adjetivo verbal ou construção passiva completa."
ἐκδέχεται,1551,V-PIM/P-3S,Verbo - Presente Indicativo Média ou Passiva - 3ª Pessoa Singular,esperar,"esperar, procurar",media_passiva_ambigua,revisar,'V-PIM/P-3S' é média ou passiva e 'pt' é infinitivo ativo: 'esperar'.,"Decidir pelo contexto entre leitura média/reflexiva, passiva ou ativa idiomática; não corrigir automaticamente."
ἐλεηθῶσιν,1653,V-ASP-3P,Verbo - Aoristo Subjuntivo Passiva - 3ª Pessoa Plural,sejam tido misericórdia,"eles(as) sejam tido misericórdia, sejam mostrado compaixão, sejam sido misericordioso.",concordancia_participio,alta,Auxiliar plural com particípio aparentemente singular: 'sejam tido'.,Revisar o número do particípio; provável forma plural terminada em '-s'.
ἐλιθάσθησαν,3034,V-AIP-3P,Verbo - Aoristo Indicativo Passiva - 3ª Pessoa Plural,foram apedrejado,"eles(as) foram apedrejado, foram atirado pedras",concordancia_participio,alta,Auxiliar plural com particípio aparentemente singular: 'foram apedrejado'.,Revisar o número do particípio; provável forma plural terminada em '-s'.
ἐλογίσθημεν,3049,V-AIP-1P,Verbo - Aoristo Indicativo Passiva - 1ª Pessoa Plural,fomos calculado,"nós fomos calculado, fomos considerado, fomos contabilizado, fomos pensado, fomos imputado.",concordancia_participio,alta,Auxiliar plural com particípio aparentemente singular: 'fomos calculado'.,Revisar o número do particípio; provável forma plural terminada em '-s'.
ἐνεδυναμώθησαν,1743,V-AIP-3P,Verbo - Aoristo Indicativo Passiva - 3ª Pessoa Plural,foram capacitado,"eles(as) foram capacitado, foram fortalecido, foram tornado forte",concordancia_participio,alta,Auxiliar plural com particípio aparentemente singular: 'foram capacitado'.,Revisar o número do particípio; provável forma plural terminada em '-s'.
ἐνεχθῆναι,5342,V-ANP,Verbo - Aoristo Infinitivo Passiva,suportar,"suportar, carregar, trazer, liderar",passiva_sem_marca,alta,"'V-ANP' é passiva, mas 'pt' está em infinitivo ativo: 'suportar'.",Revisar para 'ser + particípio' ou outra solução passiva adequada.
ἐξεκόπης,1581,V-APP-2S,Verbo - Aoristo Particípio Ativa,tendo cortado,"tendo cortado, tendo removido",passiva_a_confirmar,revisar,"'V-APP-2S' é passiva, mas a passiva não está explícita em 'tendo cortado'.","Confirmar se a glossa pretende particípio isolado, adjetivo verbal ou construção passiva completa."
ἐξεχεῖτο,1632,V-IIP-3S,Verbo - Imperfeito Indicativo Passiva - 3ª Pessoa Singular,era derramado,ele(a) era derramado,passiva_a_confirmar,revisar,"'V-IIP-3S' é passiva, mas a passiva não está explícita em 'era derramado'.","Confirmar se a glossa pretende particípio isolado, adjetivo verbal ou construção passiva completa."
ἐπερχομέναις,1904,V-PNP-DPF,Verbo - Presente Particípio Média - Dativo Feminino Plural,chegando,"chegando, ultrapassando, aproximando",passiva_a_confirmar,revisar,"'V-PNP-DPF' é passiva, mas a passiva não está explícita em 'chegando'.","Confirmar se a glossa pretende particípio isolado, adjetivo verbal ou construção passiva completa."
ἐπιστραφῶσιν,1994,V-ASP-3P,Verbo - Aoristo Particípio Ativa,tendo virado,"tendo virado, tendo voltado, tendo voltado atrás, tendo convertido",passiva_a_confirmar,revisar,"'V-ASP-3P' é passiva, mas a passiva não está explícita em 'tendo virado'.","Confirmar se a glossa pretende particípio isolado, adjetivo verbal ou construção passiva completa."
ἐπιφέρεσθαι,2018,V-PNP,Verbo - Presente Infinitivo Passiva,trazer,"trazer, infligir, impor",passiva_sem_marca,alta,"'V-PNP' é passiva, mas 'pt' está em infinitivo ativo: 'trazer'.",Revisar para 'ser + particípio' ou outra solução passiva adequada.
ἐπωρώθησαν,4456,V-AIP-3P,Verbo - Aoristo Indicativo Passiva - 3ª Pessoa Plural,foram endurecido,"eles(as) foram endurecido, foram tornado insensível",concordancia_participio,alta,Auxiliar plural com particípio aparentemente singular: 'foram endurecido'.,Revisar o número do particípio; provável forma plural terminada em '-s'.
ἑρμηνευόμενον,2059,V-PPP-NNS,Verbo -,interpretar,"interpretar, traduzir, explicar",passiva_sem_marca,alta,"'V-PPP-NNS' é passiva, mas 'pt' está em infinitivo ativo: 'interpretar'.",Revisar para 'ser + particípio' ou outra solução passiva adequada.
ἐρρήθησαν,2046,V-AIP-3P,Verbo - Aoristo Indicativo Passiva - 3ª Pessoa Plural,foram dito,"eles(as) foram dito, foram falado, foram contado",concordancia_participio,alta,Auxiliar plural com particípio aparentemente singular: 'foram dito'.,Revisar o número do particípio; provável forma plural terminada em '-s'.
ἐσώθημεν,4982,V-AIP-1P,Verbo - Aoristo Indicativo Passiva - 1ª Pessoa Plural,fomos salvado,"nós fomos salvado, fomos resgatado, fomos libertado, fomos curado, fomos preservado",concordancia_participio,alta,Auxiliar plural com particípio aparentemente singular: 'fomos salvado'.,Revisar o número do particípio; provável forma plural terminada em '-s'.
εὐλογημένοι,2127,V-RPP-NMP,Verbo -,abençoar,"abençoar, louvar, falar bem de",passiva_sem_marca,alta,"'V-RPP-NMP' é passiva, mas 'pt' está em infinitivo ativo: 'abençoar'.",Revisar para 'ser + particípio' ou outra solução passiva adequada.
εὑρίσκετο,2147,V-IIP-3S,Verbo - Imperfeito Indicativo Passiva - 3ª Pessoa Singular,era encontrado,"ele(a) era encontrado, era descoberto, era obtido",passiva_a_confirmar,revisar,"'V-IIP-3S' é passiva, mas a passiva não está explícita em 'era encontrado'.","Confirmar se a glossa pretende particípio isolado, adjetivo verbal ou construção passiva completa."
εὐφρανθήσονται,2165,V-FIP-3P,Verbo - Futuro Indicativo Passiva - 3ª Pessoa Plural,serão alegrado,eles(as) serão alegrado,concordancia_participio,alta,Auxiliar plural com particípio aparentemente singular: 'serão alegrado'.,Revisar o número do particípio; provável forma plural terminada em '-s'.
εὐφράνθητε,2165,V-AMP-2P,Verbo - Aoristo Imperativo Passiva - 2ª Pessoa Plural,sois alegrado,vós sois alegrado,concordancia_participio,alta,Auxiliar plural com particípio aparentemente singular: 'sois alegrado'.,Revisar o número do particípio; provável forma plural terminada em '-s'.
ἡγιασμένη,37,V-RPP-NFS,Verbo -,santificar,"santificar, tornar santo, consagrar, separar",passiva_sem_marca,alta,"'V-RPP-NFS' é passiva, mas 'pt' está em infinitivo ativo: 'santificar'.",Revisar para 'ser + particípio' ou outra solução passiva adequada.
ἡττήθητε,2274,V-AIP-2P,Verbo - Aoristo Indicativo Passiva - 2ª Pessoa Plural,fostes sido derrotado,"vós fostes sido derrotado, fostes sido inferior, fostes sido superado",concordancia_participio,alta,Auxiliar plural com particípio aparentemente singular: 'fostes sido'.,Revisar o número do particípio; provável forma plural terminada em '-s'.
ἤχθημεν,71,V-AIP-1P,Verbo - Aoristo Indicativo Passiva - 1ª Pessoa Plural,fomos liderado,"nós fomos liderado, fomos trazido, fomos carregado, fomos guiado",concordancia_participio,alta,Auxiliar plural com particípio aparentemente singular: 'fomos liderado'.,Revisar o número do particípio; provável forma plural terminada em '-s'.
ἠχρειώθησαν,889,V-AIP-3P,Verbo - Aoristo Indicativo Passiva - 3ª Pessoa Plural,foram tornado inútil,eles(as) foram tornado inútil,concordancia_participio,alta,Auxiliar plural com particípio aparentemente singular: 'foram tornado'.,Revisar o número do particípio; provável forma plural terminada em '-s'.
ἠχρειώθησαν,889,V-AIP-3P,Verbo - Aoristo Indicativo Passiva - 3ª Pessoa Plural,foram tornado inútil,eles(as) foram tornado inútil,construcao_inadequada,alta,Particípio de 'tornar' sem concordância ou construção adequada.,"Usar 'tornados/tornadas' quando for passiva real, ou reescrever como 'tornaram-se'/'passaram a ser'."
ἱερουργοῦντα,2418,V-PAP-AMS,Verbo -,ministrar coisas sagradas,"ministrar coisas sagradas, realizar ritos sagrados",passiva_a_confirmar,revisar,"'V-PAP-AMS' é passiva, mas a passiva não está explícita em 'ministrar coisas sagradas'.","Confirmar se a glossa pretende particípio isolado, adjetivo verbal ou construção passiva completa."
καταξιωθῆτε,2661,V-ASP-2P,Verbo - Aoristo Subjuntivo Passiva - 2ª Pessoa Plural,sejais considerado digno,vós sejais considerado digno,concordancia_participio,alta,Auxiliar plural com particípio aparentemente singular: 'sejais considerado'.,Revisar o número do particípio; provável forma plural terminada em '-s'.
καταφθαρήσονται,2704,V-FIP-3P,Verbo - Futuro Indicativo Passiva - 3ª Pessoa Plural,serão corrompido,"eles(as) serão corrompido, serão destruído, serão arruinado",concordancia_participio,alta,Auxiliar plural com particípio aparentemente singular: 'serão corrompido'.,Revisar o número do particípio; provável forma plural terminada em '-s'.
κατηραμένοι,2672,V-RPP-NMP,Verbo -,amaldiçoar,"amaldiçoar, invocar o mal sobre",passiva_sem_marca,alta,"'V-RPP-NMP' é passiva, mas 'pt' está em infinitivo ativo: 'amaldiçoar'.",Revisar para 'ser + particípio' ou outra solução passiva adequada.
κατηργήθημεν,2673,V-AIP-1P,Verbo - Aoristo Indicativo Passiva - 1ª Pessoa Plural,fomos abolido,"nós fomos abolido, fomos anulado, fomos tornado ineficaz, fomos posto fim",concordancia_participio,alta,Auxiliar plural com particípio aparentemente singular: 'fomos abolido'.,Revisar o número do particípio; provável forma plural terminada em '-s'.
κατηρτισμένα,2675,V-RPP-ANP,Verbo -,restaurar,"restaurar, equipar, aperfeiçoar, preparar, consertar",passiva_sem_marca,alta,"'V-RPP-ANP' é passiva, mas 'pt' está em infinitivo ativo: 'restaurar'.",Revisar para 'ser + particípio' ou outra solução passiva adequada.
κληθέντος,2564,V-APP-GMS,Verbo -,chamar,"chamar, nomear, convidar",passiva_sem_marca,alta,"'V-APP-GMS' é passiva, mas 'pt' está em infinitivo ativo: 'chamar'.",Revisar para 'ser + particípio' ou outra solução passiva adequada.
κολλώμενοι,2853,V-PPP-NMP,Verbo -,unir,"unir, aderir",passiva_sem_marca,alta,"'V-PPP-NMP' é passiva, mas 'pt' está em infinitivo ativo: 'unir'.",Revisar para 'ser + particípio' ou outra solução passiva adequada.
κομιούμενοι,2865,V-FDP-NMP,Verbo -,receber,"receber, trazer, carregar, recuperar",passiva_sem_marca,alta,"'V-FDP-NMP' é passiva, mas 'pt' está em infinitivo ativo: 'receber'.",Revisar para 'ser + particípio' ou outra solução passiva adequada.
λαλήσαντος,2980,V-AAP-GMS,Verbo -,falar,"falar, proferir",passiva_sem_marca,alta,"'V-AAP-GMS' é passiva, mas 'pt' está em infinitivo ativo: 'falar'.",Revisar para 'ser + particípio' ou outra solução passiva adequada.
λιθοβολεῖσθαι,3036,V-PNP,Verbo - Presente Infinitivo Passiva,apedrejar,"apedrejar, atirar pedras",passiva_sem_marca,alta,"'V-PNP' é passiva, mas 'pt' está em infinitivo ativo: 'apedrejar'.",Revisar para 'ser + particípio' ou outra solução passiva adequada.
μεταδιδούς,3330,V-PAP-NMS,Verbo -,compartilhar,"compartilhar, transmitir, dar",passiva_sem_marca,alta,"'V-PAP-NMS' é passiva, mas 'pt' está em infinitivo ativo: 'compartilhar'.",Revisar para 'ser + particípio' ou outra solução passiva adequada.
μεταμορφοῦσθαι,3339,V-PNP,Verbo - Presente Infinitivo Passiva,transformar,"transformar, mudar de forma",passiva_sem_marca,alta,"'V-PNP' é passiva, mas 'pt' está em infinitivo ativo: 'transformar'.",Revisar para 'ser + particípio' ou outra solução passiva adequada.
μεταστραφήτω,3344,V-AMP-3S,Verbo - Aoristo Imperativo Passiva,mudar,"mudar, alterar, perverter, transformar",passiva_sem_marca,alta,"'V-AMP-3S' é passiva, mas 'pt' está em infinitivo ativo: 'mudar'.",Revisar para 'ser + particípio' ou outra solução passiva adequada.
ὀνειδιζόμεθα,3679,V-PPI-1P,Verbo - Presente Indicativo Passiva - 1ª Pessoa Plural,somos censurado,"nós somos censurado, somos insultado, somos insultado ou repreender.",concordancia_participio,alta,Auxiliar plural com particípio aparentemente singular: 'somos censurado'.,Revisar o número do particípio; provável forma plural terminada em '-s'.
παρεδίδοτο,3860,V-IIP-3S,Verbo - Imperfeito Indicativo Passiva - 3ª Pessoa Singular,era entregado,"ele(a) era entregado, era traído, era confiado",passiva_a_confirmar,revisar,"'V-IIP-3S' é passiva, mas a passiva não está explícita em 'era entregado'.","Confirmar se a glossa pretende particípio isolado, adjetivo verbal ou construção passiva completa."
πεινῶντα,3983,V-PAP-AMS,Verbo -,ter fome,ter fome,passiva_a_confirmar,revisar,"'V-PAP-AMS' é passiva, mas a passiva não está explícita em 'ter fome'.","Confirmar se a glossa pretende particípio isolado, adjetivo verbal ou construção passiva completa."
πεπραμένος,4097,V-RPP-NMS,Verbo -,vender,"vender, ser vendido",passiva_sem_marca,alta,"'V-RPP-NMS' é passiva, mas 'pt' está em infinitivo ativo: 'vender'.",Revisar para 'ser + particípio' ou outra solução passiva adequada.
πορευόμεναι,4198,V-PNP-NFP,Verbo - Presente Particípio - Nominativo Feminino Plural,indo,"indo, prosseguindo, viajando",passiva_a_confirmar,revisar,"'V-PNP-NFP' é passiva, mas a passiva não está explícita em 'indo'.","Confirmar se a glossa pretende particípio isolado, adjetivo verbal ou construção passiva completa."
προϊστάμενος,4291,V-PMP-NMS,Verbo -,liderar,"liderar, gerenciar, governar, cuidar",passiva_sem_marca,alta,"'V-PMP-NMS' é passiva, mas 'pt' está em infinitivo ativo: 'liderar'.",Revisar para 'ser + particípio' ou outra solução passiva adequada.
προνοούμενοι,4306,V-PMP-NMP,Verbo -,prever,"prever, pensar",passiva_sem_marca,alta,"'V-PMP-NMP' é passiva, mas 'pt' está em infinitivo ativo: 'prever'.",Revisar para 'ser + particípio' ou outra solução passiva adequada.
συγκατατεθειμένος,4784,V-RNP-NMS,Verbo - Perfeito Particípio - Nominativo Masculino Singular,tendo concordado com,"tendo concordado com, tendo consentido, tendo assentido",passiva_a_confirmar,revisar,"'V-RNP-NMS' é passiva, mas a passiva não está explícita em 'tendo concordado com'.","Confirmar se a glossa pretende particípio isolado, adjetivo verbal ou construção passiva completa."
συνδοξασθῶμεν,4888,V-ASP-1P,Verbo - Aoristo Subjuntivo Passiva - 1ª Pessoa Plural,sejamos glorificado juntos,"nós sejamos glorificado juntos, sejamos compartilhado a glória",concordancia_participio,alta,Auxiliar plural com particípio aparentemente singular: 'sejamos glorificado'.,Revisar o número do particípio; provável forma plural terminada em '-s'.
συνεπιμαρτυροῦντος,4901,V-PAP-GMS,Verbo -,testificar com,"testificar com, confirmar, testemunhar juntos",passiva_a_confirmar,revisar,"'V-PAP-GMS' é passiva, mas a passiva não está explícita em 'testificar com'.","Confirmar se a glossa pretende particípio isolado, adjetivo verbal ou construção passiva completa."
συστρέψαντος,4962,V-AAP-GMS,Verbo -,torcer junto,"torcer junto, juntar, enrolar",passiva_a_confirmar,revisar,"'V-AAP-GMS' é passiva, mas a passiva não está explícita em 'torcer junto'.","Confirmar se a glossa pretende particípio isolado, adjetivo verbal ou construção passiva completa."
τεταγμέναι,5021,V-RPP-NFP,Verbo -,arranjar,"arranjar, nomear, ordenar",passiva_sem_marca,alta,"'V-RPP-NFP' é passiva, mas 'pt' está em infinitivo ativo: 'arranjar'.",Revisar para 'ser + particípio' ou outra solução passiva adequada.
ὑπετάγη,5293,V-APP-3S,Verbo - Aoristo Particípio Ativa,tendo sujeitado,"tendo sujeitado, tendo subordinado, tendo submetido, tendo estado sob obediência",passiva_a_confirmar,revisar,"'V-APP-3S' é passiva, mas a passiva não está explícita em 'tendo sujeitado'.","Confirmar se a glossa pretende particípio isolado, adjetivo verbal ou construção passiva completa."
ὑπετάγησαν,5293,V-APP-3P,Verbo - Aoristo Particípio Ativa,tendo sujeitado,"tendo sujeitado, tendo subordinado, tendo submetido, tendo estado sob obediência",passiva_a_confirmar,revisar,"'V-APP-3P' é passiva, mas a passiva não está explícita em 'tendo sujeitado'.","Confirmar se a glossa pretende particípio isolado, adjetivo verbal ou construção passiva completa."
χρονίζοντος,5549,V-PAP-GMS,Verbo -,atrasar,"atrasar, demorar",passiva_sem_marca,alta,"'V-PAP-GMS' é passiva, mas 'pt' está em infinitivo ativo: 'atrasar'.",Revisar para 'ser + particípio' ou outra solução passiva adequada.
