forma_grega,strongs,abrev_morf,morfologia,pt,traducao,tipo,prioridade,achado,sugestao
ἐντραπήσονται,1788,V-FIP-3P,Verbo - Futuro Indicativo Passiva - 3ª Pessoa Plural,serão respeitado,"eles(as) serão respeitado, serão envergonhado, serão reverenciado",concordancia_participio,alta,Auxiliar plural com particípio aparentemente singular: 'serão respeitado'.,Revisar o número do particípio; forma plural provável: 'respeitados'.
ἐπλανήθησαν,4105,V-AIP-3P,Verbo - Aoristo Indicativo Passiva - 3ª Pessoa Plural,foram desviado,"eles(as) foram desviado, foram saido do caminho",concordancia_participio,alta,Auxiliar plural com particípio aparentemente singular: 'foram desviado'.,Revisar o número do particípio; forma plural provável: 'desviados'.
ἀναπαήσονται,373,V-FIP-3P,Verbo - Futuro Indicativo Passiva - 3ª Pessoa Plural,serão descansado,"eles(as) serão descansado, serão refrescado, serão dado descanso",concordancia_participio,alta,Auxiliar plural com particípio aparentemente singular: 'serão descansado'.,Revisar o número do particípio; forma plural provável: 'descansados'.
ἠδυνήθητε,1410,V-AIP-2P,Verbo - Aoristo Indicativo Passiva - 2ª Pessoa Plural,fostes sido capaz,"vós fostes sido capaz, fostes tido poder",concordancia_participio,alta,Auxiliar plural com particípio aparentemente singular: 'fostes sido'.,Reescrever a construção; 'sido' não deve ser pluralizado.
ἐνυπνιασθήσονται,1797,V-FIP-3P,Verbo - Futuro Indicativo Passiva - 3ª Pessoa Plural,serão sonhado,eles(as) serão sonhado,concordancia_participio,alta,Auxiliar plural com particípio aparentemente singular: 'serão sonhado'.,Revisar o número do particípio; forma plural provável: 'sonhados'.
ἡσσώθητε,2274,V-AIP-2P,Verbo - Aoristo Indicativo Passiva - 2ª Pessoa Plural,fostes sido derrotado,"vós fostes sido derrotado, fostes sido inferior, fostes sido superado",concordancia_participio,alta,Auxiliar plural com particípio aparentemente singular: 'fostes sido'.,Reescrever a construção; 'sido' não deve ser pluralizado.
πλανηθῆτε,4105,V-ASP-2P,Verbo - Aoristo Subjuntivo Passiva - 2ª Pessoa Plural,sejais desviado,"vós sejais desviado, sejais saido do caminho",concordancia_participio,alta,Auxiliar plural com particípio aparentemente singular: 'sejais desviado'.,Revisar o número do particípio; forma plural provável: 'desviados'.
πλεονεκτηθῶμεν,4122,V-ASP-1P,Verbo - Aoristo Subjuntivo Passiva - 1ª Pessoa Plural,sejamos cobiçado,"nós sejamos cobiçado, sejamos fraudado, sejamos tirado vantagem",concordancia_participio,alta,Auxiliar plural com particípio aparentemente singular: 'sejamos cobiçado'.,Revisar o número do particípio; forma plural provável: 'cobiçados'.
ἡττήθητε,2274,V-AIP-2P,Verbo - Aoristo Indicativo Passiva - 2ª Pessoa Plural,fostes sido derrotado,"vós fostes sido derrotado, fostes sido inferior, fostes sido superado",concordancia_participio,alta,Auxiliar plural com particípio aparentemente singular: 'fostes sido'.,Reescrever a construção; 'sido' não deve ser pluralizado.
σωθῆναι,4982,V-ANP,Verbo - Aoristo Infinitivo Passiva,salvar,salvar,passiva_sem_marca,alta,"'V-ANP' é passiva, mas 'pt' está em infinitivo ativo: 'salvar'.","Revisar para uma forma passiva adequada, quando o contexto exigir."
ἀφιέναι,863,V-ANP,Verbo - Aoristo Infinitivo Passiva,perdoar,"ser perdoado(a), cancelado(a), despedido(a)",passiva_sem_marca,alta,"'V-ANP' é passiva, mas 'pt' está em infinitivo ativo: 'perdoar'.","Revisar para uma forma passiva adequada, quando o contexto exigir."
ἐγερθῆναί,1453,V-ANP,Verbo - Aoristo Infinitivo Passiva,levantar,"levantar, despertar",passiva_sem_marca,alta,"'V-ANP' é passiva, mas 'pt' está em infinitivo ativo: 'levantar'.","Revisar para uma forma passiva adequada, quando o contexto exigir."
ἀχθῆναι,71,V-ANP,Verbo - Aoristo Infinitivo Passiva,levar,"levar, conduzir, trazer",passiva_sem_marca,alta,"'V-ANP' é passiva, mas 'pt' está em infinitivo ativo: 'levar'.","Revisar para uma forma passiva adequada, quando o contexto exigir."
ἀποδοκιμασθῆναι,593,V-ANP,Verbo - Aoristo Infinitivo Passiva,rejeitar,"rejeitar, desaprovar, repudiar",passiva_sem_marca,alta,"'V-ANP' é passiva, mas 'pt' está em infinitivo ativo: 'rejeitar'.","Revisar para uma forma passiva adequada, quando o contexto exigir."
γεννηθῆναι,1080,V-ANP,Verbo - Aoristo Infinitivo Passiva,gerar,"gerar, dar à luz, produzir.",passiva_sem_marca,alta,"'V-ANP' é passiva, mas 'pt' está em infinitivo ativo: 'gerar'.","Revisar para uma forma passiva adequada, quando o contexto exigir."
περιτέμνεσθαι,4059,V-PNP,Verbo - Presente Infinitivo Passiva,circuncidar,circuncidar,passiva_sem_marca,alta,"'V-PNP' é passiva, mas 'pt' está em infinitivo ativo: 'circuncidar'.","Revisar para uma forma passiva adequada, quando o contexto exigir."
σταυρωθῆναι,4717,V-ANP,Verbo - Aoristo Infinitivo Passiva,crucificar,"ser crucificado, pendurado numa cruz ou estaca",passiva_sem_marca,alta,"'V-ANP' é passiva, mas 'pt' está em infinitivo ativo: 'crucificar'.","Revisar para uma forma passiva adequada, quando o contexto exigir."
ἀναχθῆναι,321,V-ANP,Verbo - Aoristo Infinitivo Passiva,conduzir,conduzir,passiva_sem_marca,alta,"'V-ANP' é passiva, mas 'pt' está em infinitivo ativo: 'conduzir'.","Revisar para uma forma passiva adequada, quando o contexto exigir."
ἀναιρεθῆναι,337,V-ANP,Verbo - Aoristo Infinitivo Passiva,tomar,"tomar, matar, abolir, destruir",passiva_sem_marca,alta,"'V-ANP' é passiva, mas 'pt' está em infinitivo ativo: 'tomar'.","Revisar para uma forma passiva adequada, quando o contexto exigir."
ἀποδοθῆναι,591,V-ANP,Verbo - Aoristo Infinitivo Passiva,retribuir,"retribuir, devolver, render",passiva_sem_marca,alta,"'V-ANP' é passiva, mas 'pt' está em infinitivo ativo: 'retribuir'.","Revisar para uma forma passiva adequada, quando o contexto exigir."
δεθῆναι,1210,V-ANP,Verbo - Aoristo Infinitivo Passiva,amarrar,"amarrar, prender",passiva_sem_marca,alta,"'V-ANP' é passiva, mas 'pt' está em infinitivo ativo: 'amarrar'.","Revisar para uma forma passiva adequada, quando o contexto exigir."
διακονηθῆναι,1247,V-ANP,Verbo - Aoristo Infinitivo Passiva,servir,"servir, ministrar, atender",passiva_sem_marca,alta,"'V-ANP' é passiva, mas 'pt' está em infinitivo ativo: 'servir'.","Revisar para uma forma passiva adequada, quando o contexto exigir."
δικαιωθῆναι,1344,V-ANP,Verbo - Aoristo Infinitivo Passiva,justificar,"justificar, declarar justo, absolver",passiva_sem_marca,alta,"'V-ANP' é passiva, mas 'pt' está em infinitivo ativo: 'justificar'.","Revisar para uma forma passiva adequada, quando o contexto exigir."
διορυχθῆναι,1358,V-ANP,Verbo - Aoristo Infinitivo Passiva,cavar,"cavar, romper",passiva_sem_marca,alta,"'V-ANP' é passiva, mas 'pt' está em infinitivo ativo: 'cavar'.","Revisar para uma forma passiva adequada, quando o contexto exigir."
κηρυχθῆναι,2784,V-ANP,Verbo - Aoristo Infinitivo Passiva,proclamar,"proclamar, pregar, anunciar",passiva_sem_marca,alta,"'V-ANP' é passiva, mas 'pt' está em infinitivo ativo: 'proclamar'.","Revisar para uma forma passiva adequada, quando o contexto exigir."
κρυβῆναι,2928,V-ANP,Verbo - Aoristo Infinitivo Passiva,esconder,"esconder, manter segredo",passiva_sem_marca,alta,"'V-ANP' é passiva, mas 'pt' está em infinitivo ativo: 'esconder'.","Revisar para uma forma passiva adequada, quando o contexto exigir."
λαληθῆναι,2980,V-ANP,Verbo - Aoristo Infinitivo Passiva,falar,"falar, proferir",passiva_sem_marca,alta,"'V-ANP' é passiva, mas 'pt' está em infinitivo ativo: 'falar'.","Revisar para uma forma passiva adequada, quando o contexto exigir."
λογισθῆναι,3049,V-ANP,Verbo - Aoristo Infinitivo Passiva,calcular,"calcular, considerar, contabilizar, pensar, imputar.",passiva_sem_marca,alta,"'V-ANP' é passiva, mas 'pt' está em infinitivo ativo: 'calcular'.","Revisar para uma forma passiva adequada, quando o contexto exigir."
παραδοθῆναι,3860,V-ANP,Verbo - Aoristo Infinitivo Passiva,entregar,"entregar, trair, confiar",passiva_sem_marca,alta,"'V-ANP' é passiva, mas 'pt' está em infinitivo ativo: 'entregar'.","Revisar para uma forma passiva adequada, quando o contexto exigir."
πληρωθῆναι,4137,V-ANP,Verbo - Aoristo Infinitivo Passiva,preencher,"preencher, completar, cumprir",passiva_sem_marca,alta,"'V-ANP' é passiva, mas 'pt' está em infinitivo ativo: 'preencher'.","Revisar para uma forma passiva adequada, quando o contexto exigir."
προπεμφθῆναι,4311,V-ANP,Verbo - Aoristo Infinitivo Passiva,enviar,"enviar, acompanhar, escoltar",passiva_sem_marca,alta,"'V-ANP' é passiva, mas 'pt' está em infinitivo ativo: 'enviar'.","Revisar para uma forma passiva adequada, quando o contexto exigir."
σαλευθῆναι,4531,V-ANP,Verbo - Aoristo Infinitivo Passiva,sacudir,"sacudir, mover, perturbar, ficar inquieto",passiva_sem_marca,alta,"'V-ANP' é passiva, mas 'pt' está em infinitivo ativo: 'sacudir'.","Revisar para uma forma passiva adequada, quando o contexto exigir."
συναχθῆναι,4863,V-ANP,Verbo - Aoristo Infinitivo Passiva,reunir,reunir,passiva_sem_marca,alta,"'V-ANP' é passiva, mas 'pt' está em infinitivo ativo: 'reunir'.","Revisar para uma forma passiva adequada, quando o contexto exigir."
ὑψωθῆναι,5312,V-ANP,Verbo - Aoristo Infinitivo Passiva,elevar,"elevar, exaltar, elevar alto",passiva_sem_marca,alta,"'V-ANP' é passiva, mas 'pt' está em infinitivo ativo: 'elevar'.","Revisar para uma forma passiva adequada, quando o contexto exigir."
ἀναγνωσθῆναι,314,V-ANP,Verbo - Aoristo Infinitivo Passiva,ler,"ler, reconhecer, saber de novo",passiva_sem_marca,alta,"'V-ANP' é passiva, mas 'pt' está em infinitivo ativo: 'ler'.","Revisar para uma forma passiva adequada, quando o contexto exigir."
ἀνακλιθῆναι,347,V-ANP,Verbo - Aoristo Infinitivo Passiva,reclinar,"reclinar, deitar, recostar",passiva_sem_marca,alta,"'V-ANP' é passiva, mas 'pt' está em infinitivo ativo: 'reclinar'.","Revisar para uma forma passiva adequada, quando o contexto exigir."
ἀνακλῖναι,347,V-ANP,Verbo - Aoristo Infinitivo Passiva,reclinar,"reclinar, deitar, recostar",passiva_sem_marca,alta,"'V-ANP' é passiva, mas 'pt' está em infinitivo ativo: 'reclinar'.","Revisar para uma forma passiva adequada, quando o contexto exigir."
ἀνεῳχθῆναι,455,V-ANP,Verbo - Aoristo Infinitivo Passiva,abrir,abrir,passiva_sem_marca,alta,"'V-ANP' é passiva, mas 'pt' está em infinitivo ativo: 'abrir'.","Revisar para uma forma passiva adequada, quando o contexto exigir."
ἀποκριθῆναι,611,V-ANP,Verbo - Aoristo Infinitivo Passiva,responder,responder,passiva_sem_marca,alta,"'V-ANP' é passiva, mas 'pt' está em infinitivo ativo: 'responder'.","Revisar para uma forma passiva adequada, quando o contexto exigir."
ἀπολογηθῆναι,626,V-ANP,Verbo - Aoristo Infinitivo Passiva,defender,"defender, fazer uma defesa, prestar contas",passiva_sem_marca,alta,"'V-ANP' é passiva, mas 'pt' está em infinitivo ativo: 'defender'.","Revisar para uma forma passiva adequada, quando o contexto exigir."
ἀποχωρισθῆναι,673,V-ANP,Verbo - Aoristo Infinitivo Passiva,separar,"separar, partir",passiva_sem_marca,alta,"'V-ANP' é passiva, mas 'pt' está em infinitivo ativo: 'separar'.","Revisar para uma forma passiva adequada, quando o contexto exigir."
ἀσφαλισθῆναι,805,V-ANP,Verbo - Aoristo Infinitivo Passiva,proteger,"proteger, tornar seguro, prender",passiva_sem_marca,alta,"'V-ANP' é passiva, mas 'pt' está em infinitivo ativo: 'proteger'.","Revisar para uma forma passiva adequada, quando o contexto exigir."
ἀτιμασθῆναι,818,V-ANP,Verbo - Aoristo Infinitivo Passiva,desonrar,"desonrar, tratar vergonhosamente, desprezar",passiva_sem_marca,alta,"'V-ANP' é passiva, mas 'pt' está em infinitivo ativo: 'desonrar'.","Revisar para uma forma passiva adequada, quando o contexto exigir."
γαμηθῆναι,1060,V-ANP,Verbo - Aoristo Infinitivo Passiva,casar,casar,passiva_sem_marca,alta,"'V-ANP' é passiva, mas 'pt' está em infinitivo ativo: 'casar'.","Revisar para uma forma passiva adequada, quando o contexto exigir."
γενηθῆναι,1096,V-ANP,Verbo - Aoristo Infinitivo Passiva,tornar,"tornar, vir a ser, acontecer, ser feito",passiva_sem_marca,alta,"'V-ANP' é passiva, mas 'pt' está em infinitivo ativo: 'tornar'.","Revisar para uma forma passiva adequada, quando o contexto exigir."
διασωθῆναι,1295,V-ANP,Verbo - Aoristo Infinitivo Passiva,salvar,"salvar, preservar, trazer segurança",passiva_sem_marca,alta,"'V-ANP' é passiva, mas 'pt' está em infinitivo ativo: 'salvar'.","Revisar para uma forma passiva adequada, quando o contexto exigir."
ἐξαλειφθῆναι,1813,V-ANP,Verbo - Aoristo Infinitivo Passiva,eliminar,"eliminar, apagar, obliterar",passiva_sem_marca,alta,"'V-ANP' é passiva, mas 'pt' está em infinitivo ativo: 'eliminar'.","Revisar para uma forma passiva adequada, quando o contexto exigir."
εὑρεθῆναι,2147,V-ANP,Verbo - Aoristo Infinitivo Passiva,encontrar,"encontrar, descobrir, obter",passiva_sem_marca,alta,"'V-ANP' é passiva, mas 'pt' está em infinitivo ativo: 'encontrar'.","Revisar para uma forma passiva adequada, quando o contexto exigir."
εὐφρανθῆναι,2165,V-ANP,Verbo - Aoristo Infinitivo Passiva,alegrar,alegrar,passiva_sem_marca,alta,"'V-ANP' é passiva, mas 'pt' está em infinitivo ativo: 'alegrar'.","Revisar para uma forma passiva adequada, quando o contexto exigir."
θεραπευθῆναι,2323,V-ANP,Verbo - Aoristo Infinitivo Passiva,curar,"curar, restaurar a saúde",passiva_sem_marca,alta,"'V-ANP' é passiva, mas 'pt' está em infinitivo ativo: 'curar'.","Revisar para uma forma passiva adequada, quando o contexto exigir."
ἰαθῆναι,2390,V-ANP,Verbo - Aoristo Infinitivo Passiva,curar,"curar, restaurar",passiva_sem_marca,alta,"'V-ANP' é passiva, mas 'pt' está em infinitivo ativo: 'curar'.","Revisar para uma forma passiva adequada, quando o contexto exigir."
κραταιωθῆναι,2901,V-ANP,Verbo - Aoristo Infinitivo Passiva,fortalecer,"fortalecer, tornar forte, capacitar",passiva_sem_marca,alta,"'V-ANP' é passiva, mas 'pt' está em infinitivo ativo: 'fortalecer'.","Revisar para uma forma passiva adequada, quando o contexto exigir."
λυπηθῆναι,3076,V-ANP,Verbo - Aoristo Infinitivo Passiva,lamentar,"lamentar, causar tristeza, angustiar",passiva_sem_marca,alta,"'V-ANP' é passiva, mas 'pt' está em infinitivo ativo: 'lamentar'.","Revisar para uma forma passiva adequada, quando o contexto exigir."
μεγαλυνθῆναι,3170,V-ANP,Verbo - Aoristo Infinitivo Passiva,engrandecer,"engrandecer, exaltar",passiva_sem_marca,alta,"'V-ANP' é passiva, mas 'pt' está em infinitivo ativo: 'engrandecer'.","Revisar para uma forma passiva adequada, quando o contexto exigir."
περιτμηθῆναι,4059,V-ANP,Verbo - Aoristo Infinitivo Passiva,circuncidar,circuncidar,passiva_sem_marca,alta,"'V-ANP' é passiva, mas 'pt' está em infinitivo ativo: 'circuncidar'.","Revisar para uma forma passiva adequada, quando o contexto exigir."
πιστευθῆναι,4100,V-ANP,Verbo - Aoristo Infinitivo Passiva,acreditar,"acreditar, ter fé, confiar",passiva_sem_marca,alta,"'V-ANP' é passiva, mas 'pt' está em infinitivo ativo: 'acreditar'.","Revisar para uma forma passiva adequada, quando o contexto exigir."
πλησθῆναι,4130,V-ANP,Verbo - Aoristo Infinitivo Passiva,multiplicar,"multiplicar, aumentar, abundar",passiva_sem_marca,alta,"'V-ANP' é passiva, mas 'pt' está em infinitivo ativo: 'multiplicar'.","Revisar para uma forma passiva adequada, quando o contexto exigir."
προστεθῆναι,4369,V-ANP,Verbo - Aoristo Infinitivo Passiva,adicionar,"adicionar, aumentar, continuar, prosseguir",passiva_sem_marca,alta,"'V-ANP' é passiva, mas 'pt' está em infinitivo ativo: 'adicionar'.","Revisar para uma forma passiva adequada, quando o contexto exigir."
στηριχθῆναι,4741,V-ANP,Verbo - Aoristo Infinitivo Passiva,estabelecer,"estabelecer, fortalecer, consertar, definir firmemente",passiva_sem_marca,alta,"'V-ANP' é passiva, mas 'pt' está em infinitivo ativo: 'estabelecer'.","Revisar para uma forma passiva adequada, quando o contexto exigir."
συλλημφθῆναι,4815,V-ANP,Verbo - Aoristo Infinitivo Passiva,apreender,"apreender, conceber, ajudar",passiva_sem_marca,alta,"'V-ANP' é passiva, mas 'pt' está em infinitivo ativo: 'apreender'.","Revisar para uma forma passiva adequada, quando o contexto exigir."
συλληφθῆναι,4815,V-ANP,Verbo - Aoristo Infinitivo Passiva,apreender,"apreender, conceber, ajudar",passiva_sem_marca,alta,"'V-ANP' é passiva, mas 'pt' está em infinitivo ativo: 'apreender'.","Revisar para uma forma passiva adequada, quando o contexto exigir."
τελεσθῆναι,5055,V-ANP,Verbo - Aoristo Infinitivo Passiva,completar,"completar, terminar, cumprir, realizar.",passiva_sem_marca,alta,"'V-ANP' é passiva, mas 'pt' está em infinitivo ativo: 'completar'.","Revisar para uma forma passiva adequada, quando o contexto exigir."
τηρηθῆναι,5083,V-ANP,Verbo - Aoristo Infinitivo Passiva,manter,"manter, guardar, observar, zelar",passiva_sem_marca,alta,"'V-ANP' é passiva, mas 'pt' está em infinitivo ativo: 'manter'.","Revisar para uma forma passiva adequada, quando o contexto exigir."
τεθῆναι,5087,V-ANP,Verbo - Aoristo Infinitivo Passiva,colocar,"colocar, nomear, estabelecer",passiva_sem_marca,alta,"'V-ANP' é passiva, mas 'pt' está em infinitivo ativo: 'colocar'.","Revisar para uma forma passiva adequada, quando o contexto exigir."
φωνηθῆναι,5455,V-ANP,Verbo - Aoristo Infinitivo Passiva,chamar,"chamar, gritar, falar",passiva_sem_marca,alta,"'V-ANP' é passiva, mas 'pt' está em infinitivo ativo: 'chamar'.","Revisar para uma forma passiva adequada, quando o contexto exigir."
χαρισθῆναι,5483,V-ANP,Verbo - Aoristo Infinitivo Passiva,conceder,"conceder, dar livremente, perdoar, mostrar favor",passiva_sem_marca,alta,"'V-ANP' é passiva, mas 'pt' está em infinitivo ativo: 'conceder'.","Revisar para uma forma passiva adequada, quando o contexto exigir."
χωρισθῆναι,5563,V-ANP,Verbo - Aoristo Infinitivo Passiva,separar,"separar, dividir, partir",passiva_sem_marca,alta,"'V-ANP' é passiva, mas 'pt' está em infinitivo ativo: 'separar'.","Revisar para uma forma passiva adequada, quando o contexto exigir."
ἀποκτένεσθαι,615,V-PNP,Verbo - Presente Infinitivo Passiva,matar,"matar, assassinar, condenar à morte",passiva_sem_marca,alta,"'V-PNP' é passiva, mas 'pt' está em infinitivo ativo: 'matar'.","Revisar para uma forma passiva adequada, quando o contexto exigir."
διορυγῆναι,1358,V-ANP,Verbo - Aoristo Infinitivo Passiva,cavar,"cavar, romper",passiva_sem_marca,alta,"'V-ANP' é passiva, mas 'pt' está em infinitivo ativo: 'cavar'.","Revisar para uma forma passiva adequada, quando o contexto exigir."
ἐγκόπτω,1465,V-PNP,Verbo - Presente Infinitivo Passiva,impedir,"impedir, cortar",passiva_sem_marca,alta,"'V-PNP' é passiva, mas 'pt' está em infinitivo ativo: 'impedir'.","Revisar para uma forma passiva adequada, quando o contexto exigir."
ἐλευθερωθήσεται,1659,V-FIP-3S,Verbo - Futuro Indicativo Passiva - 3ª Pessoa Singular,libertar,libertar,passiva_sem_marca,alta,"'V-FIP-3S' é passiva, mas 'pt' está em infinitivo ativo: 'libertar'.","Revisar para uma forma passiva adequada, quando o contexto exigir."
ἐνεχθῆναι,5342,V-ANP,Verbo - Aoristo Infinitivo Passiva,suportar,"suportar, carregar, trazer, liderar",passiva_sem_marca,alta,"'V-ANP' é passiva, mas 'pt' está em infinitivo ativo: 'suportar'.","Revisar para uma forma passiva adequada, quando o contexto exigir."
ἐξέστραπται,1612,V-RIP-3S,Verbo - Perfeito Indicativo Passiva - 3ª Pessoa Singular,perverter,"perverter, afastar-se, distorcer",passiva_sem_marca,alta,"'V-RIP-3S' é passiva, mas 'pt' está em infinitivo ativo: 'perverter'.","Revisar para uma forma passiva adequada, quando o contexto exigir."
ἐπιφέρεσθαι,2018,V-PNP,Verbo - Presente Infinitivo Passiva,trazer,"trazer, infligir, impor",passiva_sem_marca,alta,"'V-PNP' é passiva, mas 'pt' está em infinitivo ativo: 'trazer'.","Revisar para uma forma passiva adequada, quando o contexto exigir."
ἑρμηνευόμενον,2059,V-PPP-NNS,Verbo - Presente Particípio Passiva - Nominativo Neutro Singular,interpretar,"interpretar, traduzir, explicar",passiva_sem_marca,alta,"'V-PPP-NNS' é passiva, mas 'pt' está em infinitivo ativo: 'interpretar'.","Revisar para uma forma passiva adequada, quando o contexto exigir."
ἡγιασμένη,37,V-RPP-NFS,Verbo - Perfeito Particípio Passiva - Nominativo Feminino Singular,santificar,"santificar, tornar santo, consagrar, separar",passiva_sem_marca,alta,"'V-RPP-NFS' é passiva, mas 'pt' está em infinitivo ativo: 'santificar'.","Revisar para uma forma passiva adequada, quando o contexto exigir."
κατηρτισμένα,2675,V-RPP-ANP,Verbo - Perfeito Particípio Passiva - Acusativo Neutro Plural,restaurar,"restaurar, equipar, aperfeiçoar, preparar, consertar",passiva_sem_marca,alta,"'V-RPP-ANP' é passiva, mas 'pt' está em infinitivo ativo: 'restaurar'.","Revisar para uma forma passiva adequada, quando o contexto exigir."
κληθέντος,2564,V-APP-GMS,Verbo - Aoristo Particípio Passiva - Genitivo Masculino Singular,chamar,"chamar, nomear, convidar",passiva_sem_marca,alta,"'V-APP-GMS' é passiva, mas 'pt' está em infinitivo ativo: 'chamar'.","Revisar para uma forma passiva adequada, quando o contexto exigir."
κολλώμενοι,2853,V-PPP-NMP,Verbo - Presente Particípio Passiva - Nominativo Masculino Plural,unir,"unir, aderir",passiva_sem_marca,alta,"'V-PPP-NMP' é passiva, mas 'pt' está em infinitivo ativo: 'unir'.","Revisar para uma forma passiva adequada, quando o contexto exigir."
κομιούμενοι,2865,V-FDP-NMP,Verbo - Futuro Modo D Passiva - Nª Pessoa Número M,receber,"receber, trazer, carregar, recuperar",passiva_sem_marca,alta,"'V-FDP-NMP' é passiva, mas 'pt' está em infinitivo ativo: 'receber'.","Revisar para uma forma passiva adequada, quando o contexto exigir."
λιθοβολεῖσθαι,3036,V-PNP,Verbo - Presente Infinitivo Passiva,apedrejar,"apedrejar, atirar pedras",passiva_sem_marca,alta,"'V-PNP' é passiva, mas 'pt' está em infinitivo ativo: 'apedrejar'.","Revisar para uma forma passiva adequada, quando o contexto exigir."
μεταμορφοῦσθαι,3339,V-PNP,Verbo - Presente Infinitivo Passiva,transformar,"transformar, mudar de forma",passiva_sem_marca,alta,"'V-PNP' é passiva, mas 'pt' está em infinitivo ativo: 'transformar'.","Revisar para uma forma passiva adequada, quando o contexto exigir."
μεταστραφήτω,3344,V-AMP-3S,Verbo - Aoristo Imperativo Passiva,mudar,"mudar, alterar, perverter, transformar",passiva_sem_marca,alta,"'V-AMP-3S' é passiva, mas 'pt' está em infinitivo ativo: 'mudar'.","Revisar para uma forma passiva adequada, quando o contexto exigir."
ὁμολογεῖται,3670,V-PIP-3S,Verbo - Presente Indicativo Passiva - 3ª Pessoa Singular,confessar,"confessar, reconhecer, concordar",passiva_sem_marca,alta,"'V-PIP-3S' é passiva, mas 'pt' está em infinitivo ativo: 'confessar'.","Revisar para uma forma passiva adequada, quando o contexto exigir."
πεπείσμεθα,3982,V-RIP-1P,Verbo - Perfeito Indicativo Passiva - 1ª Pessoa Plural,persuadir,"persuadir, convencer, confiar, ter confiança",passiva_sem_marca,alta,"'V-RIP-1P' é passiva, mas 'pt' está em infinitivo ativo: 'persuadir'.","Revisar para uma forma passiva adequada, quando o contexto exigir."
πεπραμένος,4097,V-RPP-NMS,Verbo - Perfeito Particípio Passiva - Nominativo Masculino Singular,vender,"vender, ser vendido",passiva_sem_marca,alta,"'V-RPP-NMS' é passiva, mas 'pt' está em infinitivo ativo: 'vender'.","Revisar para uma forma passiva adequada, quando o contexto exigir."
πιστεύεται,4100,V-PIP-3S,Verbo - Presente Indicativo Passiva - 3ª Pessoa Singular,acreditar,"acreditar, ter fé, confiar",passiva_sem_marca,alta,"'V-PIP-3S' é passiva, mas 'pt' está em infinitivo ativo: 'acreditar'.","Revisar para uma forma passiva adequada, quando o contexto exigir."
τεταγμέναι,5021,V-RPP-NFP,Verbo - Perfeito Particípio Passiva - Nominativo Feminino Plural,arranjar,"arranjar, nomear, ordenar",passiva_sem_marca,alta,"'V-RPP-NFP' é passiva, mas 'pt' está em infinitivo ativo: 'arranjar'.","Revisar para uma forma passiva adequada, quando o contexto exigir."
SEM NÚMERO DE OCORRÊNCIAS,,,,,,pt_vazio,alta,Campo 'pt' está vazio.,Informe uma glossa portuguesa.
γενέσθαι,1096,V-PNM/P,Verbo - Presente Infinitivo Média ou Passiva,acontecer,"vir a ser, tornar-se, acontecer",media_passiva_ambigua,revisar,'V-PNM/P' é média ou passiva e 'pt' é infinitivo ativo: 'acontecer'.,Decidir pelo contexto; não corrigir automaticamente.
ἔρχεσθαι,2064,V-PNM/P,Verbo - Presente Infinitivo Média ou Passiva,vir,"vir, ir",media_passiva_ambigua,revisar,'V-PNM/P' é média ou passiva e 'pt' é infinitivo ativo: 'vir'.,Decidir pelo contexto; não corrigir automaticamente.
δύνασθαι,1410,V-PNM/P,Verbo - Presente Infinitivo Média ou Passiva,poder,"poder, ser capaz, conseguir",media_passiva_ambigua,revisar,'V-PNM/P' é média ou passiva e 'pt' é infinitivo ativo: 'poder'.,Decidir pelo contexto; não corrigir automaticamente.
ἐργάζεσθαι,2038,V-PNM/P,Verbo - Presente Infinitivo Média ou Passiva,realizar,"realizar, labutar, executar, praticar",media_passiva_ambigua,revisar,'V-PNM/P' é média ou passiva e 'pt' é infinitivo ativo: 'realizar'.,Decidir pelo contexto; não corrigir automaticamente.
προσεύχεσθαι,4336,V-PNM/P,Verbo - Presente Infinitivo Média ou Passiva,orar,"orar, suplicar",media_passiva_ambigua,revisar,'V-PNM/P' é média ou passiva e 'pt' é infinitivo ativo: 'orar'.,Decidir pelo contexto; não corrigir automaticamente.
ὑστερεῖσθαι,5302,V-PNM/P,Verbo - Presente Infinitivo Média ou Passiva,faltar,"faltar, ficar aquém, estar necessitado, falhar.",media_passiva_ambigua,revisar,'V-PNM/P' é média ou passiva e 'pt' é infinitivo ativo: 'faltar'.,Decidir pelo contexto; não corrigir automaticamente.
ἀνάγεσθαι,321,V-PNM/P,Verbo - Presente Infinitivo Média ou Passiva,conduzir,conduzir,media_passiva_ambigua,revisar,'V-PNM/P' é média ou passiva e 'pt' é infinitivo ativo: 'conduzir'.,Decidir pelo contexto; não corrigir automaticamente.
ἀναστρέφεσθαι,390,V-PNM/P,Verbo - Presente Infinitivo Média ou Passiva,conduzir,"conduzir, viver, comportar, voltar, derrubar.",media_passiva_ambigua,revisar,'V-PNM/P' é média ou passiva e 'pt' é infinitivo ativo: 'conduzir'.,Decidir pelo contexto; não corrigir automaticamente.
βούλεται,1014,V-PIM/P-3S,Verbo - Presente Indicativo Média ou Passiva - 3ª Pessoa Singular,quer,"ele(a) quer, deseja, tem intenção",media_passiva_ambigua,revisar,'V-PIM/P-3S' é média ou passiva e 'pt' é infinitivo ativo: 'quer'.,Decidir pelo contexto; não corrigir automaticamente.
διέρχεσθαι,1330,V-PNM/P,Verbo - Presente Infinitivo Média ou Passiva,passar,"passar, viajar",media_passiva_ambigua,revisar,'V-PNM/P' é média ou passiva e 'pt' é infinitivo ativo: 'passar'.,Decidir pelo contexto; não corrigir automaticamente.
εἰσάγεσθαι,1521,V-PNM/P,Verbo - Presente Infinitivo Média ou Passiva,trazer,"trazer, liderar, apresentar",media_passiva_ambigua,revisar,'V-PNM/P' é média ou passiva e 'pt' é infinitivo ativo: 'trazer'.,Decidir pelo contexto; não corrigir automaticamente.
ἐκπορεύεσθαι,1607,V-PNM/P,Verbo - Presente Infinitivo Média ou Passiva,sair,"sair, prosseguir",media_passiva_ambigua,revisar,'V-PNM/P' é média ou passiva e 'pt' é infinitivo ativo: 'sair'.,Decidir pelo contexto; não corrigir automaticamente.
ἰᾶσθαι,2390,V-PNM/P,Verbo - Presente Infinitivo Média ou Passiva,curar,"curar, restaurar",media_passiva_ambigua,revisar,'V-PNM/P' é média ou passiva e 'pt' é infinitivo ativo: 'curar'.,Decidir pelo contexto; não corrigir automaticamente.
κτᾶσθαι,2932,V-PNM/P,Verbo - Presente Infinitivo Média ou Passiva,adquirir,"adquirir, obter, possuir",media_passiva_ambigua,revisar,'V-PNM/P' é média ou passiva e 'pt' é infinitivo ativo: 'adquirir'.,Decidir pelo contexto; não corrigir automaticamente.
μιμεῖσθαι,3401,V-PNM/P,Verbo - Presente Infinitivo Média ou Passiva,imitar,"imitar, seguir",media_passiva_ambigua,revisar,'V-PNM/P' é média ou passiva e 'pt' é infinitivo ativo: 'imitar'.,Decidir pelo contexto; não corrigir automaticamente.
πλανῆσαι,4105,V-PNM/P,Verbo - Presente Infinitivo Média ou Passiva,desviar,"desviar, sair do caminho",media_passiva_ambigua,revisar,'V-PNM/P' é média ou passiva e 'pt' é infinitivo ativo: 'desviar'.,Decidir pelo contexto; não corrigir automaticamente.
συντελεῖσθαι,4931,V-PNM/P,Verbo - Presente Infinitivo Média ou Passiva,completar,"completar, realizar, pôr fim",media_passiva_ambigua,revisar,'V-PNM/P' é média ou passiva e 'pt' é infinitivo ativo: 'completar'.,Decidir pelo contexto; não corrigir automaticamente.
ἀναιρεῖσθαι,337,V-PNM/P,Verbo - Presente Infinitivo Média ou Passiva,ocupar,"ocupar, matar, abolir, destruir",media_passiva_ambigua,revisar,'V-PNM/P' é média ou passiva e 'pt' é infinitivo ativo: 'ocupar'.,Decidir pelo contexto; não corrigir automaticamente.
ἀνανεοῦσθαι,365,V-PNM/P,Verbo - Presente Infinitivo Média ou Passiva,renovar,"renovar, fazer novo novamente",media_passiva_ambigua,revisar,'V-PNM/P' é média ou passiva e 'pt' é infinitivo ativo: 'renovar'.,Decidir pelo contexto; não corrigir automaticamente.
ἀναφαίνεσθαι,398,V-PNM/P,Verbo - Presente Infinitivo Média ou Passiva,aparecer,"aparecer, manifestar, mostrar",media_passiva_ambigua,revisar,'V-PNM/P' é média ou passiva e 'pt' é infinitivo ativo: 'aparecer'.,Decidir pelo contexto; não corrigir automaticamente.
ἀντιλαμβάνεσθαι,482,V-PNM/P,Verbo - Presente Infinitivo Média ou Passiva,ajudar,"ajudar, apoiar, tomar posse",media_passiva_ambigua,revisar,'V-PNM/P' é média ou passiva e 'pt' é infinitivo ativo: 'ajudar'.,Decidir pelo contexto; não corrigir automaticamente.
ἀπαλλάσσεσθαι,525,V-PNM/P,Verbo - Presente Infinitivo Média ou Passiva,remover,"remover, libertar, partir",media_passiva_ambigua,revisar,'V-PNM/P' é média ou passiva e 'pt' é infinitivo ativo: 'remover'.,Decidir pelo contexto; não corrigir automaticamente.
ἀποκρίνεσθαι,611,V-PNM/P,Verbo - Presente Infinitivo Média ou Passiva,responder,responder,media_passiva_ambigua,revisar,'V-PNM/P' é média ou passiva e 'pt' é infinitivo ativo: 'responder'.,Decidir pelo contexto; não corrigir automaticamente.
ἀποκτέννεσθαι,615,V-PNM/P,Verbo - Presente Infinitivo Média ou Passiva,matar,"matar, assassinar, condenar à morte",media_passiva_ambigua,revisar,'V-PNM/P' é média ou passiva e 'pt' é infinitivo ativo: 'matar'.,Decidir pelo contexto; não corrigir automaticamente.
ἀποφθέγγεσθαι,669,V-PNM/P,Verbo - Presente Infinitivo Média ou Passiva,falar,"falar, declarar ou proferir",media_passiva_ambigua,revisar,'V-PNM/P' é média ou passiva e 'pt' é infinitivo ativo: 'falar'.,Decidir pelo contexto; não corrigir automaticamente.
ἀσπάζεσθαι,782,V-PNM/P,Verbo - Presente Infinitivo Média ou Passiva,saudar,"saudar, abraçar",media_passiva_ambigua,revisar,'V-PNM/P' é média ou passiva e 'pt' é infinitivo ativo: 'saudar'.,Decidir pelo contexto; não corrigir automaticamente.
βαστάζεσθαι,941,V-PNM/P,Verbo - Presente Infinitivo Média ou Passiva,suportar,"suportar, carregar, apoiar",media_passiva_ambigua,revisar,'V-PNM/P' é média ou passiva e 'pt' é infinitivo ativo: 'suportar'.,Decidir pelo contexto; não corrigir automaticamente.
βεβαιοῦσθαι,950,V-PNM/P,Verbo - Presente Infinitivo Média ou Passiva,confirmar,"confirmar, estabelecer, tornar firme, seguro",media_passiva_ambigua,revisar,'V-PNM/P' é média ou passiva e 'pt' é infinitivo ativo: 'confirmar'.,Decidir pelo contexto; não corrigir automaticamente.
βυθίζεσθαι,1036,V-PNM/P,Verbo - Presente Infinitivo Média ou Passiva,mergulhar,"se afundar, mergulhar, submergir-se",media_passiva_ambigua,revisar,'V-PNM/P' é média ou passiva e 'pt' é infinitivo ativo: 'mergulhar'.,Decidir pelo contexto; não corrigir automaticamente.
γεμίζεσθαι,1072,V-PNM/P,Verbo - Presente Infinitivo Média ou Passiva,preencher,"preencher, ser preenchido, carregar",media_passiva_ambigua,revisar,'V-PNM/P' é média ou passiva e 'pt' é infinitivo ativo: 'preencher'.,Decidir pelo contexto; não corrigir automaticamente.
γράφεσθαι,1125,V-PNM/P,Verbo - Presente Infinitivo Média ou Passiva,escrever,escrever,media_passiva_ambigua,revisar,'V-PNM/P' é média ou passiva e 'pt' é infinitivo ativo: 'escrever'.,Decidir pelo contexto; não corrigir automaticamente.
διαλογίζεσθαι,1260,V-PNM/P,Verbo - Presente Infinitivo Média ou Passiva,raciocinar,"raciocinar, considerar, debater, ponderar",media_passiva_ambigua,revisar,'V-PNM/P' é média ou passiva e 'pt' é infinitivo ativo: 'raciocinar'.,Decidir pelo contexto; não corrigir automaticamente.
διαπορεύεσθαι,1279,V-PNM/P,Verbo - Presente Infinitivo Média ou Passiva,passar,"passar, viajar",media_passiva_ambigua,revisar,'V-PNM/P' é média ou passiva e 'pt' é infinitivo ativo: 'passar'.,Decidir pelo contexto; não corrigir automaticamente.
ἐγκόπτεσθαι,1465,V-PNM/P,Verbo - Presente Infinitivo Média ou Passiva,impedir,"impedir, cortar",media_passiva_ambigua,revisar,'V-PNM/P' é média ou passiva e 'pt' é infinitivo ativo: 'impedir'.,Decidir pelo contexto; não corrigir automaticamente.
ἐπικαλεῖσθαι,1941,V-PNM/P,Verbo - Presente Infinitivo Média ou Passiva,chamar,"chamar, invocar, apelar, nomear",media_passiva_ambigua,revisar,'V-PNM/P' é média ou passiva e 'pt' é infinitivo ativo: 'chamar'.,Decidir pelo contexto; não corrigir automaticamente.
ἐπισκέπτεσθαι,1980,V-PNM/P,Verbo - Presente Infinitivo Média ou Passiva,visitar,"visitar, cuidar",media_passiva_ambigua,revisar,'V-PNM/P' é média ou passiva e 'pt' é infinitivo ativo: 'visitar'.,Decidir pelo contexto; não corrigir automaticamente.
ἐπιτελεῖσθαι,2005,V-PNM/P,Verbo - Presente Infinitivo Média ou Passiva,completar,"completar, realizar, aperfeiçoar, terminar",media_passiva_ambigua,revisar,'V-PNM/P' é média ou passiva e 'pt' é infinitivo ativo: 'completar'.,Decidir pelo contexto; não corrigir automaticamente.
εὐοδοῦσθαι,2137,V-PNM/P,Verbo - Presente Infinitivo Média ou Passiva,prosperar,"prosperar, ter sucesso, ter uma boa jornada",media_passiva_ambigua,revisar,'V-PNM/P' é média ou passiva e 'pt' é infinitivo ativo: 'prosperar'.,Decidir pelo contexto; não corrigir automaticamente.
ἡγεῖσθαι,2233,V-PNM/P,Verbo - Presente Infinitivo Média ou Passiva,liderar,"liderar, considerar, pensar",media_passiva_ambigua,revisar,'V-PNM/P' é média ou passiva e 'pt' é infinitivo ativo: 'liderar'.,Decidir pelo contexto; não corrigir automaticamente.
θλίβεσθαι,2346,V-PNM/P,Verbo - Presente Infinitivo Média ou Passiva,pressionar,"pressionar, afligir, perturbar, oprimir",media_passiva_ambigua,revisar,'V-PNM/P' é média ou passiva e 'pt' é infinitivo ativo: 'pressionar'.,Decidir pelo contexto; não corrigir automaticamente.
ἱλάσκεσθαι,2433,V-PNM/P,Verbo - Presente Infinitivo Média ou Passiva,propiciar,"propiciar, apaziguar, expiar",media_passiva_ambigua,revisar,'V-PNM/P' é média ou passiva e 'pt' é infinitivo ativo: 'propiciar'.,Decidir pelo contexto; não corrigir automaticamente.
καθαιρεῖσθαι,2507,V-PNM/P,Verbo - Presente Infinitivo Média ou Passiva,derrubar,"derrubar, destruir, demolir, destronar",media_passiva_ambigua,revisar,'V-PNM/P' é média ou passiva e 'pt' é infinitivo ativo: 'derrubar'.,Decidir pelo contexto; não corrigir automaticamente.
καταποντίζεσθαι,2670,V-PNM/P,Verbo - Presente Infinitivo Média ou Passiva,afundar,"afundar, submergir",media_passiva_ambigua,revisar,'V-PNM/P' é média ou passiva e 'pt' é infinitivo ativo: 'afundar'.,Decidir pelo contexto; não corrigir automaticamente.
κατηγορεῖσθαι,2723,V-PNM/P,Verbo - Presente Infinitivo Média ou Passiva,acusar,"acusar, cobrar",media_passiva_ambigua,revisar,'V-PNM/P' é média ou passiva e 'pt' é infinitivo ativo: 'acusar'.,Decidir pelo contexto; não corrigir automaticamente.
κρατεῖσθαι,2902,V-PNM/P,Verbo - Presente Infinitivo Média ou Passiva,apreender,"apreender, segurar, agarrar, reter, manter",media_passiva_ambigua,revisar,'V-PNM/P' é média ou passiva e 'pt' é infinitivo ativo: 'apreender'.,Decidir pelo contexto; não corrigir automaticamente.
κωλύεσθαι,2967,V-PNM/P,Verbo - Presente Infinitivo Média ou Passiva,impedir,"impedir, proibir, restringir",media_passiva_ambigua,revisar,'V-PNM/P' é média ou passiva e 'pt' é infinitivo ativo: 'impedir'.,Decidir pelo contexto; não corrigir automaticamente.
λαλεῖσθαι,2980,V-PNM/P,Verbo - Presente Infinitivo Média ou Passiva,falar,"falar, proferir",media_passiva_ambigua,revisar,'V-PNM/P' é média ou passiva e 'pt' é infinitivo ativo: 'falar'.,Decidir pelo contexto; não corrigir automaticamente.
μάχεσθαι,3164,V-PNM/P,Verbo - Presente Infinitivo Média ou Passiva,lutar,"lutar, brigar",media_passiva_ambigua,revisar,'V-PNM/P' é média ou passiva e 'pt' é infinitivo ativo: 'lutar'.,Decidir pelo contexto; não corrigir automaticamente.
μεθύσκεσθαι,3182,V-PNM/P,Verbo - Presente Infinitivo Média ou Passiva,embebedar,"embebedar, intoxicar",media_passiva_ambigua,revisar,'V-PNM/P' é média ou passiva e 'pt' é infinitivo ativo: 'embebedar'.,Decidir pelo contexto; não corrigir automaticamente.
παραδέχεσθαι,3858,V-PNM/P,Verbo - Presente Infinitivo Média ou Passiva,receber,"receber, aceitar, reconhecer",media_passiva_ambigua,revisar,'V-PNM/P' é média ou passiva e 'pt' é infinitivo ativo: 'receber'.,Decidir pelo contexto; não corrigir automaticamente.
παραιτεῖσθαι,3868,V-PNM/P,Verbo - Presente Infinitivo Média ou Passiva,recusar,"recusar, rejeitar, evitar",media_passiva_ambigua,revisar,'V-PNM/P' é média ou passiva e 'pt' é infinitivo ativo: 'recusar'.,Decidir pelo contexto; não corrigir automaticamente.
παραπορεύεσθαι,3899,V-PNM/P,Verbo - Presente Infinitivo Média ou Passiva,passar,"passar, viajar",media_passiva_ambigua,revisar,'V-PNM/P' é média ou passiva e 'pt' é infinitivo ativo: 'passar'.,Decidir pelo contexto; não corrigir automaticamente.
πίμπρασθαι,4092,V-PNM/P,Verbo - Presente Infinitivo Média ou Passiva,inchar,"inchar, inflamar",media_passiva_ambigua,revisar,'V-PNM/P' é média ou passiva e 'pt' é infinitivo ativo: 'inchar'.,Decidir pelo contexto; não corrigir automaticamente.
προσέρχεσθαι,4334,V-PNM/P,Verbo - Presente Infinitivo Média ou Passiva,chegar,"chegar, aproximar",media_passiva_ambigua,revisar,'V-PNM/P' é média ou passiva e 'pt' é infinitivo ativo: 'chegar'.,Decidir pelo contexto; não corrigir automaticamente.
πυνθάνεσθαι,4441,V-PNM/P,Verbo - Presente Infinitivo Média ou Passiva,perguntar,"perguntar, aprender por investigação",media_passiva_ambigua,revisar,'V-PNM/P' é média ou passiva e 'pt' é infinitivo ativo: 'perguntar'.,Decidir pelo contexto; não corrigir automaticamente.
πυροῦσθαι,4448,V-PNM/P,Verbo - Presente Infinitivo Média ou Passiva,queimar,"queimar, incendiar, inflamar",media_passiva_ambigua,revisar,'V-PNM/P' é média ou passiva e 'pt' é infinitivo ativo: 'queimar'.,Decidir pelo contexto; não corrigir automaticamente.
ῥύεσθαι,4506,V-PNM/P,Verbo - Presente Infinitivo Média ou Passiva,resgatar,"resgatar, entregar, salvar",media_passiva_ambigua,revisar,'V-PNM/P' é média ou passiva e 'pt' é infinitivo ativo: 'resgatar'.,Decidir pelo contexto; não corrigir automaticamente.
σαίνεσθαι,4525,V-PNM/P,Verbo - Presente Infinitivo Média ou Passiva,abanar,"abanar, bajular",media_passiva_ambigua,revisar,'V-PNM/P' é média ou passiva e 'pt' é infinitivo ativo: 'abanar'.,Decidir pelo contexto; não corrigir automaticamente.
σέβεσθαι,4576,V-PNM/P,Verbo - Presente Infinitivo Média ou Passiva,adorar,"adorar, reverenciar, venerar",media_passiva_ambigua,revisar,'V-PNM/P' é média ou passiva e 'pt' é infinitivo ativo: 'adorar'.,Decidir pelo contexto; não corrigir automaticamente.
συνίστασθαι,4921,V-PNM/P,Verbo - Presente Infinitivo Média ou Passiva,elogiar,"elogiar, estabelecer, demonstrar, provar, manter unido",media_passiva_ambigua,revisar,'V-PNM/P' é média ou passiva e 'pt' é infinitivo ativo: 'elogiar'.,Decidir pelo contexto; não corrigir automaticamente.
σώζεσθαι,4982,V-PNM/P,Verbo - Presente Infinitivo Média ou Passiva,salvar,"salvar, resgatar, libertar, curar, preservar",media_passiva_ambigua,revisar,'V-PNM/P' é média ou passiva e 'pt' é infinitivo ativo: 'salvar'.,Decidir pelo contexto; não corrigir automaticamente.
ταπεινοῦσθαι,5013,V-PNM/P,Verbo - Presente Infinitivo Média ou Passiva,humilhar,"humilhar, rebaixar",media_passiva_ambigua,revisar,'V-PNM/P' é média ou passiva e 'pt' é infinitivo ativo: 'humilhar'.,Decidir pelo contexto; não corrigir automaticamente.
τρέφεσθαι,5142,V-PNM/P,Verbo - Presente Infinitivo Média ou Passiva,nutrir,"nutrir, alimentar, educar",media_passiva_ambigua,revisar,'V-PNM/P' é média ou passiva e 'pt' é infinitivo ativo: 'nutrir'.,Decidir pelo contexto; não corrigir automaticamente.
τύπτεσθαι,5180,V-PNM/P,Verbo - Presente Infinitivo Média ou Passiva,golpear,"golpear, bater, ferir",media_passiva_ambigua,revisar,'V-PNM/P' é média ou passiva e 'pt' é infinitivo ativo: 'golpear'.,Decidir pelo contexto; não corrigir automaticamente.
φέρεσθαι,5342,V-PNM/P,Verbo - Presente Infinitivo Média ou Passiva,suportar,"suportar, carregar, trazer, liderar",media_passiva_ambigua,revisar,'V-PNM/P' é média ou passiva e 'pt' é infinitivo ativo: 'suportar'.,Decidir pelo contexto; não corrigir automaticamente.
φθέγγεσθαι,5350,V-PNM/P,Verbo - Presente Infinitivo Média ou Passiva,falar,"falar, proferir, proclamar",media_passiva_ambigua,revisar,'V-PNM/P' é média ou passiva e 'pt' é infinitivo ativo: 'falar'.,Decidir pelo contexto; não corrigir automaticamente.
χαρίζεσθαί,5483,V-PNM/P,Verbo - Presente Infinitivo Média ou Passiva,conceder,"conceder, dar livremente, perdoar, mostrar favor",media_passiva_ambigua,revisar,'V-PNM/P' é média ou passiva e 'pt' é infinitivo ativo: 'conceder'.,Decidir pelo contexto; não corrigir automaticamente.
χορτάζεσθαι,5526,V-PNM/P,Verbo - Presente Infinitivo Média ou Passiva,alimentar,"alimentar, preencher, satisfazer",media_passiva_ambigua,revisar,'V-PNM/P' é média ou passiva e 'pt' é infinitivo ativo: 'alimentar'.,Decidir pelo contexto; não corrigir automaticamente.
λογίζεσθαι,3049,V-PNM/P,Verbo - Presente Infinitivo Média ou Passiva,calcular,"calcular, considerar, contabilizar, pensar, imputar.",media_passiva_ambigua,revisar,'V-PNM/P' é média ou passiva e 'pt' é infinitivo ativo: 'calcular'.,Decidir pelo contexto; não corrigir automaticamente.
τηρεῖσθαι,5083,V-PNM/P,Verbo - Presente Infinitivo Média ou Passiva,manter,"manter, guardar, observar, zelar",media_passiva_ambigua,revisar,'V-PNM/P' é média ou passiva e 'pt' é infinitivo ativo: 'manter'.,Decidir pelo contexto; não corrigir automaticamente.
ἐκδέχεται,1551,V-PIM/P-3S,Verbo - Presente Indicativo Média ou Passiva - 3ª Pessoa Singular,esperar,"esperar, procurar",media_passiva_ambigua,revisar,'V-PIM/P-3S' é média ou passiva e 'pt' é infinitivo ativo: 'esperar'.,Decidir pelo contexto; não corrigir automaticamente.
κομιεῖται,2865,V-FIM/P-3S-ATT,Verbo - Futuro Indicativo Média ou Passiva - 3ª Pessoa Singular,receber,"receber, trazer, carregar, recuperar",media_passiva_ambigua,revisar,'V-FIM/P-3S-ATT' é média ou passiva e 'pt' é infinitivo ativo: 'receber'.,Decidir pelo contexto; não corrigir automaticamente.
παραστησόμεθα,3936,V-FIM/P-1P,Verbo - Futuro Indicativo Média ou Passiva - 1ª Pessoa Plural,apresentar,"apresentar, aguardar, fornecer, oferecer",media_passiva_ambigua,revisar,'V-FIM/P-1P' é média ou passiva e 'pt' é infinitivo ativo: 'apresentar'.,Decidir pelo contexto; não corrigir automaticamente.
συναναπαύσωμαι,4875,V-ASM/P-1S,Verbo - Aoristo Subjuntivo Média ou Passiva - 1ª Pessoa Singular,descansar,"descansar, encontrar descanso juntos",media_passiva_ambigua,revisar,'V-ASM/P-1S' é média ou passiva e 'pt' é infinitivo ativo: 'descansar'.,Decidir pelo contexto; não corrigir automaticamente.
ἐγερθεὶς,1453,V-APP-NMS,Verbo - Aoristo Particípio Passiva - Nominativo Masculino Singular,tendo se levantado,"tendo se levantado, tendo sido despertado",passiva_a_confirmar,revisar,"'V-APP-NMS' é passiva, mas a tradução não explicita claramente a passiva: 'tendo se levantado'.","Confirmar se a glossa pretende particípio, adjetivo verbal ou construção passiva completa."
σωθήσεται,4982,V-FIP-3S,Verbo - Futuro Indicativo Passiva - 3ª Pessoa Singular,será salvo,ele(a) será salvo,passiva_a_confirmar,revisar,"'V-FIP-3S' é passiva, mas a tradução não explicita claramente a passiva: 'será salvo'.","Confirmar se a glossa pretende particípio, adjetivo verbal ou construção passiva completa."
ἐπλήσθησαν,4130,V-AIP-3P,Verbo - Aoristo Indicativo Passiva - 3ª Pessoa Plural,foram multiplicados,"eles(as) foram multiplicado, foram aumentado, foram abundado",passiva_a_confirmar,revisar,"'V-AIP-3P' é passiva, mas a tradução não explicita claramente a passiva: 'foram multiplicados'.","Confirmar se a glossa pretende particípio, adjetivo verbal ou construção passiva completa."
βαπτισθῆναι,907,V-ANP,Verbo - Aoristo Infinitivo Passiva,ser submerso,"ser submerso, ser batizado",passiva_a_confirmar,revisar,"'V-ANP' é passiva, mas a tradução não explicita claramente a passiva: 'ser submerso'.","Confirmar se a glossa pretende particípio, adjetivo verbal ou construção passiva completa."
ἐπορεύθη,4198,V-AIP-3S,Verbo - Aoristo Indicativo Passiva - 3ª Pessoa Singular,foi,"ele(a) foi, foi movido, foi partido",passiva_a_confirmar,revisar,"'V-AIP-3S' é passiva, mas a tradução não explicita claramente a passiva: 'foi'.","Confirmar se a glossa pretende particípio, adjetivo verbal ou construção passiva completa."
στραφεὶς,4762,V-APP-NMS,Verbo - Aoristo Particípio Passiva - Nominativo Masculino Singular,tendo se virado,"tendo se virado, tendo se voltado, tendo se convertido",passiva_a_confirmar,revisar,"'V-APP-NMS' é passiva, mas a tradução não explicita claramente a passiva: 'tendo se virado'.","Confirmar se a glossa pretende particípio, adjetivo verbal ou construção passiva completa."
συνήχθησαν,4863,V-AIP-3P,Verbo - Aoristo Indicativo Passiva - 3ª Pessoa Plural,foram reunidos,"eles(as) foram reunidos, foram congregados",passiva_a_confirmar,revisar,"'V-AIP-3P' é passiva, mas a tradução não explicita claramente a passiva: 'foram reunidos'.","Confirmar se a glossa pretende particípio, adjetivo verbal ou construção passiva completa."
ἐγενήθημεν,1096,V-AIP-1P,Verbo - Aoristo Indicativo Passiva - 1ª Pessoa Plural,nos tornamos,"nós fomos feitos, fomos tornados, nos portamos",passiva_a_confirmar,revisar,"'V-AIP-1P' é passiva, mas a tradução não explicita claramente a passiva: 'nos tornamos'.","Confirmar se a glossa pretende particípio, adjetivo verbal ou construção passiva completa."
ἐκλήθητε,2564,V-AIP-2P,Verbo - Aoristo Indicativo Passiva - 2ª Pessoa Plural,fostes chamados,"vós fostes chamados, fostes nomeados (dar nome)",passiva_a_confirmar,revisar,"'V-AIP-2P' é passiva, mas a tradução não explicita claramente a passiva: 'fostes chamados'.","Confirmar se a glossa pretende particípio, adjetivo verbal ou construção passiva completa."
ἐχορτάσθησαν,5526,V-AIP-3P,Verbo - Aoristo Indicativo Passiva - 3ª Pessoa Plural,foram alimentados,"eles(as) foram alimentados, foram preenchidos, foram satisfeitos",passiva_a_confirmar,revisar,"'V-AIP-3P' é passiva, mas a tradução não explicita claramente a passiva: 'foram alimentados'.","Confirmar se a glossa pretende particípio, adjetivo verbal ou construção passiva completa."
ἐγενήθητε,1096,V-AIP-2P,Verbo - Aoristo Indicativo Passiva - 2ª Pessoa Plural,fostes feitos,"vós fostes feitos, tornaram-se",passiva_a_confirmar,revisar,"'V-AIP-2P' é passiva, mas a tradução não explicita claramente a passiva: 'fostes feitos'.","Confirmar se a glossa pretende particípio, adjetivo verbal ou construção passiva completa."
δοθῆναι,1325,V-ANP,Verbo - Aoristo Infinitivo Passiva,ser dado,ser dado,passiva_a_confirmar,revisar,"'V-ANP' é passiva, mas a tradução não explicita claramente a passiva: 'ser dado'.","Confirmar se a glossa pretende particípio, adjetivo verbal ou construção passiva completa."
ἐμνήσθησαν,3403,V-AIP-3P,Verbo - Aoristo Indicativo Passiva - 3ª Pessoa Plural,foram lembrados(as),"eles(as) foram lembrados, estiveram atentos(as)",passiva_a_confirmar,revisar,"'V-AIP-3P' é passiva, mas a tradução não explicita claramente a passiva: 'foram lembrados(as)'.","Confirmar se a glossa pretende particípio, adjetivo verbal ou construção passiva completa."
πληρωθῶσιν,4137,V-ASP-3P,Verbo - Aoristo Subjuntivo Passiva - 3ª Pessoa Plural,sejam preenchidos,"eles(as) sejam completados, sejam cheios, sejam preenchidos, sejam satisfeito, sejam terminados, sejam cumpridos",passiva_a_confirmar,revisar,"'V-ASP-3P' é passiva, mas a tradução não explicita claramente a passiva: 'sejam preenchidos'.","Confirmar se a glossa pretende particípio, adjetivo verbal ou construção passiva completa."
ἐπορεύθησαν,4198,V-AIP-3P,Verbo - Aoristo Indicativo Passiva - 3ª Pessoa Plural,foram,"eles(as) foram, foram movido, foram partido",passiva_a_confirmar,revisar,"'V-AIP-3P' é passiva, mas a tradução não explicita claramente a passiva: 'foram'.","Confirmar se a glossa pretende particípio, adjetivo verbal ou construção passiva completa."
ἐχάρησαν,5463,V-AIP-3P,Verbo - Aoristo Indicativo Passiva - 3ª Pessoa Plural,alegraram-se,eles(as) alegraram-se,passiva_a_confirmar,revisar,"'V-AIP-3P' é passiva, mas a tradução não explicita claramente a passiva: 'alegraram-se'.","Confirmar se a glossa pretende particípio, adjetivo verbal ou construção passiva completa."
ἀνήχθημεν,321,V-AIP-1P,Verbo - Aoristo Indicativo Passiva - 1ª Pessoa Plural,fomos conduzidos,nós fomos conduzidos,passiva_a_confirmar,revisar,"'V-AIP-1P' é passiva, mas a tradução não explicita claramente a passiva: 'fomos conduzidos'.","Confirmar se a glossa pretende particípio, adjetivo verbal ou construção passiva completa."
ἀποκαλυφθῆναι,601,V-ANP,Verbo - Aoristo Infinitivo Passiva,ser revelado(a),"ser revelado(a), descoberto(a)",passiva_a_confirmar,revisar,"'V-ANP' é passiva, mas a tradução não explicita claramente a passiva: 'ser revelado(a)'.","Confirmar se a glossa pretende particípio, adjetivo verbal ou construção passiva completa."
ἀπεκτάνθησαν,615,V-AIP-3P,Verbo - Aoristo Indicativo Passiva - 3ª Pessoa Plural,foram destruídos,"eles(as) foram destruídos, foram mortos completamente",passiva_a_confirmar,revisar,"'V-AIP-3P' é passiva, mas a tradução não explicita claramente a passiva: 'foram destruídos'.","Confirmar se a glossa pretende particípio, adjetivo verbal ou construção passiva completa."
βληθῆναι,906,V-ANP,Verbo - Aoristo Infinitivo Passiva,ser lançado(a),"ser lançado, colocado, deitado",passiva_a_confirmar,revisar,"'V-ANP' é passiva, mas a tradução não explicita claramente a passiva: 'ser lançado(a)'.","Confirmar se a glossa pretende particípio, adjetivo verbal ou construção passiva completa."
βαπτισθήσεσθε,907,V-FIP-2P,Verbo - Futuro Indicativo Passiva - 2ª Pessoa Plural,sereis submergidos,"vós sereis submergidos, sereis batizados",passiva_a_confirmar,revisar,"'V-FIP-2P' é passiva, mas a tradução não explicita claramente a passiva: 'sereis submergidos'.","Confirmar se a glossa pretende particípio, adjetivo verbal ou construção passiva completa."
ἐβαπτίσθητε,907,V-AIP-2P,Verbo - Aoristo Indicativo Passiva - 2ª Pessoa Plural,fostes submergidos,"vós fostes submergidos, fostes batizados",passiva_a_confirmar,revisar,"'V-AIP-2P' é passiva, mas a tradução não explicita claramente a passiva: 'fostes submergidos'.","Confirmar se a glossa pretende particípio, adjetivo verbal ou construção passiva completa."
ἐγερθήσονται,1453,V-FIP-3P,Verbo - Futuro Indicativo Passiva - 3ª Pessoa Plural,serão levantados,"eles(as) serão levantados, serão despertados",passiva_a_confirmar,revisar,"'V-FIP-3P' é passiva, mas a tradução não explicita claramente a passiva: 'serão levantados'.","Confirmar se a glossa pretende particípio, adjetivo verbal ou construção passiva completa."
παρεδόθη,3860,V-AIP-3S,Verbo - Aoristo Indicativo Passiva - 3ª Pessoa Singular,foi entregue,"ele(a) foi entregue, foi confiado, foi transmitido",passiva_a_confirmar,revisar,"'V-AIP-3S' é passiva, mas a tradução não explicita claramente a passiva: 'foi entregue'.","Confirmar se a glossa pretende particípio, adjetivo verbal ou construção passiva completa."
ἐσώθη,4982,V-AIP-3S,Verbo - Aoristo Indicativo Passiva - 3ª Pessoa Singular,foi salvo(a),ele(a) foi salvo(a),passiva_a_confirmar,revisar,"'V-AIP-3S' é passiva, mas a tradução não explicita claramente a passiva: 'foi salvo(a)'.","Confirmar se a glossa pretende particípio, adjetivo verbal ou construção passiva completa."
ἀναχθέντες,321,V-APP-NMP,Verbo - Aoristo Particípio Passiva - Nominativo Masculino Plural,tendo sido conduzidos,tendo sido conduzidos,passiva_a_confirmar,revisar,"'V-APP-NMP' é passiva, mas a tradução não explicita claramente a passiva: 'tendo sido conduzidos'.","Confirmar se a glossa pretende particípio, adjetivo verbal ou construção passiva completa."
ἐβλήθησαν,906,V-AIP-3P,Verbo - Aoristo Indicativo Passiva - 3ª Pessoa Plural,foram lançados(as),"eles(as) foram lançados, colocados, deitados",passiva_a_confirmar,revisar,"'V-AIP-3P' é passiva, mas a tradução não explicita claramente a passiva: 'foram lançados(as)'.","Confirmar se a glossa pretende particípio, adjetivo verbal ou construção passiva completa."
ἐβαπτίσθημεν,907,V-AIP-1P,Verbo - Aoristo Indicativo Passiva - 1ª Pessoa Plural,fomos submergidos,"nós fomos submergidos, fomos batizados",passiva_a_confirmar,revisar,"'V-AIP-1P' é passiva, mas a tradução não explicita claramente a passiva: 'fomos submergidos'.","Confirmar se a glossa pretende particípio, adjetivo verbal ou construção passiva completa."
ἐγεννήθησαν,1080,V-AIP-3P,Verbo - Aoristo Indicativo Passiva - 3ª Pessoa Plural,foram gerados,"eles(as) foram gerados, nasceram, foram produzidos",passiva_a_confirmar,revisar,"'V-AIP-3P' é passiva, mas a tradução não explicita claramente a passiva: 'foram gerados'.","Confirmar se a glossa pretende particípio, adjetivo verbal ou construção passiva completa."
ἐδιδάχθητε,1321,V-AIP-2P,Verbo - Aoristo Indicativo Passiva - 2ª Pessoa Plural,fostes ensinados,vós fostes ensinados,passiva_a_confirmar,revisar,"'V-AIP-2P' é passiva, mas a tradução não explicita claramente a passiva: 'fostes ensinados'.","Confirmar se a glossa pretende particípio, adjetivo verbal ou construção passiva completa."
δοθείσης,1325,V-APP-GFS,Verbo - Aoristo Particípio Passiva - Genitivo Feminino Singular,tendo sido dada,da tendo sido dada,passiva_a_confirmar,revisar,"'V-APP-GFS' é passiva, mas a tradução não explicita claramente a passiva: 'tendo sido dada'.","Confirmar se a glossa pretende particípio, adjetivo verbal ou construção passiva completa."
δικαιωθέντες,1344,V-APP-NMP,Verbo - Aoristo Particípio Passiva - Nominativo Masculino Plural,tendo sido justificados,"tendo sido justificados, tornados justos ou inocentes",passiva_a_confirmar,revisar,"'V-APP-NMP' é passiva, mas a tradução não explicita claramente a passiva: 'tendo sido justificados'.","Confirmar se a glossa pretende particípio, adjetivo verbal ou construção passiva completa."
ἠδυνήθησαν,1410,V-AIP-3P,Verbo - Aoristo Indicativo Passiva - 3ª Pessoa Plural,foram capazes,"eles(as) puderam, foram capazes, conseguiram",passiva_a_confirmar,revisar,"'V-AIP-3P' é passiva, mas a tradução não explicita claramente a passiva: 'foram capazes'.","Confirmar se a glossa pretende particípio, adjetivo verbal ou construção passiva completa."
ἐπιστραφεὶς,1994,V-APP-NMS,Verbo - Aoristo Particípio Passiva - Nominativo Masculino Singular,voltado-se,"tendo se voltado, virando para trás",passiva_a_confirmar,revisar,"'V-APP-NMS' é passiva, mas a tradução não explicita claramente a passiva: 'voltado-se'.","Confirmar se a glossa pretende particípio, adjetivo verbal ou construção passiva completa."
ἐκαθαρίσθη,2511,V-AIP-3S,Verbo - Aoristo Indicativo Passiva - 3ª Pessoa Singular,foi limpo(a),"ele(a) foi limpo, foi purificado",passiva_a_confirmar,revisar,"'V-AIP-3S' é passiva, mas a tradução não explicita claramente a passiva: 'foi limpo(a)'.","Confirmar se a glossa pretende particípio, adjetivo verbal ou construção passiva completa."
κληθῆναι,2564,V-ANP,Verbo - Aoristo Infinitivo Passiva,ser chamado,"ser chamado, ser nomeado",passiva_a_confirmar,revisar,"'V-ANP' é passiva, mas a tradução não explicita claramente a passiva: 'ser chamado'.","Confirmar se a glossa pretende particípio, adjetivo verbal ou construção passiva completa."
καταλυθήσεται,2647,V-FIP-3S,Verbo - Futuro Indicativo Passiva - 3ª Pessoa Singular,será destruído,"ele(a) será destruído, será dissolvido, será derrubado, será abolido",passiva_a_confirmar,revisar,"'V-FIP-3S' é passiva, mas a tradução não explicita claramente a passiva: 'será destruído'.","Confirmar se a glossa pretende particípio, adjetivo verbal ou construção passiva completa."
κριθῆναι,2919,V-ANP,Verbo - Aoristo Infinitivo Passiva,ser julgado,"ser julgado, ser condenado, ser punido",passiva_a_confirmar,revisar,"'V-ANP' é passiva, mas a tradução não explicita claramente a passiva: 'ser julgado'.","Confirmar se a glossa pretende particípio, adjetivo verbal ou construção passiva completa."
κριθῆτε,2919,V-ASP-2P,Verbo - Aoristo Subjuntivo Passiva - 2ª Pessoa Plural,sejais julgados,"vós sejais julgados, sejais condenados, sejais punidos",passiva_a_confirmar,revisar,"'V-ASP-2P' é passiva, mas a tradução não explicita claramente a passiva: 'sejais julgados'.","Confirmar se a glossa pretende particípio, adjetivo verbal ou construção passiva completa."
ἐλυπήθητε,3076,V-AIP-2P,Verbo - Aoristo Indicativo Passiva - 2ª Pessoa Plural,fostes angustiados,vós fostes angustiados,passiva_a_confirmar,revisar,"'V-AIP-2P' é passiva, mas a tradução não explicita claramente a passiva: 'fostes angustiados'.","Confirmar se a glossa pretende particípio, adjetivo verbal ou construção passiva completa."
λυθῆναι,3089,V-ANP,Verbo - Aoristo Infinitivo Passiva,ser solto,"ser solto, liberado, dissolvido, quebrado, destruído",passiva_a_confirmar,revisar,"'V-ANP' é passiva, mas a tradução não explicita claramente a passiva: 'ser solto'.","Confirmar se a glossa pretende particípio, adjetivo verbal ou construção passiva completa."
μνησθῆναι,3403,V-ANP,Verbo - Aoristo Infinitivo Passiva,ser lembrado(a),"lembrar, estar atento",passiva_a_confirmar,revisar,"'V-ANP' é passiva, mas a tradução não explicita claramente a passiva: 'ser lembrado(a)'.","Confirmar se a glossa pretende particípio, adjetivo verbal ou construção passiva completa."
ὁμοιωθήσεται,3666,V-FIP-3S,Verbo - Futuro Indicativo Passiva - 3ª Pessoa Singular,será semelhante,"ele(a) será semelhante, será comparado",passiva_a_confirmar,revisar,"'V-FIP-3S' é passiva, mas a tradução não explicita claramente a passiva: 'será semelhante'.","Confirmar se a glossa pretende particípio, adjetivo verbal ou construção passiva completa."
ὡμοιώθη,3666,V-AIP-3S,Verbo - Aoristo Indicativo Passiva - 3ª Pessoa Singular,foi semelhante,"ele(a) foi semelhante, foi comparado",passiva_a_confirmar,revisar,"'V-AIP-3S' é passiva, mas a tradução não explicita claramente a passiva: 'foi semelhante'.","Confirmar se a glossa pretende particípio, adjetivo verbal ou construção passiva completa."
ὠργίσθη,3710,V-AIP-3S,Verbo - Aoristo Indicativo Passiva - 3ª Pessoa Singular,estava com raiva,"ele(a) estava com raiva, foi provocado a raiva",passiva_a_confirmar,revisar,"'V-AIP-3S' é passiva, mas a tradução não explicita claramente a passiva: 'estava com raiva'.","Confirmar se a glossa pretende particípio, adjetivo verbal ou construção passiva completa."
παραδοθήσεται,3860,V-FIP-3S,Verbo - Futuro Indicativo Passiva - 3ª Pessoa Singular,será entregue,"ele(a) será entregue, será confiado, será transmitido",passiva_a_confirmar,revisar,"'V-FIP-3S' é passiva, mas a tradução não explicita claramente a passiva: 'será entregue'.","Confirmar se a glossa pretende particípio, adjetivo verbal ou construção passiva completa."
πραθῆναι,4097,V-ANP,Verbo - Aoristo Infinitivo Passiva,ser vendido,"vender, ser vendido",passiva_a_confirmar,revisar,"'V-ANP' é passiva, mas a tradução não explicita claramente a passiva: 'ser vendido'.","Confirmar se a glossa pretende particípio, adjetivo verbal ou construção passiva completa."
σαλευθήσονται,4531,V-FIP-3P,Verbo - Futuro Indicativo Passiva - 3ª Pessoa Plural,serão sacudidos,"eles(as) serão sacudidos, serão movidos, serão perturbados",passiva_a_confirmar,revisar,"'V-FIP-3P' é passiva, mas a tradução não explicita claramente a passiva: 'serão sacudidos'.","Confirmar se a glossa pretende particípio, adjetivo verbal ou construção passiva completa."
στραφεῖσα,4762,V-APP-NFS,Verbo - Aoristo Particípio Passiva - Nominativo Feminino Singular,tendo se virado,"tendo se virado, tendo se voltado, tendo se convertido",passiva_a_confirmar,revisar,"'V-APP-NFS' é passiva, mas a tradução não explicita claramente a passiva: 'tendo se virado'.","Confirmar se a glossa pretende particípio, adjetivo verbal ou construção passiva completa."
ἐστράφη,4762,V-AIP-3S,Verbo - Aoristo Indicativo Passiva - 3ª Pessoa Singular,se virado,"ele(a) foi virado, foi voltado, foi convertido",passiva_a_confirmar,revisar,"'V-AIP-3S' é passiva, mas a tradução não explicita claramente a passiva: 'se virado'.","Confirmar se a glossa pretende particípio, adjetivo verbal ou construção passiva completa."
σωθήσῃ,4982,V-FIP-2S,Verbo - Futuro Indicativo Passiva - 2ª Pessoa Singular,serás salvo,tu serás salvo,passiva_a_confirmar,revisar,"'V-FIP-2S' é passiva, mas a tradução não explicita claramente a passiva: 'serás salvo'.","Confirmar se a glossa pretende particípio, adjetivo verbal ou construção passiva completa."
σωθῇ,4982,V-ASP-3S,Verbo - Aoristo Subjuntivo Passiva - 3ª Pessoa Singular,seja salvo,ele(a) seja salvo,passiva_a_confirmar,revisar,"'V-ASP-3S' é passiva, mas a tradução não explicita claramente a passiva: 'seja salvo'.","Confirmar se a glossa pretende particípio, adjetivo verbal ou construção passiva completa."
σωθῶσιν,4982,V-ASP-3P,Verbo - Aoristo Subjuntivo Passiva - 3ª Pessoa Plural,sejam salvos,eles(as) sejam salvos,passiva_a_confirmar,revisar,"'V-ASP-3P' é passiva, mas a tradução não explicita claramente a passiva: 'sejam salvos'.","Confirmar se a glossa pretende particípio, adjetivo verbal ou construção passiva completa."
χάρητε,5463,V-AMP-2P,Verbo - Aoristo Imperativo Passiva - 2ª Pessoa Plural,alegrem-se,alegrem-se,passiva_a_confirmar,revisar,"'V-AMP-2P' é passiva, mas a tradução não explicita claramente a passiva: 'alegrem-se'.","Confirmar se a glossa pretende particípio, adjetivo verbal ou construção passiva completa."
ἐχάρη,5463,V-AIP-3S,Verbo - Aoristo Indicativo Passiva - 3ª Pessoa Singular,alegrem-se,alegrem-se,passiva_a_confirmar,revisar,"'V-AIP-3S' é passiva, mas a tradução não explicita claramente a passiva: 'alegrem-se'.","Confirmar se a glossa pretende particípio, adjetivo verbal ou construção passiva completa."
ἐχάρην,5463,V-AIP-1S,Verbo - Aoristo Indicativo Passiva - 1ª Pessoa Singular,alegrem-se,alegrem-se,passiva_a_confirmar,revisar,"'V-AIP-1S' é passiva, mas a tradução não explicita claramente a passiva: 'alegrem-se'.","Confirmar se a glossa pretende particípio, adjetivo verbal ou construção passiva completa."
χορτασθῆναι,5526,V-ANP,Verbo - Aoristo Infinitivo Passiva,ser alimentado(a),"ser alimentado(a), preenchido(a), satisfeito(a)",passiva_a_confirmar,revisar,"'V-ANP' é passiva, mas a tradução não explicita claramente a passiva: 'ser alimentado(a)'.","Confirmar se a glossa pretende particípio, adjetivo verbal ou construção passiva completa."
ἠγοράσθητε,59,V-AIP-2P,Verbo - Aoristo Indicativo Passiva - 2ª Pessoa Plural,fostes comprados,"vós fostes comprados, fostes resgatados",passiva_a_confirmar,revisar,"'V-AIP-2P' é passiva, mas a tradução não explicita claramente a passiva: 'fostes comprados'.","Confirmar se a glossa pretende particípio, adjetivo verbal ou construção passiva completa."
ἀλλαγησόμεθα,236,V-FIP-1P,Verbo - Futuro Indicativo Passiva - 1ª Pessoa Plural,seremos mudados,"nós seremos mudado, seremos trocado, seremos transformado",passiva_a_confirmar,revisar,"'V-FIP-1P' é passiva, mas a tradução não explicita claramente a passiva: 'seremos mudados'.","Confirmar se a glossa pretende particípio, adjetivo verbal ou construção passiva completa."
ἀνακλιθήσονται,347,V-FIP-3P,Verbo - Futuro Indicativo Passiva - 3ª Pessoa Plural,se reclinarão,"eles(as) reclinar-se-ão, assentarão",passiva_a_confirmar,revisar,"'V-FIP-3P' é passiva, mas a tradução não explicita claramente a passiva: 'se reclinarão'.","Confirmar se a glossa pretende particípio, adjetivo verbal ou construção passiva completa."
ἀνεστράφημέν,390,V-AIP-1P,Verbo - Aoristo Indicativo Passiva - 1ª Pessoa Plural,fomos conduzidos,"nós fomos conduzido, fomos vivido, fomos comportado, fomos voltado, fomos derrubado.",passiva_a_confirmar,revisar,"'V-AIP-1P' é passiva, mas a tradução não explicita claramente a passiva: 'fomos conduzidos'.","Confirmar se a glossa pretende particípio, adjetivo verbal ou construção passiva completa."
ἀνταποδοθήσεται,467,V-FIP-3S,Verbo - Futuro Indicativo Passiva - 3ª Pessoa Singular,será retribuído,"ele(a) será retribuído, será recompensado, será rendido, será retribuído.",passiva_a_confirmar,revisar,"'V-FIP-3S' é passiva, mas a tradução não explicita claramente a passiva: 'será retribuído'.","Confirmar se a glossa pretende particípio, adjetivo verbal ou construção passiva completa."
ἀπολυθέντες,630,V-APP-NMP,Verbo - Aoristo Particípio Passiva - Nominativo Masculino Plural,tendo sido liberados,"tendo sido liberados, tendo sido despedidos, tendo sido mandados embora, tendo sido divorciados",passiva_a_confirmar,revisar,"'V-APP-NMP' é passiva, mas a tradução não explicita claramente a passiva: 'tendo sido liberados'.","Confirmar se a glossa pretende particípio, adjetivo verbal ou construção passiva completa."
βαπτισθέντες,907,V-APP-NMP,Verbo - Aoristo Particípio Passiva - Nominativo Masculino Plural,tendo sido submergidos,"tendo sido submergidos, batizados",passiva_a_confirmar,revisar,"'V-APP-NMP' é passiva, mas a tradução não explicita claramente a passiva: 'tendo sido submergidos'.","Confirmar se a glossa pretende particípio, adjetivo verbal ou construção passiva completa."
βασανισθήσονται,928,V-FIP-3P,Verbo - Futuro Indicativo Passiva - 3ª Pessoa Plural,serão torturados,eles(as) serão torturados,passiva_a_confirmar,revisar,"'V-FIP-3P' é passiva, mas a tradução não explicita claramente a passiva: 'serão torturados'.","Confirmar se a glossa pretende particípio, adjetivo verbal ou construção passiva completa."
γενηθέντες,1096,V-APP-NMP,Verbo - Aoristo Particípio Passiva - Nominativo Masculino Plural,tendo sido tornados,"tendo sido tornados, tendo sido vindos a ser, tendo sido acontecidos, tendo sido sidos feito",passiva_a_confirmar,revisar,"'V-APP-NMP' é passiva, mas a tradução não explicita claramente a passiva: 'tendo sido tornados'.","Confirmar se a glossa pretende particípio, adjetivo verbal ou construção passiva completa."
διασκορπισθήσονται,1287,V-FIP-3P,Verbo - Futuro Indicativo Passiva - 3ª Pessoa Plural,serão espalhados,"eles(as) serão espalhados, serão dispersos",passiva_a_confirmar,revisar,"'V-FIP-3P' é passiva, mas a tradução não explicita claramente a passiva: 'serão espalhados'.","Confirmar se a glossa pretende particípio, adjetivo verbal ou construção passiva completa."
διασπαρέντες,1289,V-APP-NMP,Verbo - Aoristo Particípio Passiva - Nominativo Masculino Plural,tendo sido espalhados,"tendo sido espalhados, tendo sido dispersados",passiva_a_confirmar,revisar,"'V-APP-NMP' é passiva, mas a tradução não explicita claramente a passiva: 'tendo sido espalhados'.","Confirmar se a glossa pretende particípio, adjetivo verbal ou construção passiva completa."
διεσώθησαν,1295,V-AIP-3P,Verbo - Aoristo Indicativo Passiva - 3ª Pessoa Plural,foram salvos,eles(as) foram salvos,passiva_a_confirmar,revisar,"'V-AIP-3P' é passiva, mas a tradução não explicita claramente a passiva: 'foram salvos'.","Confirmar se a glossa pretende particípio, adjetivo verbal ou construção passiva completa."
διαταχθέντα,1299,V-APP-ANP,Verbo - Aoristo Particípio Passiva - Acusativo Neutro Plural,tendo sido organizados,"tendo sido organizados, tendo sido ordenados, tendo sido comandados, tendo sido dirigidos",passiva_a_confirmar,revisar,"'V-APP-ANP' é passiva, mas a tradução não explicita claramente a passiva: 'tendo sido organizados'.","Confirmar se a glossa pretende particípio, adjetivo verbal ou construção passiva completa."
ἐδόθησαν,1325,V-AIP-3P,Verbo - Aoristo Indicativo Passiva - 3ª Pessoa Plural,foram dados,"eles(as) foram dado, foram concedido, foram doado",passiva_a_confirmar,revisar,"'V-AIP-3P' é passiva, mas a tradução não explicita claramente a passiva: 'foram dados'.","Confirmar se a glossa pretende particípio, adjetivo verbal ou construção passiva completa."
δικαιωθῶμεν,1344,V-ASP-1P,Verbo - Aoristo Subjuntivo Passiva - 1ª Pessoa Plural,sejamos justificados,"nós sejamos justificado, sejamos declarado justo, sejamos absolvido",passiva_a_confirmar,revisar,"'V-ASP-1P' é passiva, mas a tradução não explicita claramente a passiva: 'sejamos justificados'.","Confirmar se a glossa pretende particípio, adjetivo verbal ou construção passiva completa."
ἠδυνήθημεν,1410,V-AIP-1P,Verbo - Aoristo Indicativo Passiva - 1ª Pessoa Plural,somos capazes,"nós somos capazes, temos poder",passiva_a_confirmar,revisar,"'V-AIP-1P' é passiva, mas a tradução não explicita claramente a passiva: 'somos capazes'.","Confirmar se a glossa pretende particípio, adjetivo verbal ou construção passiva completa."
ἐγερθέντι,1453,V-APP-DMS,Verbo - Aoristo Particípio Passiva - Dativo Masculino Singular,tendo se levantado,"ao tendo se levantado, tendo despertado",passiva_a_confirmar,revisar,"'V-APP-DMS' é passiva, mas a tradução não explicita claramente a passiva: 'tendo se levantado'.","Confirmar se a glossa pretende particípio, adjetivo verbal ou construção passiva completa."
ἠγέρθησαν,1453,V-AIP-3P,Verbo - Aoristo Indicativo Passiva - 3ª Pessoa Plural,foram levantados,"eles(as) foram levantado, foram despertado",passiva_a_confirmar,revisar,"'V-AIP-3P' é passiva, mas a tradução não explicita claramente a passiva: 'foram levantados'.","Confirmar se a glossa pretende particípio, adjetivo verbal ou construção passiva completa."
ἐξετράπησαν,1624,V-AIP-3P,Verbo - Aoristo Indicativo Passiva - 3ª Pessoa Plural,foram desviados,"eles(as) foram desviado, foram evitado",passiva_a_confirmar,revisar,"'V-AIP-3P' é passiva, mas a tradução não explicita claramente a passiva: 'foram desviados'.","Confirmar se a glossa pretende particípio, adjetivo verbal ou construção passiva completa."
ἐλευθερωθέντες,1659,V-APP-NMP,Verbo - Aoristo Particípio Passiva - Nominativo Masculino Plural,tendo sido libertados,tendo sido libertados,passiva_a_confirmar,revisar,"'V-APP-NMP' é passiva, mas a tradução não explicita claramente a passiva: 'tendo sido libertados'.","Confirmar se a glossa pretende particípio, adjetivo verbal ou construção passiva completa."
ἐνευλογηθήσονται,1757,V-FIP-3P,Verbo - Futuro Indicativo Passiva - 3ª Pessoa Plural,serão abençoados,eles(as) serão abençoados,passiva_a_confirmar,revisar,"'V-FIP-3P' é passiva, mas a tradução não explicita claramente a passiva: 'serão abençoados'.","Confirmar se a glossa pretende particípio, adjetivo verbal ou construção passiva completa."
εὑρέθησαν,2147,V-AIP-3P,Verbo - Aoristo Indicativo Passiva - 3ª Pessoa Plural,foram encontrados,"eles(as) foram encontrado, foram descoberto, foram obtido",passiva_a_confirmar,revisar,"'V-AIP-3P' é passiva, mas a tradução não explicita claramente a passiva: 'foram encontrados'.","Confirmar se a glossa pretende particípio, adjetivo verbal ou construção passiva completa."
θεαθῆναι,2300,V-ANP,Verbo - Aoristo Infinitivo Passiva,ser notado,"ser contemplado, ser notado",passiva_a_confirmar,revisar,"'V-ANP' é passiva, mas a tradução não explicita claramente a passiva: 'ser notado'.","Confirmar se a glossa pretende particípio, adjetivo verbal ou construção passiva completa."
ἰάθητε,2390,V-AIP-2P,Verbo - Aoristo Indicativo Passiva - 2ª Pessoa Plural,fostes curados,"vós fostes curado, fostes restaurado",passiva_a_confirmar,revisar,"'V-AIP-2P' é passiva, mas a tradução não explicita claramente a passiva: 'fostes curados'.","Confirmar se a glossa pretende particípio, adjetivo verbal ou construção passiva completa."
σταθέντες,2476,V-APP-NMP,Verbo - Aoristo Particípio Passiva - Nominativo Masculino Plural,tendo sido colocados,"tendo sido colocados, tendo sido posicionados, tendo sido sidos colocado, tendo sido permanecidos, tendo sido ficados de pé, tendo sido parados",passiva_a_confirmar,revisar,"'V-APP-NMP' é passiva, mas a tradução não explicita claramente a passiva: 'tendo sido colocados'.","Confirmar se a glossa pretende particípio, adjetivo verbal ou construção passiva completa."
ἐκαθαρίσθησαν,2511,V-AIP-3P,Verbo - Aoristo Indicativo Passiva - 3ª Pessoa Plural,foram limpos,"eles(as) foram limpos, foram purificados",passiva_a_confirmar,revisar,"'V-AIP-3P' é passiva, mas a tradução não explicita claramente a passiva: 'foram limpos'.","Confirmar se a glossa pretende particípio, adjetivo verbal ou construção passiva completa."
κληθήσονται,2564,V-FIP-3P,Verbo - Futuro Indicativo Passiva - 3ª Pessoa Plural,serão chamados,"eles(as) serão chamados, serão nomeados, serão convidados",passiva_a_confirmar,revisar,"'V-FIP-3P' é passiva, mas a tradução não explicita claramente a passiva: 'serão chamados'.","Confirmar se a glossa pretende particípio, adjetivo verbal ou construção passiva completa."
κληθῆτε,2564,V-ASP-2P,Verbo - Aoristo Subjuntivo Passiva - 2ª Pessoa Plural,sejais chamados,"vós sejais chamado, sejais nomeado, sejais convidado",passiva_a_confirmar,revisar,"'V-ASP-2P' é passiva, mas a tradução não explicita claramente a passiva: 'sejais chamados'.","Confirmar se a glossa pretende particípio, adjetivo verbal ou construção passiva completa."
καταλυθῇ,2647,V-ASP-3S,Verbo - Aoristo Subjuntivo Passiva - 3ª Pessoa Singular,seja destruído,"ele(a) seja destruído, seja dissolvido, seja derrubado, seja abolido",passiva_a_confirmar,revisar,"'V-ASP-3S' é passiva, mas a tradução não explicita claramente a passiva: 'seja destruído'.","Confirmar se a glossa pretende particípio, adjetivo verbal ou construção passiva completa."
ἐκρίθησαν,2919,V-AIP-3P,Verbo - Aoristo Indicativo Passiva - 3ª Pessoa Plural,foram julgados,"eles(as) foram julgado, foram decidido, foram determinado",passiva_a_confirmar,revisar,"'V-AIP-3P' é passiva, mas a tradução não explicita claramente a passiva: 'foram julgados'.","Confirmar se a glossa pretende particípio, adjetivo verbal ou construção passiva completa."
μεταμεληθεὶς,3338,V-APP-NMS,Verbo - Aoristo Particípio Passiva - Nominativo Masculino Singular,tendo se arrependido,"tendo se arrependido, tendo mudado de ideia",passiva_a_confirmar,revisar,"'V-APP-NMS' é passiva, mas a tradução não explicita claramente a passiva: 'tendo se arrependido'.","Confirmar se a glossa pretende particípio, adjetivo verbal ou construção passiva completa."
μιανθῶσιν,3392,V-ASP-3P,Verbo - Aoristo Subjuntivo Passiva - 3ª Pessoa Plural,sejam manchados,"eles(as) sejam manchados, sejam contaminados, sejam poluídos",passiva_a_confirmar,revisar,"'V-ASP-3P' é passiva, mas a tradução não explicita claramente a passiva: 'sejam manchados'.","Confirmar se a glossa pretende particípio, adjetivo verbal ou construção passiva completa."
μνήσθητε,3403,V-AMP-2P,Verbo - Aoristo Imperativo Passiva - 2ª Pessoa Plural,sois lembrados,"vós sois lembrados, sois estado atento",passiva_a_confirmar,revisar,"'V-AMP-2P' é passiva, mas a tradução não explicita claramente a passiva: 'sois lembrados'.","Confirmar se a glossa pretende particípio, adjetivo verbal ou construção passiva completa."
μωρανθῇ,3471,V-ASP-3S,Verbo - Aoristo Subjuntivo Passiva - 3ª Pessoa Singular,se torne insípido,"que ele(a) se torne tolo, insensato, insípido",passiva_a_confirmar,revisar,"'V-ASP-3S' é passiva, mas a tradução não explicita claramente a passiva: 'se torne insípido'.","Confirmar se a glossa pretende particípio, adjetivo verbal ou construção passiva completa."
παρεκλήθημεν,3870,V-AIP-1P,Verbo - Aoristo Indicativo Passiva - 1ª Pessoa Plural,fomos encorajados,"nós fomos encorajados, fomos exortados, fomos confortados, lit. fomos chamados para o lado",passiva_a_confirmar,revisar,"'V-AIP-1P' é passiva, mas a tradução não explicita claramente a passiva: 'fomos encorajados'.","Confirmar se a glossa pretende particípio, adjetivo verbal ou construção passiva completa."
ἐπείσθησαν,3982,V-AIP-3P,Verbo - Aoristo Indicativo Passiva - 3ª Pessoa Plural,foram persuadidos,"eles(as) foram persuadido, foram convencido, foram confiado, foram tido confiança",passiva_a_confirmar,revisar,"'V-AIP-3P' é passiva, mas a tradução não explicita claramente a passiva: 'foram persuadidos'.","Confirmar se a glossa pretende particípio, adjetivo verbal ou construção passiva completa."
πειρασθῆναι,3985,V-ANP,Verbo - Aoristo Infinitivo Passiva,ser testado(a),"ser testado, tentado, examinado",passiva_a_confirmar,revisar,"'V-ANP' é passiva, mas a tradução não explicita claramente a passiva: 'ser testado(a)'.","Confirmar se a glossa pretende particípio, adjetivo verbal ou construção passiva completa."
πληρωθῆτε,4137,V-ASP-2P,Verbo - Aoristo Subjuntivo Passiva - 2ª Pessoa Plural,sejais preenchidos,"vós sejais preenchido, sejais completado, sejais cumprido",passiva_a_confirmar,revisar,"'V-ASP-2P' é passiva, mas a tradução não explicita claramente a passiva: 'sejais preenchidos'.","Confirmar se a glossa pretende particípio, adjetivo verbal ou construção passiva completa."
συνχάρητέ,4796,V-AMP-2P,Verbo - Aoristo Imperativo Passiva - 2ª Pessoa Plural,sois alegrados com,vós sois alegrado com,passiva_a_confirmar,revisar,"'V-AMP-2P' é passiva, mas a tradução não explicita claramente a passiva: 'sois alegrados com'.","Confirmar se a glossa pretende particípio, adjetivo verbal ou construção passiva completa."
συναχθήσονται,4863,V-FIP-3P,Verbo - Futuro Indicativo Passiva - 3ª Pessoa Plural,serão reunidos,eles(as) serão reunidos,passiva_a_confirmar,revisar,"'V-FIP-3P' é passiva, mas a tradução não explicita claramente a passiva: 'serão reunidos'.","Confirmar se a glossa pretende particípio, adjetivo verbal ou construção passiva completa."
συνηγέρθητε,4891,V-AIP-2P,Verbo - Aoristo Indicativo Passiva - 2ª Pessoa Plural,fostes criados juntos,"vós fostes criado juntos, fostes despertado juntos",passiva_a_confirmar,revisar,"'V-AIP-2P' é passiva, mas a tradução não explicita claramente a passiva: 'fostes criados juntos'.","Confirmar se a glossa pretende particípio, adjetivo verbal ou construção passiva completa."
ἐσφραγίσθητε,4972,V-AIP-2P,Verbo - Aoristo Indicativo Passiva - 2ª Pessoa Plural,fostes selados,"vós fostes selados, fostes colocado um selo, fostes marcado com um selo",passiva_a_confirmar,revisar,"'V-AIP-2P' é passiva, mas a tradução não explicita claramente a passiva: 'fostes selados'.","Confirmar se a glossa pretende particípio, adjetivo verbal ou construção passiva completa."
Σώθητε,4982,V-AMP-2P,Verbo - Aoristo Imperativo Passiva - 2ª Pessoa Plural,sois salvos,"vós sois salvo, sois resgatado, sois libertado, sois curado, sois preservado",passiva_a_confirmar,revisar,"'V-AMP-2P' é passiva, mas a tradução não explicita claramente a passiva: 'sois salvos'.","Confirmar se a glossa pretende particípio, adjetivo verbal ou construção passiva completa."
σωθήσομαι,4982,V-FIP-1S,Verbo - Futuro Indicativo Passiva - 1ª Pessoa Singular,serei salvo(a),"eu serei salvo(a), resgatado(a), serei liberto(a), serei curado(a)",passiva_a_confirmar,revisar,"'V-FIP-1S' é passiva, mas a tradução não explicita claramente a passiva: 'serei salvo(a)'.","Confirmar se a glossa pretende particípio, adjetivo verbal ou construção passiva completa."
σωθησόμεθα,4982,V-FIP-1P,Verbo - Futuro Indicativo Passiva - 1ª Pessoa Plural,seremos salvos,"nós seremos salvos, seremos resgatado, seremos libertado, seremos curado, seremos preservado",passiva_a_confirmar,revisar,"'V-FIP-1P' é passiva, mas a tradução não explicita claramente a passiva: 'seremos salvos'.","Confirmar se a glossa pretende particípio, adjetivo verbal ou construção passiva completa."
Ταπεινώθητε,5013,V-AMP-2P,Verbo - Aoristo Imperativo Passiva - 2ª Pessoa Plural,sois humilhados,"vós sois humilhado, sois rebaixado",passiva_a_confirmar,revisar,"'V-AMP-2P' é passiva, mas a tradução não explicita claramente a passiva: 'sois humilhados'.","Confirmar se a glossa pretende particípio, adjetivo verbal ou construção passiva completa."
ἐταράχθησαν,5015,V-AIP-3P,Verbo - Aoristo Indicativo Passiva - 3ª Pessoa Plural,foram perturbados,"eles(as) foram perturbados, foram incomodados, foram agitados",passiva_a_confirmar,revisar,"'V-AIP-3P' é passiva, mas a tradução não explicita claramente a passiva: 'foram perturbados'.","Confirmar se a glossa pretende particípio, adjetivo verbal ou construção passiva completa."
ἐτέθησαν,5087,V-AIP-3P,Verbo - Aoristo Indicativo Passiva - 3ª Pessoa Plural,foram colocados,"eles(as) foram colocado, foram nomeado, foram estabelecido",passiva_a_confirmar,revisar,"'V-AIP-3P' é passiva, mas a tradução não explicita claramente a passiva: 'foram colocados'.","Confirmar se a glossa pretende particípio, adjetivo verbal ou construção passiva completa."
φανῶσιν,5316,V-ASP-3P,Verbo - Aoristo Subjuntivo Passiva - 3ª Pessoa Plural,sejam mostrados,"eles(as) sejam mostrado, sejam feito aparecer, sejam aparecido, sejam brilhado, sejam manifestado",passiva_a_confirmar,revisar,"'V-ASP-3P' é passiva, mas a tradução não explicita claramente a passiva: 'sejam mostrados'.","Confirmar se a glossa pretende particípio, adjetivo verbal ou construção passiva completa."
χαρήσεται,5463,V-FIP-3S,Verbo - Futuro Indicativo Passiva - 3ª Pessoa Singular,alegrem-se,alegrem-se,passiva_a_confirmar,revisar,"'V-FIP-3S' é passiva, mas a tradução não explicita claramente a passiva: 'alegrem-se'.","Confirmar se a glossa pretende particípio, adjetivo verbal ou construção passiva completa."
χαρῆναι,5463,V-ANP,Verbo - Aoristo Infinitivo Passiva,alegrem-se,alegrem-se,passiva_a_confirmar,revisar,"'V-ANP' é passiva, mas a tradução não explicita claramente a passiva: 'alegrem-se'.","Confirmar se a glossa pretende particípio, adjetivo verbal ou construção passiva completa."
ἀγαλλιαθῆναι,21,V-ANP,Verbo - Aoristo Infinitivo Passiva,regozijar-se muito,"regozijar muito, exultar, ficar extremamente feliz.",passiva_a_confirmar,revisar,"'V-ANP' é passiva, mas a tradução não explicita claramente a passiva: 'regozijar-se muito'.","Confirmar se a glossa pretende particípio, adjetivo verbal ou construção passiva completa."
ἡγιάσθητε,37,V-AIP-2P,Verbo - Aoristo Indicativo Passiva - 2ª Pessoa Plural,fostes santificados,"vós fostes santificado, fostes tornado santo, fostes consagrado, fostes separado",passiva_a_confirmar,revisar,"'V-AIP-2P' é passiva, mas a tradução não explicita claramente a passiva: 'fostes santificados'.","Confirmar se a glossa pretende particípio, adjetivo verbal ou construção passiva completa."
ἠγοράσθησαν,59,V-AIP-3P,Verbo - Aoristo Indicativo Passiva - 3ª Pessoa Plural,foram comprados,"eles(as) foram comprado, foram resgatado",passiva_a_confirmar,revisar,"'V-AIP-3P' é passiva, mas a tradução não explicita claramente a passiva: 'foram comprados'.","Confirmar se a glossa pretende particípio, adjetivo verbal ou construção passiva completa."
ἀχθήσεσθε,71,V-FIP-2P,Verbo - Futuro Indicativo Passiva - 2ª Pessoa Plural,sereis levados,"vós sereis levados, sereis conduzidos, sereis trazidos",passiva_a_confirmar,revisar,"'V-FIP-2P' é passiva, mas a tradução não explicita claramente a passiva: 'sereis levados'.","Confirmar se a glossa pretende particípio, adjetivo verbal ou construção passiva completa."
ἀρθῶσιν,142,V-ASP-3P,Verbo - Aoristo Subjuntivo Passiva - 3ª Pessoa Plural,sejam levantados,"eles(as) sejam levantado, sejam retirado, sejam levado embora.",passiva_a_confirmar,revisar,"'V-ASP-3P' é passiva, mas a tradução não explicita claramente a passiva: 'sejam levantados'.","Confirmar se a glossa pretende particípio, adjetivo verbal ou construção passiva completa."
αἰσχυνθῶμεν,153,V-ASP-1P,Verbo - Aoristo Subjuntivo Passiva - 1ª Pessoa Plural,sejamos envergonhados,"nós sejamos envergonhado, sejamos desonrado",passiva_a_confirmar,revisar,"'V-ASP-1P' é passiva, mas a tradução não explicita claramente a passiva: 'sejamos envergonhados'.","Confirmar se a glossa pretende particípio, adjetivo verbal ou construção passiva completa."
αἰχμαλωτισθήσονται,163,V-FIP-3P,Verbo - Futuro Indicativo Passiva - 3ª Pessoa Plural,serão capturados,"eles(as) serão capturados, serão levados cativos",passiva_a_confirmar,revisar,"'V-FIP-3P' é passiva, mas a tradução não explicita claramente a passiva: 'serão capturados'.","Confirmar se a glossa pretende particípio, adjetivo verbal ou construção passiva completa."
ἀκουσθεῖσιν,191,V-APP-DNP,Verbo - Aoristo Particípio Passiva - Dativo Neutro Plural,tendo sido ouvidos,"tendo sido ouvidos, tendo sido entendidos",passiva_a_confirmar,revisar,"'V-APP-DNP' é passiva, mas a tradução não explicita claramente a passiva: 'tendo sido ouvidos'.","Confirmar se a glossa pretende particípio, adjetivo verbal ou construção passiva completa."
ἀλλαγήσονται,236,V-FIP-3P,Verbo - Futuro Indicativo Passiva - 3ª Pessoa Plural,serão mudados,"eles(as) serão mudados, serão trocados, serão transformados",passiva_a_confirmar,revisar,"'V-FIP-3P' é passiva, mas a tradução não explicita claramente a passiva: 'serão mudados'.","Confirmar se a glossa pretende particípio, adjetivo verbal ou construção passiva completa."
ἀνήχθησαν,321,V-AIP-3P,Verbo - Aoristo Indicativo Passiva - 3ª Pessoa Plural,foram conduzidos,"eles(as) foram conduzidos, foram trazidos, zarparam",passiva_a_confirmar,revisar,"'V-AIP-3P' é passiva, mas a tradução não explicita claramente a passiva: 'foram conduzidos'.","Confirmar se a glossa pretende particípio, adjetivo verbal ou construção passiva completa."
ἀναλωθῆτε,355,V-ASP-2P,Verbo - Aoristo Subjuntivo Passiva - 2ª Pessoa Plural,sejais consumidos,"vós sejais consumido, sejais gastado, sejais esgotado",passiva_a_confirmar,revisar,"'V-ASP-2P' é passiva, mas a tradução não explicita claramente a passiva: 'sejais consumidos'.","Confirmar se a glossa pretende particípio, adjetivo verbal ou construção passiva completa."
ἀναστράφητε,390,V-AMP-2P,Verbo - Aoristo Imperativo Passiva - 2ª Pessoa Plural,sois conduzidos,"vós sois conduzido, sois vivido, sois comportado, sois voltado, sois derrubado.",passiva_a_confirmar,revisar,"'V-AMP-2P' é passiva, mas a tradução não explicita claramente a passiva: 'sois conduzidos'.","Confirmar se a glossa pretende particípio, adjetivo verbal ou construção passiva completa."
ἀνεῴχθησαν,455,V-AIP-3P,Verbo - Aoristo Indicativo Passiva - 3ª Pessoa Plural,foram abertos,eles(as) foram abertos,passiva_a_confirmar,revisar,"'V-AIP-3P' é passiva, mas a tradução não explicita claramente a passiva: 'foram abertos'.","Confirmar se a glossa pretende particípio, adjetivo verbal ou construção passiva completa."
ἀνοιγῶσιν,455,V-ASP-3P,Verbo - Aoristo Subjuntivo Passiva - 3ª Pessoa Plural,sejam abertos,eles(as) sejam aberto,passiva_a_confirmar,revisar,"'V-ASP-3P' é passiva, mas a tradução não explicita claramente a passiva: 'sejam abertos'.","Confirmar se a glossa pretende particípio, adjetivo verbal ou construção passiva completa."
ἠνεῴχθησάν,455,V-AIP-3P,Verbo - Aoristo Indicativo Passiva - 3ª Pessoa Plural,foram abertos,eles(as) foram abertos,passiva_a_confirmar,revisar,"'V-AIP-3P' é passiva, mas a tradução não explicita claramente a passiva: 'foram abertos'.","Confirmar se a glossa pretende particípio, adjetivo verbal ou construção passiva completa."
ἠνοίγησαν,455,V-AIP-3P,Verbo - Aoristo Indicativo Passiva - 3ª Pessoa Plural,foram abertos,eles(as) foram abertos,passiva_a_confirmar,revisar,"'V-AIP-3P' é passiva, mas a tradução não explicita claramente a passiva: 'foram abertos'.","Confirmar se a glossa pretende particípio, adjetivo verbal ou construção passiva completa."
ἠνοίχθησαν,455,V-AIP-3P,Verbo - Aoristo Indicativo Passiva - 3ª Pessoa Plural,foram abertos,eles(as) foram abertos,passiva_a_confirmar,revisar,"'V-AIP-3P' é passiva, mas a tradução não explicita claramente a passiva: 'foram abertos'.","Confirmar se a glossa pretende particípio, adjetivo verbal ou construção passiva completa."
ἀποκαλυφθῶσιν,601,V-ASP-3P,Verbo - Aoristo Subjuntivo Passiva - 3ª Pessoa Plural,sejam revelados,"eles(as) sejam revelado, sejam descoberto",passiva_a_confirmar,revisar,"'V-ASP-3P' é passiva, mas a tradução não explicita claramente a passiva: 'sejam revelados'.","Confirmar se a glossa pretende particípio, adjetivo verbal ou construção passiva completa."
ἀποκριθῶσιν,611,V-ASP-3P,Verbo - Aoristo Subjuntivo Passiva - 3ª Pessoa Plural,sejam respondidos,eles(as) sejam respondido,passiva_a_confirmar,revisar,"'V-ASP-3P' é passiva, mas a tradução não explicita claramente a passiva: 'sejam respondidos'.","Confirmar se a glossa pretende particípio, adjetivo verbal ou construção passiva completa."
ἀποκτανθῶσιν,615,V-ASP-3P,Verbo - Aoristo Subjuntivo Passiva - 3ª Pessoa Plural,sejam mortos,"eles(as) sejam mortos, sejam assassinado, sejam condenado à morte",passiva_a_confirmar,revisar,"'V-ASP-3P' é passiva, mas a tradução não explicita claramente a passiva: 'sejam mortos'.","Confirmar se a glossa pretende particípio, adjetivo verbal ou construção passiva completa."
ἀπελύθησαν,630,V-AIP-3P,Verbo - Aoristo Indicativo Passiva - 3ª Pessoa Plural,foram liberados,"eles(as) foram liberado, foram despedido, foram mandado embora, foram divorciado",passiva_a_confirmar,revisar,"'V-AIP-3P' é passiva, mas a tradução não explicita claramente a passiva: 'foram liberados'.","Confirmar se a glossa pretende particípio, adjetivo verbal ou construção passiva completa."
ἀπολυθήσεσθε,630,V-FIP-2P,Verbo - Futuro Indicativo Passiva - 2ª Pessoa Plural,sereis liberados,"vós sereis liberado, sereis despedido, sereis mandado embora, sereis divorciado",passiva_a_confirmar,revisar,"'V-FIP-2P' é passiva, mas a tradução não explicita claramente a passiva: 'sereis liberados'.","Confirmar se a glossa pretende particípio, adjetivo verbal ou construção passiva completa."
ἀπολυθῆτε,630,V-ASP-2P,Verbo - Aoristo Subjuntivo Passiva - 2ª Pessoa Plural,sejais liberados,"vós sejais liberado, sejais despedido, sejais mandado embora, sejais divorciado",passiva_a_confirmar,revisar,"'V-ASP-2P' é passiva, mas a tradução não explicita claramente a passiva: 'sejais liberados'.","Confirmar se a glossa pretende particípio, adjetivo verbal ou construção passiva completa."
ἀπεπλανήθησαν,635,V-AIP-3P,Verbo - Aoristo Indicativo Passiva - 3ª Pessoa Plural,foram desviados,"eles(as) foram desviado, foram enganado, foram feito vagar",passiva_a_confirmar,revisar,"'V-AIP-3P' é passiva, mas a tradução não explicita claramente a passiva: 'foram desviados'.","Confirmar se a glossa pretende particípio, adjetivo verbal ou construção passiva completa."
ἀπορφανισθέντες,642,V-APP-NMP,Verbo - Aoristo Particípio Passiva - Nominativo Masculino Plural,tendo sido estados enlutado,"tendo sido estados enlutado, tendo sido ficados órfão, tendo sido ficados sem",passiva_a_confirmar,revisar,"'V-APP-NMP' é passiva, mas a tradução não explicita claramente a passiva: 'tendo sido estados enlutado'.","Confirmar se a glossa pretende particípio, adjetivo verbal ou construção passiva completa."
ἀποσπασθέντας,645,V-APP-AMP,Verbo - Aoristo Particípio Passiva - Acusativo Masculino Plural,tendo sido afastados,"tendo sido afastados, tendo sido separados",passiva_a_confirmar,revisar,"'V-APP-AMP' é passiva, mas a tradução não explicita claramente a passiva: 'tendo sido afastados'.","Confirmar se a glossa pretende particípio, adjetivo verbal ou construção passiva completa."
ἁρπαγησόμεθα,726,V-FIP-1P,Verbo - Futuro Indicativo Passiva - 1ª Pessoa Plural,seremos apreendidos,"nós seremos apreendido, seremos arrebatado, seremos tirado à força",passiva_a_confirmar,revisar,"'V-FIP-1P' é passiva, mas a tradução não explicita claramente a passiva: 'seremos apreendidos'.","Confirmar se a glossa pretende particípio, adjetivo verbal ou construção passiva completa."
ἀφορίσθητε,873,V-AMP-2P,Verbo - Aoristo Imperativo Passiva - 2ª Pessoa Plural,sois separados,"vós sois separados, sois divididos",passiva_a_confirmar,revisar,"'V-AMP-2P' é passiva, mas a tradução não explicita claramente a passiva: 'sois separados'.","Confirmar se a glossa pretende particípio, adjetivo verbal ou construção passiva completa."
ἠχρεώθησαν,889,V-AIP-3P,Verbo - Aoristo Indicativo Passiva - 3ª Pessoa Plural,foram inutilizados,eles(as) foram tornados inúteis,passiva_a_confirmar,revisar,"'V-AIP-3P' é passiva, mas a tradução não explicita claramente a passiva: 'foram inutilizados'.","Confirmar se a glossa pretende particípio, adjetivo verbal ou construção passiva completa."
βληθείσῃ,906,V-APP-DFS,Verbo - Aoristo Particípio Passiva - Dativo Feminino Singular,tendo sido lançada,"a tendo sido lançada, tendo sido colocada",passiva_a_confirmar,revisar,"'V-APP-DFS' é passiva, mas a tradução não explicita claramente a passiva: 'tendo sido lançada'.","Confirmar se a glossa pretende particípio, adjetivo verbal ou construção passiva completa."
βαρηθῶσιν,916,V-ASP-3P,Verbo - Aoristo Subjuntivo Passiva - 3ª Pessoa Plural,sejam pesados,"eles(as) sejam pesado, sejam sobrecarregado, sejam oprimido",passiva_a_confirmar,revisar,"'V-ASP-3P' é passiva, mas a tradução não explicita claramente a passiva: 'sejam pesados'.","Confirmar se a glossa pretende particípio, adjetivo verbal ou construção passiva completa."
ἐβαρήθημεν,916,V-AIP-1P,Verbo - Aoristo Indicativo Passiva - 1ª Pessoa Plural,fomos pesados,"nós fomos pesado, fomos sobrecarregado, fomos oprimido",passiva_a_confirmar,revisar,"'V-AIP-1P' é passiva, mas a tradução não explicita claramente a passiva: 'fomos pesados'.","Confirmar se a glossa pretende particípio, adjetivo verbal ou construção passiva completa."
γεγεννήμεθα,1080,V-AIP-1P,Verbo - Aoristo Indicativo Passiva - 1ª Pessoa Plural,fomos gerados,"nós fomos gerado, fomos dado à luz, fomos produzido.",passiva_a_confirmar,revisar,"'V-AIP-1P' é passiva, mas a tradução não explicita claramente a passiva: 'fomos gerados'.","Confirmar se a glossa pretende particípio, adjetivo verbal ou construção passiva completa."
ἐγεννήθημεν,1080,V-AIP-1P,Verbo - Aoristo Indicativo Passiva - 1ª Pessoa Plural,fomos gerados,"nós fomos gerado, fomos dado à luz, fomos produzido.",passiva_a_confirmar,revisar,"'V-AIP-1P' é passiva, mas a tradução não explicita claramente a passiva: 'fomos gerados'.","Confirmar se a glossa pretende particípio, adjetivo verbal ou construção passiva completa."
γενήθητε,1096,V-AMP-2P,Verbo - Aoristo Imperativo Passiva - 2ª Pessoa Plural,sois tornados,"vós sois tornado, sois vindo a ser, sois acontecido, sois sido feito",passiva_a_confirmar,revisar,"'V-AMP-2P' é passiva, mas a tradução não explicita claramente a passiva: 'sois tornados'.","Confirmar se a glossa pretende particípio, adjetivo verbal ou construção passiva completa."
γενηθέντας,1096,V-APP-AMP,Verbo - Aoristo Particípio Passiva - Acusativo Masculino Plural,tendo sido tornados,"tendo sido tornados, tendo sido vindos a ser, tendo sido acontecidos, tendo sido sidos feito",passiva_a_confirmar,revisar,"'V-APP-AMP' é passiva, mas a tradução não explicita claramente a passiva: 'tendo sido tornados'.","Confirmar se a glossa pretende particípio, adjetivo verbal ou construção passiva completa."
γενηθέντων,1096,V-APP-GNP,Verbo - Aoristo Particípio Passiva - Genitivo Neutro Plural,tendo sido tornados,"tendo sido tornados, tendo sido vindos a ser, tendo sido acontecidos, tendo sido sidos feito",passiva_a_confirmar,revisar,"'V-APP-GNP' é passiva, mas a tradução não explicita claramente a passiva: 'tendo sido tornados'.","Confirmar se a glossa pretende particípio, adjetivo verbal ou construção passiva completa."
γνωσθέντες,1097,V-APP-NMP,Verbo - Aoristo Particípio Passiva - Nominativo Masculino Plural,tendo sido conhecidos,"tendo sido conhecidos, tendo sido vindos a conhecer, tendo sido reconhecidos, tendo sido percebidos",passiva_a_confirmar,revisar,"'V-APP-NMP' é passiva, mas a tradução não explicita claramente a passiva: 'tendo sido conhecidos'.","Confirmar se a glossa pretende particípio, adjetivo verbal ou construção passiva completa."
δαρήσεσθε,1194,V-FIP-2P,Verbo - Futuro Indicativo Passiva - 2ª Pessoa Plural,sereis atacados,"vós sereis atacados, flagelados",passiva_a_confirmar,revisar,"'V-FIP-2P' é passiva, mas a tradução não explicita claramente a passiva: 'sereis atacados'.","Confirmar se a glossa pretende particípio, adjetivo verbal ou construção passiva completa."
διακριθῆτε,1252,V-ASP-2P,Verbo - Aoristo Subjuntivo Passiva - 2ª Pessoa Plural,sejais distinguidos,"vós sejais distinguido, sejais discernido, sejais julgado, sejais duvidado",passiva_a_confirmar,revisar,"'V-ASP-2P' é passiva, mas a tradução não explicita claramente a passiva: 'sejais distinguidos'.","Confirmar se a glossa pretende particípio, adjetivo verbal ou construção passiva completa."
διεκρίθητε,1252,V-AIP-2P,Verbo - Aoristo Indicativo Passiva - 2ª Pessoa Plural,fostes distinguidos,"vós fostes distinguido, fostes discernido, fostes julgado, fostes duvidado",passiva_a_confirmar,revisar,"'V-AIP-2P' é passiva, mas a tradução não explicita claramente a passiva: 'fostes distinguidos'.","Confirmar se a glossa pretende particípio, adjetivo verbal ou construção passiva completa."
διελέχθησαν,1256,V-AIP-3P,Verbo - Aoristo Indicativo Passiva - 3ª Pessoa Plural,foram discutidos,"eles(as) foram discutido, foram raciocinado, foram argumentado, foram falado",passiva_a_confirmar,revisar,"'V-AIP-3P' é passiva, mas a tradução não explicita claramente a passiva: 'foram discutidos'.","Confirmar se a glossa pretende particípio, adjetivo verbal ou construção passiva completa."
διελύθησαν,1262,V-AIP-3P,Verbo - Aoristo Indicativo Passiva - 3ª Pessoa Plural,foram dissolvidos,"eles(as) foram dissolvido, foram quebrado, foram dispersado, foram liberado.",passiva_a_confirmar,revisar,"'V-AIP-3P' é passiva, mas a tradução não explicita claramente a passiva: 'foram dissolvidos'.","Confirmar se a glossa pretende particípio, adjetivo verbal ou construção passiva completa."
διαμερισθήσονται,1266,V-FIP-3P,Verbo - Futuro Indicativo Passiva - 3ª Pessoa Plural,serão divididos,"eles(as) serão divididos, serão distribuídos, serão repartidos",passiva_a_confirmar,revisar,"'V-FIP-3P' é passiva, mas a tradução não explicita claramente a passiva: 'serão divididos'.","Confirmar se a glossa pretende particípio, adjetivo verbal ou construção passiva completa."
διαμερισθεῖσα,1266,V-APP-NFS,Verbo - Aoristo Particípio Passiva - Nominativo Feminino Singular,tendo sido dividida,"tendo sido dividida, tendo sido distribuída, tendo sido repartida",passiva_a_confirmar,revisar,"'V-APP-NFS' é passiva, mas a tradução não explicita claramente a passiva: 'tendo sido dividida'.","Confirmar se a glossa pretende particípio, adjetivo verbal ou construção passiva completa."
διανεμηθῇ,1268,V-ASP-3S,Verbo - Aoristo Subjuntivo Passiva - 3ª Pessoa Singular,seja distribuído,"ele(a) seja distribuído, seja dividido, seja repartido",passiva_a_confirmar,revisar,"'V-ASP-3S' é passiva, mas a tradução não explicita claramente a passiva: 'seja distribuído'.","Confirmar se a glossa pretende particípio, adjetivo verbal ou construção passiva completa."
διηνοίχθησαν,1272,V-AIP-3P,Verbo - Aoristo Indicativo Passiva - 3ª Pessoa Plural,foram abertos completamente,eles(as) foram aberto completamente,passiva_a_confirmar,revisar,"'V-AIP-3P' é passiva, mas a tradução não explicita claramente a passiva: 'foram abertos completamente'.","Confirmar se a glossa pretende particípio, adjetivo verbal ou construção passiva completa."
διεσκορπίσθησαν,1287,V-AIP-3P,Verbo - Aoristo Indicativo Passiva - 3ª Pessoa Plural,foram espalhados,"eles(as) foram espalhado, foram dispersado, foram desperdiçado",passiva_a_confirmar,revisar,"'V-AIP-3P' é passiva, mas a tradução não explicita claramente a passiva: 'foram espalhados'.","Confirmar se a glossa pretende particípio, adjetivo verbal ou construção passiva completa."
διεσπάρησαν,1289,V-AIP-3P,Verbo - Aoristo Indicativo Passiva - 3ª Pessoa Plural,foram espalhados,"eles(as) foram espalhado, foram dispersado",passiva_a_confirmar,revisar,"'V-AIP-3P' é passiva, mas a tradução não explicita claramente a passiva: 'foram espalhados'.","Confirmar se a glossa pretende particípio, adjetivo verbal ou construção passiva completa."
διασωθέντα,1295,V-APP-AMS,Verbo - Aoristo Particípio Passiva - Acusativo Masculino Singular,tendo sido salvo,"tendo sido salvo, tendo sido preservado, tendo sido trazido segurança",passiva_a_confirmar,revisar,"'V-APP-AMS' é passiva, mas a tradução não explicita claramente a passiva: 'tendo sido salvo'.","Confirmar se a glossa pretende particípio, adjetivo verbal ou construção passiva completa."
διασωθέντες,1295,V-APP-NMP,Verbo - Aoristo Particípio Passiva - Nominativo Masculino Plural,tendo sido salvos,"tendo sido salvos, tendo sido preservados, tendo sido trazidos segurança",passiva_a_confirmar,revisar,"'V-APP-NMP' é passiva, mas a tradução não explicita claramente a passiva: 'tendo sido salvos'.","Confirmar se a glossa pretende particípio, adjetivo verbal ou construção passiva completa."
διεφθάρησαν,1311,V-AIP-3P,Verbo - Aoristo Indicativo Passiva - 3ª Pessoa Plural,foram destruído,"eles(as) foram destruído, foram corrompido, foram arruinado, foram estragado",passiva_a_confirmar,revisar,"'V-AIP-3P' é passiva, mas a tradução não explicita claramente a passiva: 'foram destruído'.","Confirmar se a glossa pretende particípio, adjetivo verbal ou construção passiva completa."
ἐδιδάχθησαν,1321,V-AIP-3P,Verbo - Aoristo Indicativo Passiva - 3ª Pessoa Plural,foram ensinados,"eles(as) foram ensinado, foram instruído",passiva_a_confirmar,revisar,"'V-AIP-3P' é passiva, mas a tradução não explicita claramente a passiva: 'foram ensinados'.","Confirmar se a glossa pretende particípio, adjetivo verbal ou construção passiva completa."
δικαιωθήσονται,1344,V-FIP-3P,Verbo - Futuro Indicativo Passiva - 3ª Pessoa Plural,serão justificados,"eles(as) serão justificados, serão declarados justos, serão absolvidos",passiva_a_confirmar,revisar,"'V-FIP-3P' é passiva, mas a tradução não explicita claramente a passiva: 'serão justificados'.","Confirmar se a glossa pretende particípio, adjetivo verbal ou construção passiva completa."
ἐδικαιώθητε,1344,V-AIP-2P,Verbo - Aoristo Indicativo Passiva - 2ª Pessoa Plural,fostes justificados,"vós fostes justificado, fostes declarado justo, fostes absolvido",passiva_a_confirmar,revisar,"'V-AIP-2P' é passiva, mas a tradução não explicita claramente a passiva: 'fostes justificados'.","Confirmar se a glossa pretende particípio, adjetivo verbal ou construção passiva completa."
διωχθήσονται,1377,V-FIP-3P,Verbo - Futuro Indicativo Passiva - 3ª Pessoa Plural,serão perseguidos,eles(as) serão perseguidos,passiva_a_confirmar,revisar,"'V-FIP-3P' é passiva, mas a tradução não explicita claramente a passiva: 'serão perseguidos'.","Confirmar se a glossa pretende particípio, adjetivo verbal ou construção passiva completa."
δοξασθῶσιν,1392,V-ASP-3P,Verbo - Aoristo Subjuntivo Passiva - 3ª Pessoa Plural,sejam glorificados,"eles(as) sejam glorificados, sejam honrados, sejam louvados",passiva_a_confirmar,revisar,"'V-ASP-3P' é passiva, mas a tradução não explicita claramente a passiva: 'sejam glorificados'.","Confirmar se a glossa pretende particípio, adjetivo verbal ou construção passiva completa."
δουλωθέντες,1402,V-APP-NMP,Verbo - Aoristo Particípio Passiva - Nominativo Masculino Plural,tendo sido escravizados,"tendo sido escravizados, tendo sido trazidos à escravidão, tendo sido feitos um servo.",passiva_a_confirmar,revisar,"'V-APP-NMP' é passiva, mas a tradução não explicita claramente a passiva: 'tendo sido escravizados'.","Confirmar se a glossa pretende particípio, adjetivo verbal ou construção passiva completa."
ἐδουλώθητε,1402,V-AIP-2P,Verbo - Aoristo Indicativo Passiva - 2ª Pessoa Plural,fostes escravizados,"vós fostes escravizado, fostes trazido à escravidão, fostes feito um servo.",passiva_a_confirmar,revisar,"'V-AIP-2P' é passiva, mas a tradução não explicita claramente a passiva: 'fostes escravizados'.","Confirmar se a glossa pretende particípio, adjetivo verbal ou construção passiva completa."
ἐδυναμώθησαν,1412,V-AIP-3P,Verbo - Aoristo Indicativo Passiva - 3ª Pessoa Plural,foram capacitados,"eles(as) foram capacitado, foram fortalecido, foram tornados fortes",passiva_a_confirmar,revisar,"'V-AIP-3P' é passiva, mas a tradução não explicita claramente a passiva: 'foram capacitados'.","Confirmar se a glossa pretende particípio, adjetivo verbal ou construção passiva completa."
Ἐγέρθητε,1453,V-AMP-2P,Verbo - Aoristo Imperativo Passiva - 2ª Pessoa Plural,sois levantados,"vós sois levantado, sois despertado",passiva_a_confirmar,revisar,"'V-AMP-2P' é passiva, mas a tradução não explicita claramente a passiva: 'sois levantados'.","Confirmar se a glossa pretende particípio, adjetivo verbal ou construção passiva completa."
εἰσακουσθήσονται,1522,V-FIP-3P,Verbo - Futuro Indicativo Passiva - 3ª Pessoa Plural,serão ouvidos,"eles(as) serão ouvidos, terão um pedido atendido",passiva_a_confirmar,revisar,"'V-FIP-3P' é passiva, mas a tradução não explicita claramente a passiva: 'serão ouvidos'.","Confirmar se a glossa pretende particípio, adjetivo verbal ou construção passiva completa."
ἐκβληθήσονται,1544,V-FIP-3P,Verbo - Futuro Indicativo Passiva - 3ª Pessoa Plural,serão expulsos,eles(as) serão expulsos,passiva_a_confirmar,revisar,"'V-FIP-3P' é passiva, mas a tradução não explicita claramente a passiva: 'serão expulsos'.","Confirmar se a glossa pretende particípio, adjetivo verbal ou construção passiva completa."
ἐξεκαύθησαν,1572,V-AIP-3P,Verbo - Aoristo Indicativo Passiva - 3ª Pessoa Plural,foram acendidos,"eles(as) foram acendido, foram inflamado, foram queimado",passiva_a_confirmar,revisar,"'V-AIP-3P' é passiva, mas a tradução não explicita claramente a passiva: 'foram acendidos'.","Confirmar se a glossa pretende particípio, adjetivo verbal ou construção passiva completa."
ἐκπεμφθέντες,1599,V-APP-NMP,Verbo - Aoristo Particípio Passiva - Nominativo Masculino Plural,tendo sido enviados,"tendo sido enviados, tendo sido despachados",passiva_a_confirmar,revisar,"'V-APP-NMP' é passiva, mas a tradução não explicita claramente a passiva: 'tendo sido enviados'.","Confirmar se a glossa pretende particípio, adjetivo verbal ou construção passiva completa."
ἐξεπλάγησαν,1605,V-AIP-3P,Verbo - Aoristo Indicativo Passiva - 3ª Pessoa Plural,foram surpreendidos,"eles(as) foram surpreendido, ficaram impressionados com o espanto.",passiva_a_confirmar,revisar,"'V-AIP-3P' é passiva, mas a tradução não explicita claramente a passiva: 'foram surpreendidos'.","Confirmar se a glossa pretende particípio, adjetivo verbal ou construção passiva completa."
ἐκριζωθέντα,1610,V-APP-NNP,Verbo - Aoristo Particípio Passiva - Nominativo Neutro Plural,tendo sido desenraizados,"tendo sido desenraizados, tendo sido erradicados",passiva_a_confirmar,revisar,"'V-APP-NNP' é passiva, mas a tradução não explicita claramente a passiva: 'tendo sido desenraizados'.","Confirmar se a glossa pretende particípio, adjetivo verbal ou construção passiva completa."
ἐκριζώθητι,1610,V-AMP-2S,Verbo - Aoristo Imperativo Passiva - 2ª Pessoa Singular,estás desenraizado,"tu estás desenraizado, erradicado",passiva_a_confirmar,revisar,"'V-AMP-2S' é passiva, mas a tradução não explicita claramente a passiva: 'estás desenraizado'.","Confirmar se a glossa pretende particípio, adjetivo verbal ou construção passiva completa."
ἐκτραπήσονται,1624,V-FIP-3P,Verbo - Futuro Indicativo Passiva - 3ª Pessoa Plural,serão desviados,eles(as) serão desviados,passiva_a_confirmar,revisar,"'V-FIP-3P' é passiva, mas a tradução não explicita claramente a passiva: 'serão desviados'.","Confirmar se a glossa pretende particípio, adjetivo verbal ou construção passiva completa."
ἐξεχύθησαν,1632,V-AIP-3P,Verbo - Aoristo Indicativo Passiva - 3ª Pessoa Plural,foram derramados,eles(as) foram derramado,passiva_a_confirmar,revisar,"'V-AIP-3P' é passiva, mas a tradução não explicita claramente a passiva: 'foram derramados'.","Confirmar se a glossa pretende particípio, adjetivo verbal ou construção passiva completa."
ἐλεηθέντες,1653,V-APP-NMP,Verbo - Aoristo Particípio Passiva - Nominativo Masculino Plural,tendo sido tidos misericórdia,"tendo sido tidos misericórdia, tendo sido mostrados compaixão, tendo sido sidos misericordioso.",passiva_a_confirmar,revisar,"'V-APP-NMP' é passiva, mas a tradução não explicita claramente a passiva: 'tendo sido tidos misericórdia'.","Confirmar se a glossa pretende particípio, adjetivo verbal ou construção passiva completa."
ἐνεπλήσθησαν,1705,V-AIP-3P,Verbo - Aoristo Indicativo Passiva - 3ª Pessoa Plural,foram preenchidos,"eles(as) foram preenchidos, foram satisfeitos, foram cumpridos",passiva_a_confirmar,revisar,"'V-AIP-3P' é passiva, mas a tradução não explicita claramente a passiva: 'foram preenchidos'.","Confirmar se a glossa pretende particípio, adjetivo verbal ou construção passiva completa."
ἐμπλακέντες,1707,V-APP-NMP,Verbo - Aoristo Particípio Passiva - Nominativo Masculino Plural,tendo sido enredados,"tendo sido enredados, tendo sido envolvidos",passiva_a_confirmar,revisar,"'V-APP-NMP' é passiva, mas a tradução não explicita claramente a passiva: 'tendo sido enredados'.","Confirmar se a glossa pretende particípio, adjetivo verbal ou construção passiva completa."
ἐνδοξασθῆναι,1740,V-ANP,Verbo - Aoristo Infinitivo Passiva,ser glorificado,"ser glorificado, ser mantido em honra",passiva_a_confirmar,revisar,"'V-ANP' é passiva, mas a tradução não explicita claramente a passiva: 'ser glorificado'.","Confirmar se a glossa pretende particípio, adjetivo verbal ou construção passiva completa."
ἐξολεθρευθήσεται,1842,V-FIP-3S,Verbo - Futuro Indicativo Passiva - 3ª Pessoa Singular,será destruído completamente,"ele(a) será destruído completamente, será exterminado, será erradicado",passiva_a_confirmar,revisar,"'V-FIP-3S' é passiva, mas a tradução não explicita claramente a passiva: 'será destruído completamente'.","Confirmar se a glossa pretende particípio, adjetivo verbal ou construção passiva completa."
ἐπηγγείλαντο,1861,V-AIP-3P,Verbo - Aoristo Indicativo Passiva - 3ª Pessoa Plural,foram prometidos,"eles(as) foram prometido, foram proclamado, foram anunciado",passiva_a_confirmar,revisar,"'V-AIP-3P' é passiva, mas a tradução não explicita claramente a passiva: 'foram prometidos'.","Confirmar se a glossa pretende particípio, adjetivo verbal ou construção passiva completa."
ἐπεστράφητε,1994,V-AIP-2P,Verbo - Aoristo Indicativo Passiva - 2ª Pessoa Plural,fostes virados,"vós fostes virado, fostes voltado, fostes voltado atrás, fostes convertido",passiva_a_confirmar,revisar,"'V-AIP-2P' é passiva, mas a tradução não explicita claramente a passiva: 'fostes virados'.","Confirmar se a glossa pretende particípio, adjetivo verbal ou construção passiva completa."
ἐπισυναχθήσονται,1996,V-FIP-3P,Verbo - Futuro Indicativo Passiva - 3ª Pessoa Plural,serão reunidos,eles(as) serão reunidos,passiva_a_confirmar,revisar,"'V-FIP-3P' é passiva, mas a tradução não explicita claramente a passiva: 'serão reunidos'.","Confirmar se a glossa pretende particípio, adjetivo verbal ou construção passiva completa."
ἐπισυναχθεισῶν,1996,V-APP-GFP,Verbo - Aoristo Particípio Passiva - Genitivo Feminino Plural,tendo sido reunidos,tendo sido reunidos,passiva_a_confirmar,revisar,"'V-APP-GFP' é passiva, mas a tradução não explicita claramente a passiva: 'tendo sido reunidos'.","Confirmar se a glossa pretende particípio, adjetivo verbal ou construção passiva completa."
ἐρρέθησαν,2046,V-AIP-3P,Verbo - Aoristo Indicativo Passiva - 3ª Pessoa Plural,foram ditos,"eles(as) foram dito, foram falado, foram contado",passiva_a_confirmar,revisar,"'V-AIP-3P' é passiva, mas a tradução não explicita claramente a passiva: 'foram ditos'.","Confirmar se a glossa pretende particípio, adjetivo verbal ou construção passiva completa."
εὐαγγελισθέντες,2097,V-APP-NMP,Verbo - Aoristo Particípio Passiva - Nominativo Masculino Plural,tendo sido proclamados boas novas,"tendo sido proclamados boas novas, tendo sido evangelizados, tendo sido pregados o evangelho",passiva_a_confirmar,revisar,"'V-APP-NMP' é passiva, mas a tradução não explicita claramente a passiva: 'tendo sido proclamados boas novas'.","Confirmar se a glossa pretende particípio, adjetivo verbal ou construção passiva completa."
εὑρέθημεν,2147,V-AIP-1P,Verbo - Aoristo Indicativo Passiva - 1ª Pessoa Plural,fomos encontrados,"nós fomos encontrado, fomos descoberto, obtivemos",passiva_a_confirmar,revisar,"'V-AIP-1P' é passiva, mas a tradução não explicita claramente a passiva: 'fomos encontrados'.","Confirmar se a glossa pretende particípio, adjetivo verbal ou construção passiva completa."
εὑρεθησόμεθα,2147,V-FIP-1P,Verbo - Futuro Indicativo Passiva - 1ª Pessoa Plural,seremos encontrados,"nós seremos encontrado, seremos descoberto, seremos obtido",passiva_a_confirmar,revisar,"'V-FIP-1P' é passiva, mas a tradução não explicita claramente a passiva: 'seremos encontrados'.","Confirmar se a glossa pretende particípio, adjetivo verbal ou construção passiva completa."
εὑρεθῆτε,2147,V-ASP-2P,Verbo - Aoristo Subjuntivo Passiva - 2ª Pessoa Plural,sejais encontrados,"vós sejais encontrado, sejais descoberto, sejais obtido",passiva_a_confirmar,revisar,"'V-ASP-2P' é passiva, mas a tradução não explicita claramente a passiva: 'sejais encontrados'.","Confirmar se a glossa pretende particípio, adjetivo verbal ou construção passiva completa."
εὑρεθῶσιν,2147,V-ASP-3P,Verbo - Aoristo Subjuntivo Passiva - 3ª Pessoa Plural,sejam encontrados,"eles(as) sejam encontrado, sejam descoberto, sejam obtido",passiva_a_confirmar,revisar,"'V-ASP-3P' é passiva, mas a tradução não explicita claramente a passiva: 'sejam encontrados'.","Confirmar se a glossa pretende particípio, adjetivo verbal ou construção passiva completa."
εὐφράνθητι,2165,V-AMP-2S,Verbo - Aoristo Imperativo Passiva - 2ª Pessoa Singular,alegra-te,alegra-te,passiva_a_confirmar,revisar,"'V-AMP-2S' é passiva, mas a tradução não explicita claramente a passiva: 'alegra-te'.","Confirmar se a glossa pretende particípio, adjetivo verbal ou construção passiva completa."
εὐφρανθῶμεν,2165,V-ASP-1P,Verbo - Aoristo Subjuntivo Passiva - 1ª Pessoa Plural,sejamos alegrados,nós sejamos alegrado,passiva_a_confirmar,revisar,"'V-ASP-1P' é passiva, mas a tradução não explicita claramente a passiva: 'sejamos alegrados'.","Confirmar se a glossa pretende particípio, adjetivo verbal ou construção passiva completa."
ἐθαμβήθησαν,2284,V-AIP-3P,Verbo - Aoristo Indicativo Passiva - 3ª Pessoa Plural,foram surpreendidos,eles(as) foram surpreendido,passiva_a_confirmar,revisar,"'V-AIP-3P' é passiva, mas a tradução não explicita claramente a passiva: 'foram surpreendidos'.","Confirmar se a glossa pretende particípio, adjetivo verbal ou construção passiva completa."
θαυμασθήσονται,2296,V-FIP-3P,Verbo - Futuro Indicativo Passiva - 3ª Pessoa Plural,serão surpreendidos,"eles(as) serão maravilhados, serão surpreendidos",passiva_a_confirmar,revisar,"'V-FIP-3P' é passiva, mas a tradução não explicita claramente a passiva: 'serão surpreendidos'.","Confirmar se a glossa pretende particípio, adjetivo verbal ou construção passiva completa."
θαυμασθῆναι,2296,V-ANP,Verbo - Aoristo Infinitivo Passiva,maravilhar-se,"maravilhar, surpreender",passiva_a_confirmar,revisar,"'V-ANP' é passiva, mas a tradução não explicita claramente a passiva: 'maravilhar-se'.","Confirmar se a glossa pretende particípio, adjetivo verbal ou construção passiva completa."
ἐθεραπεύθησαν,2323,V-AIP-3P,Verbo - Aoristo Indicativo Passiva - 3ª Pessoa Plural,foram curados,"eles(as) foram curado, foram restaurado a saúde",passiva_a_confirmar,revisar,"'V-AIP-3P' é passiva, mas a tradução não explicita claramente a passiva: 'foram curados'.","Confirmar se a glossa pretende particípio, adjetivo verbal ou construção passiva completa."
ἐθυμώθη,2373,V-AIP-3S,Verbo - Aoristo Indicativo Passiva - 3ª Pessoa Singular,irritou-se,"ele(a) foi provocado, foi irritado, foi enfurecido.",passiva_a_confirmar,revisar,"'V-AIP-3S' é passiva, mas a tradução não explicita claramente a passiva: 'irritou-se'.","Confirmar se a glossa pretende particípio, adjetivo verbal ou construção passiva completa."
ἰαθήτω,2390,V-AMP-3S,Verbo - Aoristo Imperativo Passiva - 3ª Pessoa Singular,está curado,"ele(a) está curado, restaurado",passiva_a_confirmar,revisar,"'V-AMP-3S' é passiva, mas a tradução não explicita claramente a passiva: 'está curado'.","Confirmar se a glossa pretende particípio, adjetivo verbal ou construção passiva completa."
σταθήσεσθε,2476,V-FIP-2P,Verbo - Futuro Indicativo Passiva - 2ª Pessoa Plural,sereis colocados,"vós sereis colocado, sereis posicionado, sereis sido colocado, sereis permanecido, sereis ficado de pé, sereis parado",passiva_a_confirmar,revisar,"'V-FIP-2P' é passiva, mas a tradução não explicita claramente a passiva: 'sereis colocados'.","Confirmar se a glossa pretende particípio, adjetivo verbal ou construção passiva completa."
σταθῆτε,2476,V-ASP-2P,Verbo - Aoristo Subjuntivo Passiva - 2ª Pessoa Plural,sejais colocados,"vós sejais colocados, sejais posicionados, sejais colocados, permaneçais, estejais de pé, pareis",passiva_a_confirmar,revisar,"'V-ASP-2P' é passiva, mas a tradução não explicita claramente a passiva: 'sejais colocados'.","Confirmar se a glossa pretende particípio, adjetivo verbal ou construção passiva completa."
ἐστάθησαν,2476,V-AIP-3P,Verbo - Aoristo Indicativo Passiva - 3ª Pessoa Plural,foram colocados,"eles(as) foram colocados, foram posicionados, foram colocados, permaneceram, ficaram/estavam de pé, pararam",passiva_a_confirmar,revisar,"'V-AIP-3P' é passiva, mas a tradução não explicita claramente a passiva: 'foram colocados'.","Confirmar se a glossa pretende particípio, adjetivo verbal ou construção passiva completa."
κατασταθήσονται,2525,V-FIP-3P,Verbo - Futuro Indicativo Passiva - 3ª Pessoa Plural,serão nomeados,"eles(as) serão nomeados, serão fixados, serão estabelecidos, serão constituídos",passiva_a_confirmar,revisar,"'V-FIP-3P' é passiva, mas a tradução não explicita claramente a passiva: 'serão nomeados'.","Confirmar se a glossa pretende particípio, adjetivo verbal ou construção passiva completa."
κατεστάθησαν,2525,V-AIP-3P,Verbo - Aoristo Indicativo Passiva - 3ª Pessoa Plural,foram nomeados,"eles(as) foram nomeado, foram fixado, foram estabelecido, foram constituído",passiva_a_confirmar,revisar,"'V-AIP-3P' é passiva, mas a tradução não explicita claramente a passiva: 'foram nomeados'.","Confirmar se a glossa pretende particípio, adjetivo verbal ou construção passiva completa."
κληθῶμεν,2564,V-ASP-1P,Verbo - Aoristo Subjuntivo Passiva - 1ª Pessoa Plural,sejamos chamados,"nós sejamos chamado, sejamos nomeado, sejamos convidado",passiva_a_confirmar,revisar,"'V-ASP-1P' é passiva, mas a tradução não explicita claramente a passiva: 'sejamos chamados'.","Confirmar se a glossa pretende particípio, adjetivo verbal ou construção passiva completa."
κατεαγῶσιν,2608,V-ASP-3P,Verbo - Aoristo Subjuntivo Passiva - 3ª Pessoa Plural,sejam quebrados,eles(as) sejam quebrado,passiva_a_confirmar,revisar,"'V-ASP-3P' é passiva, mas a tradução não explicita claramente a passiva: 'sejam quebrados'.","Confirmar se a glossa pretende particípio, adjetivo verbal ou construção passiva completa."
καταχθέντες,2609,V-APP-NMP,Verbo - Aoristo Particípio Passiva - Nominativo Masculino Plural,tendo sido derrubados,"tendo sido derrubados, tendo sido levados para baixo, tendo sido abaixados",passiva_a_confirmar,revisar,"'V-APP-NMP' é passiva, mas a tradução não explicita claramente a passiva: 'tendo sido derrubados'.","Confirmar se a glossa pretende particípio, adjetivo verbal ou construção passiva completa."
καταδικασθῆτε,2613,V-ASP-2P,Verbo - Aoristo Subjuntivo Passiva - 2ª Pessoa Plural,sejais condenados,"vós sejais condenado, sejais julgado",passiva_a_confirmar,revisar,"'V-ASP-2P' é passiva, mas a tradução não explicita claramente a passiva: 'sejais condenados'.","Confirmar se a glossa pretende particípio, adjetivo verbal ou construção passiva completa."
καταισχυνθῶμεν,2617,V-ASP-1P,Verbo - Aoristo Subjuntivo Passiva - 1ª Pessoa Plural,sejamos envergonhados,"nós sejamos envergonhado, sejamos desonrado, sejamos confundido",passiva_a_confirmar,revisar,"'V-ASP-1P' é passiva, mas a tradução não explicita claramente a passiva: 'sejamos envergonhados'.","Confirmar se a glossa pretende particípio, adjetivo verbal ou construção passiva completa."
καταισχυνθῶσιν,2617,V-ASP-3P,Verbo - Aoristo Subjuntivo Passiva - 3ª Pessoa Plural,sejam envergonhados,"eles(as) sejam envergonhado, sejam desonrado, sejam confundido",passiva_a_confirmar,revisar,"'V-ASP-3P' é passiva, mas a tradução não explicita claramente a passiva: 'sejam envergonhados'.","Confirmar se a glossa pretende particípio, adjetivo verbal ou construção passiva completa."
κατακλιθῆναι,2625,V-ANP,Verbo - Aoristo Infinitivo Passiva,reclinar-se,"se reclinar, deitar",passiva_a_confirmar,revisar,"'V-ANP' é passiva, mas a tradução não explicita claramente a passiva: 'reclinar-se'.","Confirmar se a glossa pretende particípio, adjetivo verbal ou construção passiva completa."
κατακλιθῇς,2625,V-ASP-2S,Verbo - Aoristo Subjuntivo Passiva - 2ª Pessoa Singular,te reclines,"tu te reclines, te deites",passiva_a_confirmar,revisar,"'V-ASP-2S' é passiva, mas a tradução não explicita claramente a passiva: 'te reclines'.","Confirmar se a glossa pretende particípio, adjetivo verbal ou construção passiva completa."
κατεκλίθη,2625,V-AIP-3S,Verbo - Aoristo Indicativo Passiva - 3ª Pessoa Singular,reclinou-se,"ele(a) se reclinou, deitou",passiva_a_confirmar,revisar,"'V-AIP-3S' é passiva, mas a tradução não explicita claramente a passiva: 'reclinou-se'.","Confirmar se a glossa pretende particípio, adjetivo verbal ou construção passiva completa."
κατακριθῶμεν,2632,V-ASP-1P,Verbo - Aoristo Subjuntivo Passiva - 1ª Pessoa Plural,sejamos condenados,"nós sejamos condenado, sejamos julgado contra, sejamos sentenciado.",passiva_a_confirmar,revisar,"'V-ASP-1P' é passiva, mas a tradução não explicita claramente a passiva: 'sejamos condenados'.","Confirmar se a glossa pretende particípio, adjetivo verbal ou construção passiva completa."
καταλλάγητε,2644,V-AMP-2P,Verbo - Aoristo Imperativo Passiva - 2ª Pessoa Plural,sois reconciliados,"vós sois reconciliado, sois restaurado a favor",passiva_a_confirmar,revisar,"'V-AMP-2P' é passiva, mas a tradução não explicita claramente a passiva: 'sois reconciliados'.","Confirmar se a glossa pretende particípio, adjetivo verbal ou construção passiva completa."
καταλλαγέντες,2644,V-APP-NMP,Verbo - Aoristo Particípio Passiva - Nominativo Masculino Plural,tendo sido reconciliados,"tendo sido reconciliados, tendo sido restaurados a favor",passiva_a_confirmar,revisar,"'V-APP-NMP' é passiva, mas a tradução não explicita claramente a passiva: 'tendo sido reconciliados'.","Confirmar se a glossa pretende particípio, adjetivo verbal ou construção passiva completa."
κατηλλάγημεν,2644,V-AIP-1P,Verbo - Aoristo Indicativo Passiva - 1ª Pessoa Plural,fomos reconciliados,"nós fomos reconciliado, fomos restaurado a favor",passiva_a_confirmar,revisar,"'V-AIP-1P' é passiva, mas a tradução não explicita claramente a passiva: 'fomos reconciliados'.","Confirmar se a glossa pretende particípio, adjetivo verbal ou construção passiva completa."
κατενύγησαν,2660,V-AIP-3P,Verbo - Aoristo Indicativo Passiva - 3ª Pessoa Plural,foram perfurados completamente,"eles(as) foram perfurado completamente, foram sido picado, foram sido profundamente comovido ou afetado.",passiva_a_confirmar,revisar,"'V-AIP-3P' é passiva, mas a tradução não explicita claramente a passiva: 'foram perfurados completamente'.","Confirmar se a glossa pretende particípio, adjetivo verbal ou construção passiva completa."
καταξιωθέντες,2661,V-APP-NMP,Verbo - Aoristo Particípio Passiva - Nominativo Masculino Plural,tendo sido considerados dignos,tendo sido considerados dignos,passiva_a_confirmar,revisar,"'V-APP-NMP' é passiva, mas a tradução não explicita claramente a passiva: 'tendo sido considerados dignos'.","Confirmar se a glossa pretende particípio, adjetivo verbal ou construção passiva completa."
κατηξιώθησαν,2661,V-AIP-3P,Verbo - Aoristo Indicativo Passiva - 3ª Pessoa Plural,foram considerados dignos,eles(as) foram considerado dignos,passiva_a_confirmar,revisar,"'V-AIP-3P' é passiva, mas a tradução não explicita claramente a passiva: 'foram considerados dignos'.","Confirmar se a glossa pretende particípio, adjetivo verbal ou construção passiva completa."
κατεπόθησαν,2666,V-AIP-3P,Verbo - Aoristo Indicativo Passiva - 3ª Pessoa Plural,foram engolidos,"eles(as) foram engolido, foram devorado, foram consumido",passiva_a_confirmar,revisar,"'V-AIP-3P' é passiva, mas a tradução não explicita claramente a passiva: 'foram engolidos'.","Confirmar se a glossa pretende particípio, adjetivo verbal ou construção passiva completa."
καταργηθήσονται,2673,V-FIP-3P,Verbo - Futuro Indicativo Passiva - 3ª Pessoa Plural,serão abolidos,"eles(as) serão abolidos, serão anulados, serão tornado ineficazes",passiva_a_confirmar,revisar,"'V-FIP-3P' é passiva, mas a tradução não explicita claramente a passiva: 'serão abolidos'.","Confirmar se a glossa pretende particípio, adjetivo verbal ou construção passiva completa."
κατηργήθητε,2673,V-AIP-2P,Verbo - Aoristo Indicativo Passiva - 2ª Pessoa Plural,fostes liberados,"vós fostes abolidos, fostes anulados, fostes tornados ineficazes, fostes postos fim",passiva_a_confirmar,revisar,"'V-AIP-2P' é passiva, mas a tradução não explicita claramente a passiva: 'fostes liberados'.","Confirmar se a glossa pretende particípio, adjetivo verbal ou construção passiva completa."
κατεστρώθησαν,2693,V-AIP-3P,Verbo - Aoristo Indicativo Passiva - 3ª Pessoa Plural,foram espalhados,"eles(as) foram espalhado, foram deitado",passiva_a_confirmar,revisar,"'V-AIP-3P' é passiva, mas a tradução não explicita claramente a passiva: 'foram espalhados'.","Confirmar se a glossa pretende particípio, adjetivo verbal ou construção passiva completa."
κατηχήθης,2727,V-AIP-2S,Verbo - Aoristo Indicativo Passiva - 2ª Pessoa Singular,foste instruído,"tu foste instruído, foste ensinado, foste informado",passiva_a_confirmar,revisar,"'V-AIP-2S' é passiva, mas a tradução não explicita claramente a passiva: 'foste instruído'.","Confirmar se a glossa pretende particípio, adjetivo verbal ou construção passiva completa."
κατηχήθησαν,2727,V-AIP-3P,Verbo - Aoristo Indicativo Passiva - 3ª Pessoa Plural,foram instruído,"eles(as) foram instruído, foram ensinado, foram informado",passiva_a_confirmar,revisar,"'V-AIP-3P' é passiva, mas a tradução não explicita claramente a passiva: 'foram instruído'.","Confirmar se a glossa pretende particípio, adjetivo verbal ou construção passiva completa."
ἐκαυματίσθησαν,2739,V-AIP-3P,Verbo - Aoristo Indicativo Passiva - 3ª Pessoa Plural,foram queimados,"eles(as) foram queimado, foram sido queimado com calor",passiva_a_confirmar,revisar,"'V-AIP-3P' é passiva, mas a tradução não explicita claramente a passiva: 'foram queimados'.","Confirmar se a glossa pretende particípio, adjetivo verbal ou construção passiva completa."
ἐκινήθησαν,2795,V-AIP-3P,Verbo - Aoristo Indicativo Passiva - 3ª Pessoa Plural,foram movidos,"eles(as) foram movido, foram agitado, foram colocado em movimento",passiva_a_confirmar,revisar,"'V-AIP-3P' é passiva, mas a tradução não explicita claramente a passiva: 'foram movidos'.","Confirmar se a glossa pretende particípio, adjetivo verbal ou construção passiva completa."
κλεισθῶσιν,2808,V-ASP-3P,Verbo - Aoristo Subjuntivo Passiva - 3ª Pessoa Plural,sejam fechados,"eles(as) sejam fechado, sejam trancado",passiva_a_confirmar,revisar,"'V-ASP-3P' é passiva, mas a tradução não explicita claramente a passiva: 'sejam fechados'.","Confirmar se a glossa pretende particípio, adjetivo verbal ou construção passiva completa."
ἐκλείσθησαν,2808,V-AIP-3P,Verbo - Aoristo Indicativo Passiva - 3ª Pessoa Plural,foram fechados,"eles(as) foram fechado, foram trancado",passiva_a_confirmar,revisar,"'V-AIP-3P' é passiva, mas a tradução não explicita claramente a passiva: 'foram fechados'.","Confirmar se a glossa pretende particípio, adjetivo verbal ou construção passiva completa."
ἐκληρώθημεν,2820,V-AIP-1P,Verbo - Aoristo Indicativo Passiva - 1ª Pessoa Plural,fomos atribuído por sorteio,"nós fomos atribuído por sorteio, fomos distribuídos, fomos nomeados, obtivemos uma herança",passiva_a_confirmar,revisar,"'V-AIP-1P' é passiva, mas a tradução não explicita claramente a passiva: 'fomos atribuído por sorteio'.","Confirmar se a glossa pretende particípio, adjetivo verbal ou construção passiva completa."
κολλήθητι,2853,V-AMP-2S,Verbo - Aoristo Imperativo Passiva - 2ª Pessoa Singular,estás unido,"tu estás unido, estás aderido",passiva_a_confirmar,revisar,"'V-AMP-2S' é passiva, mas a tradução não explicita claramente a passiva: 'estás unido'.","Confirmar se a glossa pretende particípio, adjetivo verbal ou construção passiva completa."
κολληθέντες,2853,V-APP-NMP,Verbo - Aoristo Particípio Passiva - Nominativo Masculino Plural,tendo sido unidos,"tendo sido unidos, tendo sido aderidos",passiva_a_confirmar,revisar,"'V-APP-NMP' é passiva, mas a tradução não explicita claramente a passiva: 'tendo sido unidos'.","Confirmar se a glossa pretende particípio, adjetivo verbal ou construção passiva completa."
ἐκολλήθησαν,2853,V-AIP-3P,Verbo - Aoristo Indicativo Passiva - 3ª Pessoa Plural,foram unidos,"eles(as) foram unido, foram aderido",passiva_a_confirmar,revisar,"'V-AIP-3P' é passiva, mas a tradução não explicita claramente a passiva: 'foram unidos'.","Confirmar se a glossa pretende particípio, adjetivo verbal ou construção passiva completa."
κολοβωθήσονται,2856,V-FIP-3P,Verbo - Futuro Indicativo Passiva - 3ª Pessoa Plural,serão encurtados,eles(as) serão encurtados,passiva_a_confirmar,revisar,"'V-FIP-3P' é passiva, mas a tradução não explicita claramente a passiva: 'serão encurtados'.","Confirmar se a glossa pretende particípio, adjetivo verbal ou construção passiva completa."
ἐκολοβώθησαν,2856,V-AIP-3P,Verbo - Aoristo Indicativo Passiva - 3ª Pessoa Plural,foram encurtados,eles(as) foram encurtado,passiva_a_confirmar,revisar,"'V-AIP-3P' é passiva, mas a tradução não explicita claramente a passiva: 'foram encurtados'.","Confirmar se a glossa pretende particípio, adjetivo verbal ou construção passiva completa."
κορεσθέντες,2880,V-APP-NMP,Verbo - Aoristo Particípio Passiva - Nominativo Masculino Plural,tendo sido satisfeitos,"tendo sido satisfeitos, tendo sido preenchidos, tendo sido saciados",passiva_a_confirmar,revisar,"'V-APP-NMP' é passiva, mas a tradução não explicita claramente a passiva: 'tendo sido satisfeitos'.","Confirmar se a glossa pretende particípio, adjetivo verbal ou construção passiva completa."
κρεμασθέντων,2910,V-APP-GMP,Verbo - Aoristo Particípio Passiva - Genitivo Masculino Plural,tendo sido pendurados,"tendo sido pendurados, tendo sido suspendidos",passiva_a_confirmar,revisar,"'V-APP-GMP' é passiva, mas a tradução não explicita claramente a passiva: 'tendo sido pendurados'.","Confirmar se a glossa pretende particípio, adjetivo verbal ou construção passiva completa."
κριθήσεσθε,2919,V-FIP-2P,Verbo - Futuro Indicativo Passiva - 2ª Pessoa Plural,sereis julgados,vós sereis julgados,passiva_a_confirmar,revisar,"'V-FIP-2P' é passiva, mas a tradução não explicita claramente a passiva: 'sereis julgados'.","Confirmar se a glossa pretende particípio, adjetivo verbal ou construção passiva completa."
κριθήσονται,2919,V-FIP-3P,Verbo - Futuro Indicativo Passiva - 3ª Pessoa Plural,serão julgados,eles(as) serão julgados,passiva_a_confirmar,revisar,"'V-FIP-3P' é passiva, mas a tradução não explicita claramente a passiva: 'serão julgados'.","Confirmar se a glossa pretende particípio, adjetivo verbal ou construção passiva completa."
κριθῶσι,2919,V-ASP-3P,Verbo - Aoristo Subjuntivo Passiva - 3ª Pessoa Plural,sejam julgados,"eles(as) sejam julgado, sejam decidido, sejam determinado",passiva_a_confirmar,revisar,"'V-ASP-3P' é passiva, mas a tradução não explicita claramente a passiva: 'sejam julgados'.","Confirmar se a glossa pretende particípio, adjetivo verbal ou construção passiva completa."
κριθῶσιν,2919,V-ASP-3P,Verbo - Aoristo Subjuntivo Passiva - 3ª Pessoa Plural,sejam julgados,"eles(as) sejam julgado, sejam decidido, sejam determinado",passiva_a_confirmar,revisar,"'V-ASP-3P' é passiva, mas a tradução não explicita claramente a passiva: 'sejam julgados'.","Confirmar se a glossa pretende particípio, adjetivo verbal ou construção passiva completa."
κτισθέντες,2936,V-APP-NMP,Verbo - Aoristo Particípio Passiva - Nominativo Masculino Plural,tendo sido criados,"tendo sido criados, tendo sido formados, tendo sido feitos",passiva_a_confirmar,revisar,"'V-APP-NMP' é passiva, mas a tradução não explicita claramente a passiva: 'tendo sido criados'.","Confirmar se a glossa pretende particípio, adjetivo verbal ou construção passiva completa."
ἐκτίσθησαν,2936,V-AIP-3P,Verbo - Aoristo Indicativo Passiva - 3ª Pessoa Plural,foram criados,"eles(as) foram criado, foram formado, foram feito",passiva_a_confirmar,revisar,"'V-AIP-3P' é passiva, mas a tradução não explicita claramente a passiva: 'foram criados'.","Confirmar se a glossa pretende particípio, adjetivo verbal ou construção passiva completa."
κυκλωθέντα,2944,V-APP-NNP,Verbo - Aoristo Particípio Passiva - Nominativo Neutro Plural,tendo sido cercados,"tendo sido cercados, tendo sido abrangidos",passiva_a_confirmar,revisar,"'V-APP-NNP' é passiva, mas a tradução não explicita claramente a passiva: 'tendo sido cercados'.","Confirmar se a glossa pretende particípio, adjetivo verbal ou construção passiva completa."
κωλυθέντες,2967,V-APP-NMP,Verbo - Aoristo Particípio Passiva - Nominativo Masculino Plural,tendo sido impedidos,"tendo sido impedidos, tendo sido proibidos, tendo sido restringidos",passiva_a_confirmar,revisar,"'V-APP-NMP' é passiva, mas a tradução não explicita claramente a passiva: 'tendo sido impedidos'.","Confirmar se a glossa pretende particípio, adjetivo verbal ou construção passiva completa."
λαληθέντων,2980,V-APP-GNP,Verbo - Aoristo Particípio Passiva - Genitivo Neutro Plural,tendo sido falados,"tendo sido falados, tendo sido proferidos",passiva_a_confirmar,revisar,"'V-APP-GNP' é passiva, mas a tradução não explicita claramente a passiva: 'tendo sido falados'.","Confirmar se a glossa pretende particípio, adjetivo verbal ou construção passiva completa."
λιθασθῶσιν,3034,V-ASP-3P,Verbo - Aoristo Subjuntivo Passiva - 3ª Pessoa Plural,sejam apedrejados,"eles(as) sejam apedrejado, sejam atirado pedras",passiva_a_confirmar,revisar,"'V-ASP-3P' é passiva, mas a tradução não explicita claramente a passiva: 'sejam apedrejados'.","Confirmar se a glossa pretende particípio, adjetivo verbal ou construção passiva completa."
ἐλιθοβόλησαν,3036,V-AIP-3P,Verbo - Aoristo Indicativo Passiva - 3ª Pessoa Plural,foram apedrejados,"eles(as) foram apedrejado, foram atirado pedras",passiva_a_confirmar,revisar,"'V-AIP-3P' é passiva, mas a tradução não explicita claramente a passiva: 'foram apedrejados'.","Confirmar se a glossa pretende particípio, adjetivo verbal ou construção passiva completa."
λυπηθέντες,3076,V-APP-NMP,Verbo - Aoristo Particípio Passiva - Nominativo Masculino Plural,tendo sido entristecidos,"tendo lamentado, sido entristecidos, tendo sido angustiados",passiva_a_confirmar,revisar,"'V-APP-NMP' é passiva, mas a tradução não explicita claramente a passiva: 'tendo sido entristecidos'.","Confirmar se a glossa pretende particípio, adjetivo verbal ou construção passiva completa."
λυπηθήσεσθε,3076,V-FIP-2P,Verbo - Futuro Indicativo Passiva - 2ª Pessoa Plural,sereis entristecidos,"vós sereis entristecidos, angustiados",passiva_a_confirmar,revisar,"'V-FIP-2P' é passiva, mas a tradução não explicita claramente a passiva: 'sereis entristecidos'.","Confirmar se a glossa pretende particípio, adjetivo verbal ou construção passiva completa."
λυπηθῆτε,3076,V-ASP-2P,Verbo - Aoristo Subjuntivo Passiva - 2ª Pessoa Plural,sejais entristecidos,"vós sejais entristecidos, sejais angustiados",passiva_a_confirmar,revisar,"'V-ASP-2P' é passiva, mas a tradução não explicita claramente a passiva: 'sejais entristecidos'.","Confirmar se a glossa pretende particípio, adjetivo verbal ou construção passiva completa."
ἐλυτρώθητε,3084,V-AIP-2P,Verbo - Aoristo Indicativo Passiva - 2ª Pessoa Plural,fostes redimidos,"vós fostes redimido, fostes resgatado, fostes libertado",passiva_a_confirmar,revisar,"'V-AIP-2P' é passiva, mas a tradução não explicita claramente a passiva: 'fostes redimidos'.","Confirmar se a glossa pretende particípio, adjetivo verbal ou construção passiva completa."
λυθήσονται,3089,V-FIP-3P,Verbo - Futuro Indicativo Passiva - 3ª Pessoa Plural,serão soltos,"eles(as) serão soltos, serão liberados, serão dissolvidos, serão quebrados, serão destruídos",passiva_a_confirmar,revisar,"'V-FIP-3P' é passiva, mas a tradução não explicita claramente a passiva: 'serão soltos'.","Confirmar se a glossa pretende particípio, adjetivo verbal ou construção passiva completa."
λυθείσης,3089,V-APP-GFS,Verbo - Aoristo Particípio Passiva - Genitivo Feminino Singular,tendo sido solta,"tendo sido solta, tendo sido liberado, tendo sido dissolvido, tendo sido quebrado, tendo sido destruído",passiva_a_confirmar,revisar,"'V-APP-GFS' é passiva, mas a tradução não explicita claramente a passiva: 'tendo sido solta'.","Confirmar se a glossa pretende particípio, adjetivo verbal ou construção passiva completa."
ἐλύθησαν,3089,V-AIP-3P,Verbo - Aoristo Indicativo Passiva - 3ª Pessoa Plural,foram soltos,"eles(as) foram soltos, foram liberados, foram dissolvidos, foram quebrados, foram destruídos",passiva_a_confirmar,revisar,"'V-AIP-3P' é passiva, mas a tradução não explicita claramente a passiva: 'foram soltos'.","Confirmar se a glossa pretende particípio, adjetivo verbal ou construção passiva completa."
μαρτυρηθέντες,3140,V-APP-NMP,Verbo - Aoristo Particípio Passiva - Nominativo Masculino Plural,tendo sido testemunhados,"tendo sido testemunhados, tendo sido prestados depoimento, tendo sido afirmados que viu, ouviu ou vivenciou algo.",passiva_a_confirmar,revisar,"'V-APP-NMP' é passiva, mas a tradução não explicita claramente a passiva: 'tendo sido testemunhados'.","Confirmar se a glossa pretende particípio, adjetivo verbal ou construção passiva completa."
ἐμαρτυρήθησαν,3140,V-AIP-3P,Verbo - Aoristo Indicativo Passiva - 3ª Pessoa Plural,foram testemunhados,"eles(as) foram testemunhado, foram prestado depoimento, foram afirmado que viu, ouviu ou vivenciou algo.",passiva_a_confirmar,revisar,"'V-AIP-3P' é passiva, mas a tradução não explicita claramente a passiva: 'foram testemunhados'.","Confirmar se a glossa pretende particípio, adjetivo verbal ou construção passiva completa."
ἐματαιώθησαν,3154,V-AIP-3P,Verbo - Aoristo Indicativo Passiva - 3ª Pessoa Plural,foram tornados fúteis,"eles(as) foram tornados fúteis, foram tornados vãos, foram levados ao vazio",passiva_a_confirmar,revisar,"'V-AIP-3P' é passiva, mas a tradução não explicita claramente a passiva: 'foram tornados fúteis'.","Confirmar se a glossa pretende particípio, adjetivo verbal ou construção passiva completa."
ἐμεθύσθησαν,3182,V-AIP-3P,Verbo - Aoristo Indicativo Passiva - 3ª Pessoa Plural,foram embebedados,"eles(as) foram embebedados, foram intoxicados",passiva_a_confirmar,revisar,"'V-AIP-3P' é passiva, mas a tradução não explicita claramente a passiva: 'foram embebedados'.","Confirmar se a glossa pretende particípio, adjetivo verbal ou construção passiva completa."
μεταμεληθήσεται,3338,V-FIP-3S,Verbo - Futuro Indicativo Passiva - 3ª Pessoa Singular,se arrependerá,"ele(a) se arrependerá, mudará de ideia",passiva_a_confirmar,revisar,"'V-FIP-3S' é passiva, mas a tradução não explicita claramente a passiva: 'se arrependerá'.","Confirmar se a glossa pretende particípio, adjetivo verbal ou construção passiva completa."
μετεμελήθητε,3338,V-AIP-2P,Verbo - Aoristo Indicativo Passiva - 2ª Pessoa Plural,vos arrependestes,"vós vos arrependestes, mudastes de ideia",passiva_a_confirmar,revisar,"'V-AIP-2P' é passiva, mas a tradução não explicita claramente a passiva: 'vos arrependestes'.","Confirmar se a glossa pretende particípio, adjetivo verbal ou construção passiva completa."
μετετέθησαν,3346,V-AIP-3P,Verbo - Aoristo Indicativo Passiva - 3ª Pessoa Plural,foram transferidos,"eles(as) foram transferidos, foram alterados, foram removidos ou traduzir.",passiva_a_confirmar,revisar,"'V-AIP-3P' é passiva, mas a tradução não explicita claramente a passiva: 'foram transferidos'.","Confirmar se a glossa pretende particípio, adjetivo verbal ou construção passiva completa."
ἐμνήσθημεν,3403,V-AIP-1P,Verbo - Aoristo Indicativo Passiva - 1ª Pessoa Plural,fomos lembrados,"nós fomos lembrado, fomos estado atento",passiva_a_confirmar,revisar,"'V-AIP-1P' é passiva, mas a tradução não explicita claramente a passiva: 'fomos lembrados'.","Confirmar se a glossa pretende particípio, adjetivo verbal ou construção passiva completa."
ἐμολύνθησαν,3435,V-AIP-3P,Verbo - Aoristo Indicativo Passiva - 3ª Pessoa Plural,foram contaminados,"eles(as) foram contaminado, foram manchado, foram poluído",passiva_a_confirmar,revisar,"'V-AIP-3P' é passiva, mas a tradução não explicita claramente a passiva: 'foram contaminados'.","Confirmar se a glossa pretende particípio, adjetivo verbal ou construção passiva completa."
ἐμωράνθησαν,3471,V-AIP-3P,Verbo - Aoristo Indicativo Passiva - 3ª Pessoa Plural,tornaram-se tolos,"eles(as) tornaram-se tolos, insensatos, insípidos",passiva_a_confirmar,revisar,"'V-AIP-3P' é passiva, mas a tradução não explicita claramente a passiva: 'tornaram-se tolos'.","Confirmar se a glossa pretende particípio, adjetivo verbal ou construção passiva completa."
ξενισθῶμεν,3579,V-ASP-1P,Verbo - Aoristo Subjuntivo Passiva - 1ª Pessoa Plural,sejamos entretidos,"nós sejamos entretido, sejamos hospedado, sejamos surpreendido",passiva_a_confirmar,revisar,"'V-ASP-1P' é passiva, mas a tradução não explicita claramente a passiva: 'sejamos entretidos'.","Confirmar se a glossa pretende particípio, adjetivo verbal ou construção passiva completa."
οἰκοδομήθη,3618,V-AIP-3S,Verbo - Aoristo Indicativo Passiva - 3ª Pessoa Singular,foi construído,"ele(a) foi construído, foi edificado",passiva_a_confirmar,revisar,"'V-AIP-3S' é passiva, mas a tradução não explicita claramente a passiva: 'foi construído'.","Confirmar se a glossa pretende particípio, adjetivo verbal ou construção passiva completa."
οἰκοδομηθήσεται,3618,V-FIP-3S,Verbo - Futuro Indicativo Passiva - 3ª Pessoa Singular,será construído,"ele(a) será construído, será edificado",passiva_a_confirmar,revisar,"'V-FIP-3S' é passiva, mas a tradução não explicita claramente a passiva: 'será construído'.","Confirmar se a glossa pretende particípio, adjetivo verbal ou construção passiva completa."
ὁμοιωθέντες,3666,V-APP-NMP,Verbo - Aoristo Particípio Passiva - Nominativo Masculino Plural,tendo sido comparados,"se assemelhando, tendo sido comparados",passiva_a_confirmar,revisar,"'V-APP-NMP' é passiva, mas a tradução não explicita claramente a passiva: 'tendo sido comparados'.","Confirmar se a glossa pretende particípio, adjetivo verbal ou construção passiva completa."
ὁμοιωθῆναι,3666,V-ANP,Verbo - Aoristo Infinitivo Passiva,ser semelhante,"ser semelhante, comparar",passiva_a_confirmar,revisar,"'V-ANP' é passiva, mas a tradução não explicita claramente a passiva: 'ser semelhante'.","Confirmar se a glossa pretende particípio, adjetivo verbal ou construção passiva completa."
ὁμοιωθῆτε,3666,V-ASP-2P,Verbo - Aoristo Subjuntivo Passiva - 2ª Pessoa Plural,sejais semelhantes,"vós sejais semelhantes, sejais comparados",passiva_a_confirmar,revisar,"'V-ASP-2P' é passiva, mas a tradução não explicita claramente a passiva: 'sejais semelhantes'.","Confirmar se a glossa pretende particípio, adjetivo verbal ou construção passiva completa."
ὀφθέντες,3708,V-APP-NMP,Verbo - Aoristo Particípio Passiva - Nominativo Masculino Plural,tendo sido vistos,"tendo sido vistos, tendo sido percebidos, tendo sido atentados",passiva_a_confirmar,revisar,"'V-APP-NMP' é passiva, mas a tradução não explicita claramente a passiva: 'tendo sido vistos'.","Confirmar se a glossa pretende particípio, adjetivo verbal ou construção passiva completa."
ὤφθησαν,3708,V-AIP-3P,Verbo - Aoristo Indicativo Passiva - 3ª Pessoa Plural,foram vistos,"eles(as) foram visto, foram percebido, foram atentado",passiva_a_confirmar,revisar,"'V-AIP-3P' é passiva, mas a tradução não explicita claramente a passiva: 'foram vistos'.","Confirmar se a glossa pretende particípio, adjetivo verbal ou construção passiva completa."
ὠργίσθησαν,3710,V-AIP-3P,Verbo - Aoristo Indicativo Passiva - 3ª Pessoa Plural,estavam com raiva,eles(as) estavam com raiva,passiva_a_confirmar,revisar,"'V-AIP-3P' é passiva, mas a tradução não explicita claramente a passiva: 'estavam com raiva'.","Confirmar se a glossa pretende particípio, adjetivo verbal ou construção passiva completa."
παιδευθῶσιν,3811,V-ASP-3P,Verbo - Aoristo Subjuntivo Passiva - 3ª Pessoa Plural,sejam treinados,"eles(as) sejam treinado, sejam educado, sejam disciplinado, sejam instruído, sejam corrigido.",passiva_a_confirmar,revisar,"'V-ASP-3P' é passiva, mas a tradução não explicita claramente a passiva: 'sejam treinados'.","Confirmar se a glossa pretende particípio, adjetivo verbal ou construção passiva completa."
παλαιωθήσονται,3822,V-FIP-3P,Verbo - Futuro Indicativo Passiva - 3ª Pessoa Plural,serão envelhecidos,"eles(as) serão envelhecidos, serão tornados obsoletos",passiva_a_confirmar,revisar,"'V-FIP-3P' é passiva, mas a tradução não explicita claramente a passiva: 'serão envelhecidos'.","Confirmar se a glossa pretende particípio, adjetivo verbal ou construção passiva completa."
παραδέξονταί,3858,V-FIP-3P,Verbo - Futuro Indicativo Passiva - 3ª Pessoa Plural,serão recebidos,"eles(as) serão recebidos, serão aceitos, serão reconhecidos",passiva_a_confirmar,revisar,"'V-FIP-3P' é passiva, mas a tradução não explicita claramente a passiva: 'serão recebidos'.","Confirmar se a glossa pretende particípio, adjetivo verbal ou construção passiva completa."
παρεδέχθησαν,3858,V-AIP-3P,Verbo - Aoristo Indicativo Passiva - 3ª Pessoa Plural,foram recebidos,"eles(as) foram recebido, foram aceitado, foram reconhecido",passiva_a_confirmar,revisar,"'V-AIP-3P' é passiva, mas a tradução não explicita claramente a passiva: 'foram recebidos'.","Confirmar se a glossa pretende particípio, adjetivo verbal ou construção passiva completa."
παραδοθήσεσθε,3860,V-FIP-2P,Verbo - Futuro Indicativo Passiva - 2ª Pessoa Plural,sereis entregados,"vós sereis entregado, sereis traído, sereis confiado",passiva_a_confirmar,revisar,"'V-FIP-2P' é passiva, mas a tradução não explicita claramente a passiva: 'sereis entregados'.","Confirmar se a glossa pretende particípio, adjetivo verbal ou construção passiva completa."
παρεδόθητε,3860,V-AIP-2P,Verbo - Aoristo Indicativo Passiva - 2ª Pessoa Plural,fostes entregados,"vós fostes entregado, fostes traído, fostes confiado",passiva_a_confirmar,revisar,"'V-AIP-2P' é passiva, mas a tradução não explicita claramente a passiva: 'fostes entregados'.","Confirmar se a glossa pretende particípio, adjetivo verbal ou construção passiva completa."
παρακληθήσονται,3870,V-FIP-3P,Verbo - Futuro Indicativo Passiva - 3ª Pessoa Plural,serão encorajados,"eles(as) serão encorajados, serão exortados, serão confortados, lit. serão chamados para o lado",passiva_a_confirmar,revisar,"'V-FIP-3P' é passiva, mas a tradução não explicita claramente a passiva: 'serão encorajados'.","Confirmar se a glossa pretende particípio, adjetivo verbal ou construção passiva completa."
παρακληθῆναι,3870,V-ANP,Verbo - Aoristo Infinitivo Passiva,ser encorajado(a),"ser encorajado(a), exortado(a), confortado(a), lit. chamado(a) para o lado",passiva_a_confirmar,revisar,"'V-ANP' é passiva, mas a tradução não explicita claramente a passiva: 'ser encorajado(a)'.","Confirmar se a glossa pretende particípio, adjetivo verbal ou construção passiva completa."
παρακληθῶσιν,3870,V-ASP-3P,Verbo - Aoristo Subjuntivo Passiva - 3ª Pessoa Plural,sejam encorajados,"eles(as) sejam encorajados, sejam exortados, sejam confortados, lit. sejam chamados para o lado",passiva_a_confirmar,revisar,"'V-ASP-3P' é passiva, mas a tradução não explicita claramente a passiva: 'sejam encorajados'.","Confirmar se a glossa pretende particípio, adjetivo verbal ou construção passiva completa."
παρεκλήθησαν,3870,V-AIP-3P,Verbo - Aoristo Indicativo Passiva - 3ª Pessoa Plural,foram encorajados,"eles(as) foram encorajados, foram exortados, foram confortados, lit. foram chamados para o lado",passiva_a_confirmar,revisar,"'V-AIP-3P' é passiva, mas a tradução não explicita claramente a passiva: 'foram encorajados'.","Confirmar se a glossa pretende particípio, adjetivo verbal ou construção passiva completa."
πεισθήσονται,3982,V-FIP-3P,Verbo - Futuro Indicativo Passiva - 3ª Pessoa Plural,serão persuadidos,"eles(as) serão persuadidos, serão convencidos, serão confiados, terão confiança",passiva_a_confirmar,revisar,"'V-FIP-3P' é passiva, mas a tradução não explicita claramente a passiva: 'serão persuadidos'.","Confirmar se a glossa pretende particípio, adjetivo verbal ou construção passiva completa."
πειρασθῆτε,3985,V-ASP-2P,Verbo - Aoristo Subjuntivo Passiva - 2ª Pessoa Plural,sejais testados,"vós sejais testado, sejais tentado, sejais examinado",passiva_a_confirmar,revisar,"'V-ASP-2P' é passiva, mas a tradução não explicita claramente a passiva: 'sejais testados'.","Confirmar se a glossa pretende particípio, adjetivo verbal ou construção passiva completa."
ἐπειράσθησαν,3985,V-AIP-3P,Verbo - Aoristo Indicativo Passiva - 3ª Pessoa Plural,foram testados,"eles(as) foram testado, foram tentado, foram examinado",passiva_a_confirmar,revisar,"'V-AIP-3P' é passiva, mas a tradução não explicita claramente a passiva: 'foram testados'.","Confirmar se a glossa pretende particípio, adjetivo verbal ou construção passiva completa."
πεμφθέντες,3992,V-APP-NMP,Verbo - Aoristo Particípio Passiva - Nominativo Masculino Plural,tendo sido enviados,tendo sido enviados,passiva_a_confirmar,revisar,"'V-APP-NMP' é passiva, mas a tradução não explicita claramente a passiva: 'tendo sido enviados'.","Confirmar se a glossa pretende particípio, adjetivo verbal ou construção passiva completa."
περιετμήθητε,4059,V-AIP-2P,Verbo - Aoristo Indicativo Passiva - 2ª Pessoa Plural,fostes circuncidados,vós fostes circuncidado,passiva_a_confirmar,revisar,"'V-AIP-2P' é passiva, mas a tradução não explicita claramente a passiva: 'fostes circuncidados'.","Confirmar se a glossa pretende particípio, adjetivo verbal ou construção passiva completa."
περιτμηθῆτε,4059,V-ASP-2P,Verbo - Aoristo Subjuntivo Passiva - 2ª Pessoa Plural,sejais circuncidados,vós sejais circuncidado,passiva_a_confirmar,revisar,"'V-ASP-2P' é passiva, mas a tradução não explicita claramente a passiva: 'sejais circuncidados'.","Confirmar se a glossa pretende particípio, adjetivo verbal ou construção passiva completa."
ἐπικράνθησαν,4087,V-AIP-3P,Verbo - Aoristo Indicativo Passiva - 3ª Pessoa Plural,foram tornados(as) amargos(as),"eles(as) foram tornados(as) amargos(as), foram amargurados, foram exasperados",passiva_a_confirmar,revisar,"'V-AIP-3P' é passiva, mas a tradução não explicita claramente a passiva: 'foram tornados(as) amargos(as)'.","Confirmar se a glossa pretende particípio, adjetivo verbal ou construção passiva completa."
ἐπιστεύθησαν,4100,V-AIP-3P,Verbo - Aoristo Indicativo Passiva - 3ª Pessoa Plural,foram cridos(as),"eles(as) foram cridos(as), tiveram fé, foram confiados",passiva_a_confirmar,revisar,"'V-AIP-3P' é passiva, mas a tradução não explicita claramente a passiva: 'foram cridos(as)'.","Confirmar se a glossa pretende particípio, adjetivo verbal ou construção passiva completa."
πλατύνθητε,4115,V-AMP-2P,Verbo - Aoristo Imperativo Passiva - 2ª Pessoa Plural,sois ampliados,vós sois ampliado,passiva_a_confirmar,revisar,"'V-AMP-2P' é passiva, mas a tradução não explicita claramente a passiva: 'sois ampliados'.","Confirmar se a glossa pretende particípio, adjetivo verbal ou construção passiva completa."
πληθυνθῆναι,4129,V-ANP,Verbo - Aoristo Infinitivo Passiva,ser multiplicado,ser multiplicado,passiva_a_confirmar,revisar,"'V-ANP' é passiva, mas a tradução não explicita claramente a passiva: 'ser multiplicado'.","Confirmar se a glossa pretende particípio, adjetivo verbal ou construção passiva completa."
πληρωθέντων,4137,V-APP-GNP,Verbo - Aoristo Particípio Passiva - Genitivo Neutro Plural,tendo sido preenchidos,"tendo sido preenchidos, tendo sido completados, tendo sido cumpridos",passiva_a_confirmar,revisar,"'V-APP-GNP' é passiva, mas a tradução não explicita claramente a passiva: 'tendo sido preenchidos'.","Confirmar se a glossa pretende particípio, adjetivo verbal ou construção passiva completa."
πληρωθήσονται,4137,V-FIP-3P,Verbo - Futuro Indicativo Passiva - 3ª Pessoa Plural,serão preenchidos,"eles(as) serão preenchidos, serão completado, serão cumprido",passiva_a_confirmar,revisar,"'V-FIP-3P' é passiva, mas a tradução não explicita claramente a passiva: 'serão preenchidos'.","Confirmar se a glossa pretende particípio, adjetivo verbal ou construção passiva completa."
ἐπλουτίσθητε,4148,V-AIP-2P,Verbo - Aoristo Indicativo Passiva - 2ª Pessoa Plural,fostes enriquecidos,vós fostes enriquecido,passiva_a_confirmar,revisar,"'V-AIP-2P' é passiva, mas a tradução não explicita claramente a passiva: 'fostes enriquecidos'.","Confirmar se a glossa pretende particípio, adjetivo verbal ou construção passiva completa."
ἐποτίσθημεν,4222,V-AIP-1P,Verbo - Aoristo Indicativo Passiva - 1ª Pessoa Plural,fomos dados para beber,"nós fomos dado para beber, fomos regado",passiva_a_confirmar,revisar,"'V-AIP-1P' é passiva, mas a tradução não explicita claramente a passiva: 'fomos dados para beber'.","Confirmar se a glossa pretende particípio, adjetivo verbal ou construção passiva completa."
ἐπρίσθησαν,4249,V-AIP-3P,Verbo - Aoristo Indicativo Passiva - 3ª Pessoa Plural,foram serrados,"eles(as) foram serrado, foram cortado com serra",passiva_a_confirmar,revisar,"'V-AIP-3P' é passiva, mas a tradução não explicita claramente a passiva: 'foram serrados'.","Confirmar se a glossa pretende particípio, adjetivo verbal ou construção passiva completa."
προβιβασθεῖσα,4264,V-APP-NFS,Verbo - Aoristo Particípio Passiva - Nominativo Feminino Singular,tendo sido induzida,"tendo sido induzida, instruída, impelida",passiva_a_confirmar,revisar,"'V-APP-NFS' é passiva, mas a tradução não explicita claramente a passiva: 'tendo sido induzida'.","Confirmar se a glossa pretende particípio, adjetivo verbal ou construção passiva completa."
προορισθέντες,4309,V-APP-NMP,Verbo - Aoristo Particípio Passiva - Nominativo Masculino Plural,tendo sido predestinados,"tendo sido predestinados, tendo sido preordenados",passiva_a_confirmar,revisar,"'V-APP-NMP' é passiva, mas a tradução não explicita claramente a passiva: 'tendo sido predestinados'.","Confirmar se a glossa pretende particípio, adjetivo verbal ou construção passiva completa."
προπεμφθέντες,4311,V-APP-NMP,Verbo - Aoristo Particípio Passiva - Nominativo Masculino Plural,tendo sido enviados,"tendo sido enviados, tendo sido acompanhados, tendo sido escoltados",passiva_a_confirmar,revisar,"'V-APP-NMP' é passiva, mas a tradução não explicita claramente a passiva: 'tendo sido enviados'.","Confirmar se a glossa pretende particípio, adjetivo verbal ou construção passiva completa."
προσεκληρώθησαν,4345,V-AIP-3P,Verbo - Aoristo Indicativo Passiva - 3ª Pessoa Plural,voltaram-se,eles(as) voltaram-se para,passiva_a_confirmar,revisar,"'V-AIP-3P' é passiva, mas a tradução não explicita claramente a passiva: 'voltaram-se'.","Confirmar se a glossa pretende particípio, adjetivo verbal ou construção passiva completa."
προσεκλίθη,4345,V-AIP-3S,Verbo - Aoristo Indicativo Passiva - 3ª Pessoa Singular,voltou-se,"ele(a) inclinou-se para, voltou-se para, aderiu a",passiva_a_confirmar,revisar,"'V-AIP-3S' é passiva, mas a tradução não explicita claramente a passiva: 'voltou-se'.","Confirmar se a glossa pretende particípio, adjetivo verbal ou construção passiva completa."
προσωρμίσθησαν,4358,V-AIP-3P,Verbo - Aoristo Indicativo Passiva - 3ª Pessoa Plural,foram trazidos para o porto,"eles(as) foram trazido para o porto, foram atracado, foram ancorado",passiva_a_confirmar,revisar,"'V-AIP-3P' é passiva, mas a tradução não explicita claramente a passiva: 'foram trazidos para o porto'.","Confirmar se a glossa pretende particípio, adjetivo verbal ou construção passiva completa."
προσετέθησαν,4369,V-AIP-3P,Verbo - Aoristo Indicativo Passiva - 3ª Pessoa Plural,foram adicionados,"eles(as) foram adicionado, foram aumentado, foram continuado, foram prosseguido",passiva_a_confirmar,revisar,"'V-AIP-3P' é passiva, mas a tradução não explicita claramente a passiva: 'foram adicionados'.","Confirmar se a glossa pretende particípio, adjetivo verbal ou construção passiva completa."
προσηνέχθησαν,4374,V-AIP-3P,Verbo - Aoristo Indicativo Passiva - 3ª Pessoa Plural,foram trazidos,"eles(as) foram trazido, foram oferecido, foram apresentado",passiva_a_confirmar,revisar,"'V-AIP-3P' é passiva, mas a tradução não explicita claramente a passiva: 'foram trazidos'.","Confirmar se a glossa pretende particípio, adjetivo verbal ou construção passiva completa."
πτοηθέντες,4422,V-APP-NMP,Verbo - Aoristo Particípio Passiva - Nominativo Masculino Plural,tendo sido assustados,"tendo sido assustados, tendo sido aterrorizados, tendo sido ficados alarmado",passiva_a_confirmar,revisar,"'V-APP-NMP' é passiva, mas a tradução não explicita claramente a passiva: 'tendo sido assustados'.","Confirmar se a glossa pretende particípio, adjetivo verbal ou construção passiva completa."
πτοηθῆτε,4422,V-ASP-2P,Verbo - Aoristo Subjuntivo Passiva - 2ª Pessoa Plural,sejais assustados,"vós sejais assustado, sejais aterrorizado, sejais ficado alarmado",passiva_a_confirmar,revisar,"'V-ASP-2P' é passiva, mas a tradução não explicita claramente a passiva: 'sejais assustados'.","Confirmar se a glossa pretende particípio, adjetivo verbal ou construção passiva completa."
ῥυσθέντας,4506,V-APP-AMP,Verbo - Aoristo Particípio Passiva - Acusativo Masculino Plural,tendo sido resgatados,"tendo sido resgatados, tendo sido entregados, tendo sido salvos",passiva_a_confirmar,revisar,"'V-APP-AMP' é passiva, mas a tradução não explicita claramente a passiva: 'tendo sido resgatados'.","Confirmar se a glossa pretende particípio, adjetivo verbal ou construção passiva completa."
ῥυσθῶμεν,4506,V-ASP-1P,Verbo - Aoristo Subjuntivo Passiva - 1ª Pessoa Plural,sejamos resgatados,"nós sejamos resgatado, sejamos entregado, sejamos salvo",passiva_a_confirmar,revisar,"'V-ASP-1P' é passiva, mas a tradução não explicita claramente a passiva: 'sejamos resgatados'.","Confirmar se a glossa pretende particípio, adjetivo verbal ou construção passiva completa."
ἐσείσθησαν,4579,V-AIP-3P,Verbo - Aoristo Indicativo Passiva - 3ª Pessoa Plural,foram sacudidos,"eles(as) foram sacudido, foram feito tremer, foram agitado",passiva_a_confirmar,revisar,"'V-AIP-3P' é passiva, mas a tradução não explicita claramente a passiva: 'foram sacudidos'.","Confirmar se a glossa pretende particípio, adjetivo verbal ou construção passiva completa."
σκορπισθῆτε,4650,V-ASP-2P,Verbo - Aoristo Subjuntivo Passiva - 2ª Pessoa Plural,sejais espalhados,"vós sejais espalhado, sejais dispersado",passiva_a_confirmar,revisar,"'V-ASP-2P' é passiva, mas a tradução não explicita claramente a passiva: 'sejais espalhados'.","Confirmar se a glossa pretende particípio, adjetivo verbal ou construção passiva completa."
σπαρέντες,4687,V-APP-NMP,Verbo - Aoristo Particípio Passiva - Nominativo Masculino Plural,tendo sido semeados,tendo sido semeados,passiva_a_confirmar,revisar,"'V-APP-NMP' é passiva, mas a tradução não explicita claramente a passiva: 'tendo sido semeados'.","Confirmar se a glossa pretende particípio, adjetivo verbal ou construção passiva completa."
ἐστερεώθησαν,4732,V-AIP-3P,Verbo - Aoristo Indicativo Passiva - 3ª Pessoa Plural,foram firmados,"eles(as) foram firmado, foram estabelecido, foram fortalecido",passiva_a_confirmar,revisar,"'V-AIP-3P' é passiva, mas a tradução não explicita claramente a passiva: 'foram firmados'.","Confirmar se a glossa pretende particípio, adjetivo verbal ou construção passiva completa."
στραφέντες,4762,V-APP-NMP,Verbo - Aoristo Particípio Passiva - Nominativo Masculino Plural,tendo se virado,"tendo se virado, tendo se voltado, tendo se convertido",passiva_a_confirmar,revisar,"'V-APP-NMP' é passiva, mas a tradução não explicita claramente a passiva: 'tendo se virado'.","Confirmar se a glossa pretende particípio, adjetivo verbal ou construção passiva completa."
στραφῆτε,4762,V-ASP-2P,Verbo - Aoristo Subjuntivo Passiva - 2ª Pessoa Plural,vos volteis,"vós sejais virados, sejais voltados, sejais convertidos",passiva_a_confirmar,revisar,"'V-ASP-2P' é passiva, mas a tradução não explicita claramente a passiva: 'vos volteis'.","Confirmar se a glossa pretende particípio, adjetivo verbal ou construção passiva completa."
στραφῶσιν,4762,V-ASP-3P,Verbo - Aoristo Subjuntivo Passiva - 3ª Pessoa Plural,se virem,"eles(as) se virem, voltem, convertam",passiva_a_confirmar,revisar,"'V-ASP-3P' é passiva, mas a tradução não explicita claramente a passiva: 'se virem'.","Confirmar se a glossa pretende particípio, adjetivo verbal ou construção passiva completa."
ἐστράφησαν,4762,V-AIP-3P,Verbo - Aoristo Indicativo Passiva - 3ª Pessoa Plural,se viraram,"eles(as) se viraram, voltaram, converteram",passiva_a_confirmar,revisar,"'V-AIP-3P' é passiva, mas a tradução não explicita claramente a passiva: 'se viraram'.","Confirmar se a glossa pretende particípio, adjetivo verbal ou construção passiva completa."
συμβιβασθέντες,4822,V-APP-NMP,Verbo - Aoristo Particípio Passiva - Nominativo Masculino Plural,tendo sido unidos,"tendo sido unidos, tendo sido reunidos, tendo sido instruídos, tendo sido provados",passiva_a_confirmar,revisar,"'V-APP-NMP' é passiva, mas a tradução não explicita claramente a passiva: 'tendo sido unidos'.","Confirmar se a glossa pretende particípio, adjetivo verbal ou construção passiva completa."
συμπαρακληθῆναι,4837,V-ANP,Verbo - Aoristo Infinitivo Passiva,ser confortado(a),"ser confortado(a), encorajado(a), exortado(a)",passiva_a_confirmar,revisar,"'V-ANP' é passiva, mas a tradução não explicita claramente a passiva: 'ser confortado(a)'.","Confirmar se a glossa pretende particípio, adjetivo verbal ou construção passiva completa."
συνάχθητε,4863,V-AMP-2P,Verbo - Aoristo Imperativo Passiva - 2ª Pessoa Plural,sois reunidos,vós sois reunido,passiva_a_confirmar,revisar,"'V-AMP-2P' é passiva, mas a tradução não explicita claramente a passiva: 'sois reunidos'.","Confirmar se a glossa pretende particípio, adjetivo verbal ou construção passiva completa."
συναχθέντες,4863,V-APP-NMP,Verbo - Aoristo Particípio Passiva - Nominativo Masculino Plural,tendo sido reunidos,tendo sido reunidos,passiva_a_confirmar,revisar,"'V-APP-NMP' é passiva, mas a tradução não explicita claramente a passiva: 'tendo sido reunidos'.","Confirmar se a glossa pretende particípio, adjetivo verbal ou construção passiva completa."
συναχθέντων,4863,V-APP-GMP,Verbo - Aoristo Particípio Passiva - Genitivo Masculino Plural,tendo sido reunidos,tendo sido reunidos,passiva_a_confirmar,revisar,"'V-APP-GMP' é passiva, mas a tradução não explicita claramente a passiva: 'tendo sido reunidos'.","Confirmar se a glossa pretende particípio, adjetivo verbal ou construção passiva completa."
συναπαχθέντες,4879,V-APP-NMP,Verbo - Aoristo Particípio Passiva - Nominativo Masculino Plural,tendo sido desviados,"tendo sido desviados, tendo sido levados, tendo sido sidos desencaminhado",passiva_a_confirmar,revisar,"'V-APP-NMP' é passiva, mas a tradução não explicita claramente a passiva: 'tendo sido desviados'.","Confirmar se a glossa pretende particípio, adjetivo verbal ou construção passiva completa."
συνετάφημεν,4916,V-AIP-1P,Verbo - Aoristo Indicativo Passiva - 1ª Pessoa Plural,fomos enterrados juntos,"nós fomos enterrado juntos, fomos sido enterrado com",passiva_a_confirmar,revisar,"'V-AIP-1P' é passiva, mas a tradução não explicita claramente a passiva: 'fomos enterrados juntos'.","Confirmar se a glossa pretende particípio, adjetivo verbal ou construção passiva completa."
συνταφέντες,4916,V-APP-NMP,Verbo - Aoristo Particípio Passiva - Nominativo Masculino Plural,tendo sido enterrados juntos,"tendo sido enterrados juntos, tendo sido sidos enterrado com",passiva_a_confirmar,revisar,"'V-APP-NMP' é passiva, mas a tradução não explicita claramente a passiva: 'tendo sido enterrados juntos'.","Confirmar se a glossa pretende particípio, adjetivo verbal ou construção passiva completa."
συντελεσθεισῶν,4931,V-APP-GFP,Verbo - Aoristo Particípio Passiva - Genitivo Feminino Plural,tendo sido completados,"tendo sido completados, tendo sido realizados, tendo sido postos fim",passiva_a_confirmar,revisar,"'V-APP-GFP' é passiva, mas a tradução não explicita claramente a passiva: 'tendo sido completados'.","Confirmar se a glossa pretende particípio, adjetivo verbal ou construção passiva completa."
συντετριμμένους,4937,V-RPP-AMP,Verbo - Perfeito Particípio Passiva - Acusativo Masculino Plural,tendo sido esmagados,"tendo sido esmagados, tendo sido quebrados, tendo sido machucados",passiva_a_confirmar,revisar,"'V-RPP-AMP' é passiva, mas a tradução não explicita claramente a passiva: 'tendo sido esmagados'.","Confirmar se a glossa pretende particípio, adjetivo verbal ou construção passiva completa."
συνυπεκρίθησαν,4942,V-AIP-3P,Verbo - Aoristo Indicativo Passiva - 3ª Pessoa Plural,juntaram-se à hipocrisia,"eles(as) juntaram-se à hipocrisia, agiram hipocritamente juntos",passiva_a_confirmar,revisar,"'V-AIP-3P' é passiva, mas a tradução não explicita claramente a passiva: 'juntaram-se à hipocrisia'.","Confirmar se a glossa pretende particípio, adjetivo verbal ou construção passiva completa."
συσταυρωθέντες,4957,V-APP-NMP,Verbo - Aoristo Particípio Passiva - Nominativo Masculino Plural,tendo sido crucificados com,tendo sido crucificados com,passiva_a_confirmar,revisar,"'V-APP-NMP' é passiva, mas a tradução não explicita claramente a passiva: 'tendo sido crucificados com'.","Confirmar se a glossa pretende particípio, adjetivo verbal ou construção passiva completa."
ἐσχίσθησαν,4977,V-AIP-3P,Verbo - Aoristo Indicativo Passiva - 3ª Pessoa Plural,foram divididos,"eles(as) foram dividido, foram separado",passiva_a_confirmar,revisar,"'V-AIP-3P' é passiva, mas a tradução não explicita claramente a passiva: 'foram divididos'.","Confirmar se a glossa pretende particípio, adjetivo verbal ou construção passiva completa."
σωθῶ,4982,V-ASP-1S,Verbo - Aoristo Subjuntivo Passiva - 1ª Pessoa Singular,seja salvo,"eu seja salvo, seja resgatado, seja libertado, seja curado, seja preservado",passiva_a_confirmar,revisar,"'V-ASP-1S' é passiva, mas a tradução não explicita claramente a passiva: 'seja salvo'.","Confirmar se a glossa pretende particípio, adjetivo verbal ou construção passiva completa."
ταραχθῆτε,5015,V-ASP-2P,Verbo - Aoristo Subjuntivo Passiva - 2ª Pessoa Plural,sejais perturbados,"vós sejais perturbado, sejais incomodado, sejais agitado",passiva_a_confirmar,revisar,"'V-ASP-2P' é passiva, mas a tradução não explicita claramente a passiva: 'sejais perturbados'.","Confirmar se a glossa pretende particípio, adjetivo verbal ou construção passiva completa."
τελειωθῶσιν,5048,V-ASP-3P,Verbo - Aoristo Subjuntivo Passiva - 3ª Pessoa Plural,sejam completados,"eles(as) sejam completado, sejam aperfeiçoado, sejam realizado, sejam posto fim.",passiva_a_confirmar,revisar,"'V-ASP-3P' é passiva, mas a tradução não explicita claramente a passiva: 'sejam completados'.","Confirmar se a glossa pretende particípio, adjetivo verbal ou construção passiva completa."
τελεσθήσονται,5055,V-FIP-3P,Verbo - Futuro Indicativo Passiva - 3ª Pessoa Plural,serão cumpridos(as),"eles(as) serão completados, serão terminados, serão cumpridos, serão realizados.",passiva_a_confirmar,revisar,"'V-FIP-3P' é passiva, mas a tradução não explicita claramente a passiva: 'serão cumpridos(as)'.","Confirmar se a glossa pretende particípio, adjetivo verbal ou construção passiva completa."
τελεσθῶσιν,5055,V-ASP-3P,Verbo - Aoristo Subjuntivo Passiva - 3ª Pessoa Plural,sejam completados,"eles(as) sejam completado, sejam terminado, sejam cumprido, sejam realizado.",passiva_a_confirmar,revisar,"'V-ASP-3P' é passiva, mas a tradução não explicita claramente a passiva: 'sejam completados'.","Confirmar se a glossa pretende particípio, adjetivo verbal ou construção passiva completa."
τεθῶσιν,5087,V-ASP-3P,Verbo - Aoristo Subjuntivo Passiva - 3ª Pessoa Plural,sejam colocados,"eles(as) sejam colocado, sejam nomeado, sejam estabelecido",passiva_a_confirmar,revisar,"'V-ASP-3P' é passiva, mas a tradução não explicita claramente a passiva: 'sejam colocados'.","Confirmar se a glossa pretende particípio, adjetivo verbal ou construção passiva completa."
τιμωρηθῶσιν,5097,V-ASP-3P,Verbo - Aoristo Subjuntivo Passiva - 3ª Pessoa Plural,sejam punidos,"eles(as) sejam punido, sejam vingado, sejam justificado",passiva_a_confirmar,revisar,"'V-ASP-3P' é passiva, mas a tradução não explicita claramente a passiva: 'sejam punidos'.","Confirmar se a glossa pretende particípio, adjetivo verbal ou construção passiva completa."
ἐτυμπανίσθησαν,5178,V-AIP-3P,Verbo - Aoristo Indicativo Passiva - 3ª Pessoa Plural,foram torturados,"eles(as) foram torturado, foram batido, foram tamborilado",passiva_a_confirmar,revisar,"'V-AIP-3P' é passiva, mas a tradução não explicita claramente a passiva: 'foram torturados'.","Confirmar se a glossa pretende particípio, adjetivo verbal ou construção passiva completa."
ὑβρισθέντες,5195,V-APP-NMP,Verbo - Aoristo Particípio Passiva - Nominativo Masculino Plural,tendo sido insultados,"tendo sido insultados, tendo sido maltratados, tendo sido agidos com arrogância",passiva_a_confirmar,revisar,"'V-APP-NMP' é passiva, mas a tradução não explicita claramente a passiva: 'tendo sido insultados'.","Confirmar se a glossa pretende particípio, adjetivo verbal ou construção passiva completa."
ὑποταγέντων,5293,V-APP-GMP,Verbo - Aoristo Particípio Passiva - Genitivo Masculino Plural,tendo sido sujeitados,"tendo sido sujeitados, tendo sido subordinados, tendo sido submetidos, tendo sido estados sob obediência",passiva_a_confirmar,revisar,"'V-APP-GMP' é passiva, mas a tradução não explicita claramente a passiva: 'tendo sido sujeitados'.","Confirmar se a glossa pretende particípio, adjetivo verbal ou construção passiva completa."
ὑψωθῆτε,5312,V-ASP-2P,Verbo - Aoristo Subjuntivo Passiva - 2ª Pessoa Plural,sejais elevados,"vós sejais elevado, sejais exaltado, sejais elevado alto",passiva_a_confirmar,revisar,"'V-ASP-2P' é passiva, mas a tradução não explicita claramente a passiva: 'sejais elevados'.","Confirmar se a glossa pretende particípio, adjetivo verbal ou construção passiva completa."
φανῶμεν,5316,V-ASP-1P,Verbo - Aoristo Subjuntivo Passiva - 1ª Pessoa Plural,sejamos manifestados,"nós sejamos exibidos, sejamos manifestados",passiva_a_confirmar,revisar,"'V-ASP-1P' é passiva, mas a tradução não explicita claramente a passiva: 'sejamos manifestados'.","Confirmar se a glossa pretende particípio, adjetivo verbal ou construção passiva completa."
ἐφάνησαν,5316,V-AIP-3P,Verbo - Aoristo Indicativo Passiva - 3ª Pessoa Plural,foram manifestados,"eles(as) foram exibidos, foram manifestados",passiva_a_confirmar,revisar,"'V-AIP-3P' é passiva, mas a tradução não explicita claramente a passiva: 'foram manifestados'.","Confirmar se a glossa pretende particípio, adjetivo verbal ou construção passiva completa."
φανερωθήσεσθε,5319,V-FIP-2P,Verbo - Futuro Indicativo Passiva - 2ª Pessoa Plural,sereis manifestos,"vós sereis tornado manifesto, sereis revelado, sereis dado a conhecer, sereis mostrado abertamente.",passiva_a_confirmar,revisar,"'V-FIP-2P' é passiva, mas a tradução não explicita claramente a passiva: 'sereis manifestos'.","Confirmar se a glossa pretende particípio, adjetivo verbal ou construção passiva completa."
φανερωθεῖσαν,5319,V-APP-AFS,Verbo - Aoristo Particípio Passiva - Acusativo Feminino Singular,tendo sido manifesta,"tendo sido tornado manifesto, tendo sido revelado, tendo sido dado a conhecer, tendo sido mostrado abertamente.",passiva_a_confirmar,revisar,"'V-APP-AFS' é passiva, mas a tradução não explicita claramente a passiva: 'tendo sido manifesta'.","Confirmar se a glossa pretende particípio, adjetivo verbal ou construção passiva completa."
φανερωθῶσιν,5319,V-ASP-3P,Verbo - Aoristo Subjuntivo Passiva - 3ª Pessoa Plural,sejam manifestos(as),"eles(as) sejam tornado manifesto, sejam revelado, sejam dado a conhecer, sejam mostrado abertamente.",passiva_a_confirmar,revisar,"'V-ASP-3P' é passiva, mas a tradução não explicita claramente a passiva: 'sejam manifestos(as)'.","Confirmar se a glossa pretende particípio, adjetivo verbal ou construção passiva completa."
ἐφανερώθησαν,5319,V-AIP-3P,Verbo - Aoristo Indicativo Passiva - 3ª Pessoa Plural,foram manifestos(as),"eles(as) foram tornados manifestos, foram revelados, foram dados a conhecer, foram mostrados abertamente.",passiva_a_confirmar,revisar,"'V-AIP-3P' é passiva, mas a tradução não explicita claramente a passiva: 'foram manifestos(as)'.","Confirmar se a glossa pretende particípio, adjetivo verbal ou construção passiva completa."
φθαρήσονται,5351,V-FIP-3S,Verbo - Futuro Indicativo Passiva - 3ª Pessoa Singular,será destruído,"ele(a) será destruído, será corrompido, será estragado",passiva_a_confirmar,revisar,"'V-FIP-3S' é passiva, mas a tradução não explicita claramente a passiva: 'será destruído'.","Confirmar se a glossa pretende particípio, adjetivo verbal ou construção passiva completa."
φθαρῇ,5351,V-ASP-3S,Verbo - Aoristo Subjuntivo Passiva - 3ª Pessoa Singular,seja destruído,"ele(a) seja destruído, seja corrompido, seja estragado",passiva_a_confirmar,revisar,"'V-ASP-3S' é passiva, mas a tradução não explicita claramente a passiva: 'seja destruído'.","Confirmar se a glossa pretende particípio, adjetivo verbal ou construção passiva completa."
φοβηθέντες,5399,V-APP-NMP,Verbo - Aoristo Particípio Passiva - Nominativo Masculino Plural,tendo sido temidos,"tendo sido temidos, tendo sido tidos medo, reverência",passiva_a_confirmar,revisar,"'V-APP-NMP' é passiva, mas a tradução não explicita claramente a passiva: 'tendo sido temidos'.","Confirmar se a glossa pretende particípio, adjetivo verbal ou construção passiva completa."
φυτεύθητι,5452,V-AMP-2S,Verbo - Aoristo Imperativo Passiva - 2ª Pessoa Singular,estás plantado,tu estás plantado,passiva_a_confirmar,revisar,"'V-AMP-2S' é passiva, mas a tradução não explicita claramente a passiva: 'estás plantado'.","Confirmar se a glossa pretende particípio, adjetivo verbal ou construção passiva completa."
φωτισθέντας,5461,V-APP-AMP,Verbo - Aoristo Particípio Passiva - Acusativo Masculino Plural,tendo sido iluminados,"tendo sido iluminados, tendo sido trazidos à luz, tendo sido esclarecidos.",passiva_a_confirmar,revisar,"'V-APP-AMP' é passiva, mas a tradução não explicita claramente a passiva: 'tendo sido iluminados'.","Confirmar se a glossa pretende particípio, adjetivo verbal ou construção passiva completa."
φωτισθέντες,5461,V-APP-NMP,Verbo - Aoristo Particípio Passiva - Nominativo Masculino Plural,tendo sido iluminados,"tendo sido iluminados, tendo sido trazidos à luz, tendo sido esclarecidos.",passiva_a_confirmar,revisar,"'V-APP-NMP' é passiva, mas a tradução não explicita claramente a passiva: 'tendo sido iluminados'.","Confirmar se a glossa pretende particípio, adjetivo verbal ou construção passiva completa."
χαρήσομαι,5463,V-FIP-1S,Verbo - Futuro Indicativo Passiva - 1ª Pessoa Singular,alegrem-se,alegrem-se,passiva_a_confirmar,revisar,"'V-FIP-1S' é passiva, mas a tradução não explicita claramente a passiva: 'alegrem-se'.","Confirmar se a glossa pretende particípio, adjetivo verbal ou construção passiva completa."
χαρήσονται,5463,V-FIP-3P,Verbo - Futuro Indicativo Passiva - 3ª Pessoa Plural,alegrem-se,alegrem-se,passiva_a_confirmar,revisar,"'V-FIP-3P' é passiva, mas a tradução não explicita claramente a passiva: 'alegrem-se'.","Confirmar se a glossa pretende particípio, adjetivo verbal ou construção passiva completa."
ἐχάρημεν,5463,V-AIP-1P,Verbo - Aoristo Indicativo Passiva - 1ª Pessoa Plural,alegrem-se,alegrem-se,passiva_a_confirmar,revisar,"'V-AIP-1P' é passiva, mas a tradução não explicita claramente a passiva: 'alegrem-se'.","Confirmar se a glossa pretende particípio, adjetivo verbal ou construção passiva completa."
ἐχάρητε,5463,V-AIP-2P,Verbo - Aoristo Indicativo Passiva - 2ª Pessoa Plural,alegrem-se,alegrem-se,passiva_a_confirmar,revisar,"'V-AIP-2P' é passiva, mas a tradução não explicita claramente a passiva: 'alegrem-se'.","Confirmar se a glossa pretende particípio, adjetivo verbal ou construção passiva completa."
χαρισθέντα,5483,V-APP-ANP,Verbo - Aoristo Particípio Passiva - Acusativo Neutro Plural,tendo sido concedidos,"tendo sido concedidos, tendo sido dados livremente, tendo sido perdoados, tendo sido mostrados favor",passiva_a_confirmar,revisar,"'V-APP-ANP' é passiva, mas a tradução não explicita claramente a passiva: 'tendo sido concedidos'.","Confirmar se a glossa pretende particípio, adjetivo verbal ou construção passiva completa."
χορτασθήσεσθε,5526,V-FIP-2P,Verbo - Futuro Indicativo Passiva - 2ª Pessoa Plural,sereis alimentados,"vós sereis alimentados, sereis preenchidos, sereis satisfeitos",passiva_a_confirmar,revisar,"'V-FIP-2P' é passiva, mas a tradução não explicita claramente a passiva: 'sereis alimentados'.","Confirmar se a glossa pretende particípio, adjetivo verbal ou construção passiva completa."
χορτασθήσονται,5526,V-FIP-3P,Verbo - Futuro Indicativo Passiva - 3ª Pessoa Plural,serão alimentados,"eles(as) serão alimentados, serão preenchidos, serão satisfeitos",passiva_a_confirmar,revisar,"'V-FIP-3P' é passiva, mas a tradução não explicita claramente a passiva: 'serão alimentados'.","Confirmar se a glossa pretende particípio, adjetivo verbal ou construção passiva completa."
ἐχορτάσθητε,5526,V-AIP-2P,Verbo - Aoristo Indicativo Passiva - 2ª Pessoa Plural,fostes alimentados,"vós fostes alimentados, fostes preenchidos, fostes satisfeitos",passiva_a_confirmar,revisar,"'V-AIP-2P' é passiva, mas a tradução não explicita claramente a passiva: 'fostes alimentados'.","Confirmar se a glossa pretende particípio, adjetivo verbal ou construção passiva completa."
χρηματισθέντες,5537,V-APP-NMP,Verbo - Aoristo Particípio Passiva - Nominativo Masculino Plural,tendo sido advertidos,"tendo sido advertidos, tendo sido instruídos, tendo sido revelados, tendo sido sidos chamado",passiva_a_confirmar,revisar,"'V-APP-NMP' é passiva, mas a tradução não explicita claramente a passiva: 'tendo sido advertidos'.","Confirmar se a glossa pretende particípio, adjetivo verbal ou construção passiva completa."
ὠφελήθησαν,5623,V-AIP-3P,Verbo - Aoristo Indicativo Passiva - 3ª Pessoa Plural,foram beneficiados,"eles(as) foram beneficiado, foram lucrado, foram ajudado",passiva_a_confirmar,revisar,"'V-AIP-3P' é passiva, mas a tradução não explicita claramente a passiva: 'foram beneficiados'.","Confirmar se a glossa pretende particípio, adjetivo verbal ou construção passiva completa."
ἀφέθησαν,863,V-AIP-3P,Verbo - Aoristo Indicativo Passiva - 3ª Pessoa Plural,foram mandados embora,"eles(as) foram mandado embora, foram partido, foram perdoado, foram permitido, foram abandonado",passiva_a_confirmar,revisar,"'V-AIP-3P' é passiva, mas a tradução não explicita claramente a passiva: 'foram mandados embora'.","Confirmar se a glossa pretende particípio, adjetivo verbal ou construção passiva completa."
ἐπεκαλύφθησαν,1943,V-AIP-3P,Verbo - Aoristo Indicativo Passiva - 3ª Pessoa Plural,foram cobertos,"eles(as) foram cobertos, foram escondidos",passiva_a_confirmar,revisar,"'V-AIP-3P' é passiva, mas a tradução não explicita claramente a passiva: 'foram cobertos'.","Confirmar se a glossa pretende particípio, adjetivo verbal ou construção passiva completa."
ἀναληφθεὶς,353,V-APP-NMS,Verbo - Aoristo Particípio Passiva - Nominativo Masculino Singular,tendo sido pego,"tendo sido pego, tendo sido recebido, tendo sido levantado",passiva_a_confirmar,revisar,"'V-APP-NMS' é passiva, mas a tradução não explicita claramente a passiva: 'tendo sido pego'.","Confirmar se a glossa pretende particípio, adjetivo verbal ou construção passiva completa."
ἀνελήφθη,353,V-AIP-3S,Verbo - Aoristo Indicativo Passiva - 3ª Pessoa Singular,foi pego,"ele(a) foi pegado, foi recebido, foi levantado",passiva_a_confirmar,revisar,"'V-AIP-3S' é passiva, mas a tradução não explicita claramente a passiva: 'foi pego'.","Confirmar se a glossa pretende particípio, adjetivo verbal ou construção passiva completa."
ἀνοιχθῶσιν,455,V-ASP-3P,Verbo - Aoristo Subjuntivo Passiva - 3ª Pessoa Plural,sejam abertos,eles(as) sejam abertos,passiva_a_confirmar,revisar,"'V-ASP-3P' é passiva, mas a tradução não explicita claramente a passiva: 'sejam abertos'.","Confirmar se a glossa pretende particípio, adjetivo verbal ou construção passiva completa."
ἀπατηθεῖσα,538,V-APP-NFS,Verbo - Aoristo Particípio Passiva - Nominativo Feminino Singular,tendo sido enganada,"tendo sido enganada, tendo sido desencaminhada",passiva_a_confirmar,revisar,"'V-APP-NFS' é passiva, mas a tradução não explicita claramente a passiva: 'tendo sido enganada'.","Confirmar se a glossa pretende particípio, adjetivo verbal ou construção passiva completa."
ἀπεδέχθησαν,588,V-AIP-3P,Verbo - Aoristo Indicativo Passiva - 3ª Pessoa Plural,foram aceitos,"eles(as) foram aceitos, foram recebidos favoravelmente, foram acolhidos",passiva_a_confirmar,revisar,"'V-AIP-3P' é passiva, mas a tradução não explicita claramente a passiva: 'foram aceitos'.","Confirmar se a glossa pretende particípio, adjetivo verbal ou construção passiva completa."
ἀποσταλῶσιν,649,V-ASP-3P,Verbo - Aoristo Subjuntivo Passiva - 3ª Pessoa Plural,sejam enviados,"eles(as) sejam enviados, sejam despachados",passiva_a_confirmar,revisar,"'V-ASP-3P' é passiva, mas a tradução não explicita claramente a passiva: 'sejam enviados'.","Confirmar se a glossa pretende particípio, adjetivo verbal ou construção passiva completa."
βασανισθῶσιν,928,V-ASP-3P,Verbo - Aoristo Subjuntivo Passiva - 3ª Pessoa Plural,sejam atormentados,"eles(as) sejam atormentados, sejam torturados, sejam irritados, sejam angustiados",passiva_a_confirmar,revisar,"'V-ASP-3P' é passiva, mas a tradução não explicita claramente a passiva: 'sejam atormentados'.","Confirmar se a glossa pretende particípio, adjetivo verbal ou construção passiva completa."
γεγενῆσθαι,1096,V-RNP,Verbo - Perfeito Infinitivo Passiva,ser feito,"tornar-se, vir a ser, acontecer, ser feito",passiva_a_confirmar,revisar,"'V-RNP' é passiva, mas a tradução não explicita claramente a passiva: 'ser feito'.","Confirmar se a glossa pretende particípio, adjetivo verbal ou construção passiva completa."
διεδίδοτο,1239,V-IIP-3S,Verbo - Imperfeito Indicativo Passiva - 3ª Pessoa Singular,era distribuído,"ele(a) era distribuído, era dividido entre.",passiva_a_confirmar,revisar,"'V-IIP-3S' é passiva, mas a tradução não explicita claramente a passiva: 'era distribuído'.","Confirmar se a glossa pretende particípio, adjetivo verbal ou construção passiva completa."
διεφθάρη,1311,V-APP-3S,Verbo - Aoristo Particípio Passiva - 3ª Pessoa Singular,tendo sido destruído(a),"ele(a) tendo sido destruído, tendo sido corrompido, tendo sido arruinado, tendo sido estragado",passiva_a_confirmar,revisar,"'V-APP-3S' é passiva, mas a tradução não explicita claramente a passiva: 'tendo sido destruído(a)'.","Confirmar se a glossa pretende particípio, adjetivo verbal ou construção passiva completa."
ἐγκεντρισθήσονται,1461,V-FIP-3P,Verbo - Futuro Indicativo Passiva - 3ª Pessoa Plural,serão enxertados,eles(as) serão enxertados,passiva_a_confirmar,revisar,"'V-FIP-3P' é passiva, mas a tradução não explicita claramente a passiva: 'serão enxertados'.","Confirmar se a glossa pretende particípio, adjetivo verbal ou construção passiva completa."
ἐκγαμίζονται,1547,V-PIP-3P,Verbo - Presente Indicativo Passiva - 3ª Pessoa Plural,são dados em casamento,eles(as) são dados em casamento,passiva_a_confirmar,revisar,"'V-PIP-3P' é passiva, mas a tradução não explicita claramente a passiva: 'são dados em casamento'.","Confirmar se a glossa pretende particípio, adjetivo verbal ou construção passiva completa."
ἐλιθάσθησαν,3034,V-AIP-3P,Verbo - Aoristo Indicativo Passiva - 3ª Pessoa Plural,foram apedrejados,"eles(as) foram apedrejado, foram atirado pedras",passiva_a_confirmar,revisar,"'V-AIP-3P' é passiva, mas a tradução não explicita claramente a passiva: 'foram apedrejados'.","Confirmar se a glossa pretende particípio, adjetivo verbal ou construção passiva completa."
ἐλογίσθημεν,3049,V-AIP-1P,Verbo - Aoristo Indicativo Passiva - 1ª Pessoa Plural,fomos calculados,"nós fomos calculado, fomos considerado, fomos contabilizado, fomos pensado, fomos imputado.",passiva_a_confirmar,revisar,"'V-AIP-1P' é passiva, mas a tradução não explicita claramente a passiva: 'fomos calculados'.","Confirmar se a glossa pretende particípio, adjetivo verbal ou construção passiva completa."
ἐνεδυναμώθησαν,1743,V-AIP-3P,Verbo - Aoristo Indicativo Passiva - 3ª Pessoa Plural,foram capacitados,"eles(as) foram capacitados, foram fortalecidos, foram tornados fortes",passiva_a_confirmar,revisar,"'V-AIP-3P' é passiva, mas a tradução não explicita claramente a passiva: 'foram capacitados'.","Confirmar se a glossa pretende particípio, adjetivo verbal ou construção passiva completa."
ἐξολοθρευθήσεται,1842,V-FIP-3S,Verbo - Futuro Indicativo Passiva - 3ª Pessoa Singular,será destruído completamente,"ele(a) será destruído completamente, será exterminado, será erradicado",passiva_a_confirmar,revisar,"'V-FIP-3S' é passiva, mas a tradução não explicita claramente a passiva: 'será destruído completamente'.","Confirmar se a glossa pretende particípio, adjetivo verbal ou construção passiva completa."
ἐποικοδομηθέντες,2026,V-APP-NMP,Verbo - Aoristo Particípio Passiva - Nominativo Masculino Plural,tendo sido construídos,tendo sido construídos,passiva_a_confirmar,revisar,"'V-APP-NMP' é passiva, mas a tradução não explicita claramente a passiva: 'tendo sido construídos'.","Confirmar se a glossa pretende particípio, adjetivo verbal ou construção passiva completa."
ἐπωρώθησαν,4456,V-AIP-3P,Verbo - Aoristo Indicativo Passiva - 3ª Pessoa Plural,foram endurecidos,"eles(as) foram endurecidos, foram tornados insensíveis",passiva_a_confirmar,revisar,"'V-AIP-3P' é passiva, mas a tradução não explicita claramente a passiva: 'foram endurecidos'.","Confirmar se a glossa pretende particípio, adjetivo verbal ou construção passiva completa."
ἐρρήθησαν,2046,V-AIP-3P,Verbo - Aoristo Indicativo Passiva - 3ª Pessoa Plural,foram ditos,"eles(as) foram dito, foram falado, foram contado",passiva_a_confirmar,revisar,"'V-AIP-3P' é passiva, mas a tradução não explicita claramente a passiva: 'foram ditos'.","Confirmar se a glossa pretende particípio, adjetivo verbal ou construção passiva completa."
ἐσώθημεν,4982,V-AIP-1P,Verbo - Aoristo Indicativo Passiva - 1ª Pessoa Plural,fomos salvos,"nós fomos salvo, fomos resgatado, fomos libertado, fomos curado, fomos preservado",passiva_a_confirmar,revisar,"'V-AIP-1P' é passiva, mas a tradução não explicita claramente a passiva: 'fomos salvos'.","Confirmar se a glossa pretende particípio, adjetivo verbal ou construção passiva completa."
εὐλογημένοι,2127,V-RPP-NMP,Verbo - Perfeito Particípio Passiva - Nominativo Masculino Plural,sendo abençoados,sendo abençoados,passiva_a_confirmar,revisar,"'V-RPP-NMP' é passiva, mas a tradução não explicita claramente a passiva: 'sendo abençoados'.","Confirmar se a glossa pretende particípio, adjetivo verbal ou construção passiva completa."
εὐφρανθήσονται,2165,V-FIP-3P,Verbo - Futuro Indicativo Passiva - 3ª Pessoa Plural,serão alegrados,eles(as) serão alegrados,passiva_a_confirmar,revisar,"'V-FIP-3P' é passiva, mas a tradução não explicita claramente a passiva: 'serão alegrados'.","Confirmar se a glossa pretende particípio, adjetivo verbal ou construção passiva completa."
εὐφράνθητε,2165,V-AMP-2P,Verbo - Aoristo Imperativo Passiva - 2ª Pessoa Plural,sois alegrados,vós sois alegrado,passiva_a_confirmar,revisar,"'V-AMP-2P' é passiva, mas a tradução não explicita claramente a passiva: 'sois alegrados'.","Confirmar se a glossa pretende particípio, adjetivo verbal ou construção passiva completa."
ἤχθημεν,71,V-AIP-1P,Verbo - Aoristo Indicativo Passiva - 1ª Pessoa Plural,fomos levados,"nós fomos levados, conduzidos, trazidos",passiva_a_confirmar,revisar,"'V-AIP-1P' é passiva, mas a tradução não explicita claramente a passiva: 'fomos levados'.","Confirmar se a glossa pretende particípio, adjetivo verbal ou construção passiva completa."
ἠχρειώθησαν,889,V-AIP-3P,Verbo - Aoristo Indicativo Passiva - 3ª Pessoa Plural,foram tornados inúteis,eles(as) foram tornados inúteis,passiva_a_confirmar,revisar,"'V-AIP-3P' é passiva, mas a tradução não explicita claramente a passiva: 'foram tornados inúteis'.","Confirmar se a glossa pretende particípio, adjetivo verbal ou construção passiva completa."
καταλαβόμενος,2638,V-AMP-NMS,Verbo - Aoristo Particípio Média - Nominativo Masculino Singular,tendo se apreendido,"tendo se apreendido, tendo se agarrado, tendo se compreendido, tendo se ultrapassado",passiva_a_confirmar,revisar,"'V-AMP-NMS' é passiva, mas a tradução não explicita claramente a passiva: 'tendo se apreendido'.","Confirmar se a glossa pretende particípio, adjetivo verbal ou construção passiva completa."
καταξιωθῆτε,2661,V-ASP-2P,Verbo - Aoristo Subjuntivo Passiva - 2ª Pessoa Plural,sejais considerados dignos,vós sejais considerado digno,passiva_a_confirmar,revisar,"'V-ASP-2P' é passiva, mas a tradução não explicita claramente a passiva: 'sejais considerados dignos'.","Confirmar se a glossa pretende particípio, adjetivo verbal ou construção passiva completa."
καταφθαρήσονται,2704,V-FIP-3P,Verbo - Futuro Indicativo Passiva - 3ª Pessoa Plural,serão corrompidos,"eles(as) serão corrompidos, serão destruídos, serão arruinados",passiva_a_confirmar,revisar,"'V-FIP-3P' é passiva, mas a tradução não explicita claramente a passiva: 'serão corrompidos'.","Confirmar se a glossa pretende particípio, adjetivo verbal ou construção passiva completa."
κατηραμένοι,2672,V-RPP-NMP,Verbo - Perfeito Particípio Passiva - Nominativo Masculino Plural,sendo amaldiçoados,sendo amaldiçoados,passiva_a_confirmar,revisar,"'V-RPP-NMP' é passiva, mas a tradução não explicita claramente a passiva: 'sendo amaldiçoados'.","Confirmar se a glossa pretende particípio, adjetivo verbal ou construção passiva completa."
κατηργήθημεν,2673,V-AIP-1P,Verbo - Aoristo Indicativo Passiva - 1ª Pessoa Plural,fomos liberados,"nós fomos abolidos, fomos anulados, fomos tornados ineficazes, fomos postos fim",passiva_a_confirmar,revisar,"'V-AIP-1P' é passiva, mas a tradução não explicita claramente a passiva: 'fomos liberados'.","Confirmar se a glossa pretende particípio, adjetivo verbal ou construção passiva completa."
ὀνειδιζόμεθα,3679,V-PIP-1P,Verbo - Presente Indicativo Passiva - 1ª Pessoa Plural,somos censurados,"nós somos censurado, somos insultado, somos insultado ou repreender.",passiva_a_confirmar,revisar,"'V-PIP-1P' é passiva, mas a tradução não explicita claramente a passiva: 'somos censurados'.","Confirmar se a glossa pretende particípio, adjetivo verbal ou construção passiva completa."
παραβουλευσάμενος,3851,V-AMP-NMS,Verbo - Aoristo Particípio Média - Nominativo Masculino Singular,tendo se consultado,"tendo se consultado, tendo se deliberado, tendo se aconselhado",passiva_a_confirmar,revisar,"'V-AMP-NMS' é passiva, mas a tradução não explicita claramente a passiva: 'tendo se consultado'.","Confirmar se a glossa pretende particípio, adjetivo verbal ou construção passiva completa."
παραρρυῶμεν,3901,V-ASP-1P,Verbo - Aoristo Particípio Ativa,se tendo afastado,"se tendo afastado, tendo escapado, tendo fluido",passiva_a_confirmar,revisar,"'V-ASP-1P' é passiva, mas a tradução não explicita claramente a passiva: 'se tendo afastado'.","Confirmar se a glossa pretende particípio, adjetivo verbal ou construção passiva completa."
συγκαλεσάμενος,4779,V-AMP-NMS,Verbo - Aoristo Particípio Média - Nominativo Masculino Singular,tendo se convocado,tendo se convocado,passiva_a_confirmar,revisar,"'V-AMP-NMS' é passiva, mas a tradução não explicita claramente a passiva: 'tendo se convocado'.","Confirmar se a glossa pretende particípio, adjetivo verbal ou construção passiva completa."
συμβιβασθέντων,4822,V-APP-GMP,Verbo - Aoristo Particípio Passiva - Genitivo Masculino Plural,tendo sido unidos,"tendo sido unidos, tendo sido reunidos, tendo sido instruídos, tendo sido provados",passiva_a_confirmar,revisar,"'V-APP-GMP' é passiva, mas a tradução não explicita claramente a passiva: 'tendo sido unidos'.","Confirmar se a glossa pretende particípio, adjetivo verbal ou construção passiva completa."
συνάγω,4863,V-APP-GMP,Verbo - Aoristo Particípio Passiva - Genitivo Masculino Plural,tendo sido reunidos,tendo sido reunidos,passiva_a_confirmar,revisar,"'V-APP-GMP' é passiva, mas a tradução não explicita claramente a passiva: 'tendo sido reunidos'.","Confirmar se a glossa pretende particípio, adjetivo verbal ou construção passiva completa."
συνδοξασθῶμεν,4888,V-ASP-1P,Verbo - Aoristo Subjuntivo Passiva - 1ª Pessoa Plural,sejamos glorificados juntos,"nós sejamos glorificado juntos, sejamos compartilhado a glória",passiva_a_confirmar,revisar,"'V-ASP-1P' é passiva, mas a tradução não explicita claramente a passiva: 'sejamos glorificados juntos'.","Confirmar se a glossa pretende particípio, adjetivo verbal ou construção passiva completa."
φανερωθέντες,5319,V-APP-NMP,Verbo - Aoristo Particípio Passiva - Nominativo Masculino Plural,tendo sido manifestos,"tendo sido tornados manifestos, tendo sido revelados, tendo sido dados a conhecer, tendo sido mostrados abertamente.",passiva_a_confirmar,revisar,"'V-APP-NMP' é passiva, mas a tradução não explicita claramente a passiva: 'tendo sido manifestos'.","Confirmar se a glossa pretende particípio, adjetivo verbal ou construção passiva completa."
φιλοτιμούμενον,5389,V-PNP-AMS,Verbo - Presente Infinitivo Passiva,esforçar-se seriamente,"esforçar-se seriamente, aspirar, ser ambicioso",passiva_a_confirmar,revisar,"'V-PNP-AMS' é passiva, mas a tradução não explicita claramente a passiva: 'esforçar-se seriamente'.","Confirmar se a glossa pretende particípio, adjetivo verbal ou construção passiva completa."
ᾠκοδομήθη,3618,V-AIP-3S,Verbo - Aoristo Indicativo Passiva - 3ª Pessoa Singular,foi construído,"ele(a) foi construído, foi edificado",passiva_a_confirmar,revisar,"'V-AIP-3S' é passiva, mas a tradução não explicita claramente a passiva: 'foi construído'.","Confirmar se a glossa pretende particípio, adjetivo verbal ou construção passiva completa."
ὡμοιώθημεν,3666,V-AIP-1P,Verbo - Aoristo Indicativo Passiva - 1ª Pessoa Plural,fomos comparados,"nós nos tornamos semelhantes, fomos comparados",passiva_a_confirmar,revisar,"'V-AIP-1P' é passiva, mas a tradução não explicita claramente a passiva: 'fomos comparados'.","Confirmar se a glossa pretende particípio, adjetivo verbal ou construção passiva completa."